dialogue_id,split,excluded_for_evoemo_overlap,emotion,problem,experience_type,turns,supporter_turns,self_disclosure_turns,self_life_lexical_turns,words
esconv_0000,test,False,anxiety,job crisis,Previous Experience,27,14,1,1,407
esconv_0001,test,False,anger,problems with friends,Current Experience,69,34,1,0,831
esconv_0002,train,False,fear,job crisis,Current Experience,37,19,3,0,983
esconv_0003,train,False,depression,ongoing depression,Current Experience,24,12,1,0,320
esconv_0004,train,False,depression,breakup with partner,Current Experience,74,23,3,0,910
esconv_0005,train,False,anxiety,job crisis,Current Experience,25,15,1,0,457
esconv_0006,test,False,anxiety,job crisis,Current Experience,32,16,2,0,449
esconv_0007,train,False,depression,ongoing depression,Current Experience,30,16,1,0,306
esconv_0008,train,False,sadness,problems with friends,Current Experience,18,9,1,0,213
esconv_0009,train,False,disgust,breakup with partner,Current Experience,33,18,0,0,395
esconv_0010,test,False,depression,ongoing depression,Current Experience,26,16,0,0,429
esconv_0011,train,False,sadness,job crisis,Current Experience,33,20,4,0,391
esconv_0012,validation,False,depression,breakup with partner,Current Experience,25,10,1,0,402
esconv_0013,test,True,depression,ongoing depression,Current Experience,24,14,2,0,447
esconv_0014,test,False,anger,problems with friends,Current Experience,24,12,2,0,288
esconv_0015,train,False,depression,job crisis,Current Experience,45,23,3,1,535
esconv_0016,test,False,fear,job crisis,Current Experience,23,11,1,0,377
esconv_0017,validation,False,fear,job crisis,Current Experience,23,11,2,0,294
esconv_0018,test,False,anxiety,ongoing depression,Current Experience,25,10,0,0,277
esconv_0019,train,False,sadness,ongoing depression,Previous Experience,20,10,1,0,196
esconv_0020,train,False,sadness,breakup with partner,Previous Experience,29,14,4,0,318
esconv_0021,train,False,depression,ongoing depression,Current Experience,22,11,2,0,753
esconv_0022,train,False,anger,breakup with partner,Previous Experience,19,9,1,0,590
esconv_0023,train,False,fear,academic pressure,Current Experience,26,13,2,0,423
esconv_0024,train,False,depression,job crisis,Current Experience,22,11,1,0,304
esconv_0025,validation,False,depression,ongoing depression,Current Experience,26,12,0,0,234
esconv_0026,train,False,sadness,breakup with partner,Current Experience,42,20,1,0,659
esconv_0027,validation,True,anxiety,job crisis,Current Experience,23,11,1,0,476
esconv_0028,train,False,sadness,problems with friends,Current Experience,25,12,1,0,282
esconv_0029,train,False,depression,breakup with partner,Current Experience,23,12,0,0,451
esconv_0030,test,False,sadness,ongoing depression,Current Experience,31,12,1,0,580
esconv_0031,validation,False,sadness,breakup with partner,Current Experience,21,9,3,0,465
esconv_0032,train,False,sadness,breakup with partner,Previous Experience,25,12,1,0,454
esconv_0033,train,False,anxiety,problems with friends,Current Experience,28,10,2,0,708
esconv_0034,train,False,anxiety,ongoing depression,Previous Experience,29,13,0,0,280
esconv_0035,train,False,depression,breakup with partner,Current Experience,36,22,5,1,709
esconv_0036,train,False,depression,breakup with partner,Current Experience,49,18,4,0,424
esconv_0037,train,False,depression,breakup with partner,Current Experience,34,15,1,0,453
esconv_0038,train,False,fear,academic pressure,Current Experience,40,20,4,2,427
esconv_0039,test,False,sadness,job crisis,Current Experience,27,12,0,0,585
esconv_0040,train,False,sadness,breakup with partner,Previous Experience,66,27,2,0,766
esconv_0041,train,False,anxiety,job crisis,Current Experience,29,14,2,0,572
esconv_0042,test,False,anger,breakup with partner,Current Experience,20,11,0,0,252
esconv_0043,train,False,sadness,job crisis,Current Experience,20,10,1,0,255
esconv_0044,train,False,sadness,breakup with partner,Current Experience,28,15,0,0,507
esconv_0045,train,False,sadness,problems with friends,Previous Experience,26,15,3,1,772
esconv_0046,train,False,anxiety,job crisis,Current Experience,49,28,3,0,470
esconv_0047,train,False,sadness,breakup with partner,Current Experience,28,14,1,0,401
esconv_0048,test,False,anxiety,problems with friends,Previous Experience,24,13,2,0,451
esconv_0049,test,False,anxiety,job crisis,Current Experience,47,20,1,0,385
esconv_0050,test,False,fear,job crisis,Current Experience,34,18,1,0,378
esconv_0051,test,True,sadness,breakup with partner,Current Experience,20,10,0,0,263
esconv_0052,validation,False,anxiety,job crisis,Current Experience,29,17,0,0,262
esconv_0053,validation,False,anxiety,job crisis,Current Experience,48,28,3,0,634
esconv_0054,train,False,anxiety,job crisis,Current Experience,39,18,1,0,513
esconv_0055,train,False,depression,ongoing depression,Current Experience,22,12,1,1,260
esconv_0056,train,False,fear,job crisis,Current Experience,21,11,2,1,213
esconv_0057,train,False,anxiety,job crisis,Current Experience,34,15,1,0,419
esconv_0058,train,False,fear,academic pressure,Previous Experience,23,13,0,2,497
esconv_0059,train,False,anxiety,job crisis,Previous Experience,26,16,0,0,400
esconv_0060,validation,False,depression,ongoing depression,Current Experience,30,12,1,0,361
esconv_0061,train,False,sadness,breakup with partner,Previous Experience,23,12,2,0,431
esconv_0062,test,True,fear,job crisis,Current Experience,33,20,1,1,294
esconv_0063,train,False,anxiety,job crisis,Current Experience,25,11,0,0,257
esconv_0064,train,False,depression,ongoing depression,Current Experience,41,19,2,0,534
esconv_0065,train,False,sadness,ongoing depression,Current Experience,27,14,1,0,334
esconv_0066,train,False,sadness,ongoing depression,Previous Experience,43,18,0,0,581
esconv_0067,train,True,anger,problems with friends,Previous Experience,16,5,1,0,129
esconv_0068,train,False,anger,job crisis,Current Experience,69,28,4,0,572
esconv_0069,validation,False,fear,job crisis,Current Experience,36,21,2,1,340
esconv_0070,train,False,anger,job crisis,Previous Experience,21,12,1,0,679
esconv_0071,train,False,shame,problems with friends,Previous Experience,53,26,0,0,616
esconv_0072,train,False,anxiety,job crisis,Current Experience,33,14,2,0,462
esconv_0073,train,False,depression,ongoing depression,Previous Experience,50,20,0,0,477
esconv_0074,train,False,sadness,breakup with partner,Previous Experience,22,13,1,0,568
esconv_0075,test,True,shame,breakup with partner,Current Experience,30,13,0,0,339
esconv_0076,train,False,anger,problems with friends,Current Experience,35,18,1,0,296
esconv_0077,train,False,depression,ongoing depression,Previous Experience,25,10,0,0,399
esconv_0078,train,False,fear,job crisis,Current Experience,25,13,2,0,358
esconv_0079,validation,False,depression,academic pressure,Previous Experience,24,11,1,0,353
esconv_0080,train,False,fear,academic pressure,Previous Experience,32,16,2,1,535
esconv_0081,train,True,anger,job crisis,Current Experience,38,18,3,0,480
esconv_0082,train,True,sadness,ongoing depression,Current Experience,31,17,2,0,441
esconv_0083,train,False,sadness,breakup with partner,Current Experience,29,15,3,0,318
esconv_0084,train,False,anxiety,breakup with partner,Current Experience,25,14,3,1,478
esconv_0085,train,True,anxiety,academic pressure,Previous Experience,29,17,3,0,847
esconv_0086,validation,True,anxiety,academic pressure,Previous Experience,33,20,5,0,925
esconv_0087,train,False,depression,ongoing depression,Current Experience,42,20,4,0,734
esconv_0088,validation,True,sadness,ongoing depression,Current Experience,25,14,4,0,338
esconv_0089,validation,False,disgust,problems with friends,Current Experience,37,17,1,0,665
esconv_0090,train,False,sadness,ongoing depression,Current Experience,26,14,1,0,543
esconv_0091,train,False,anxiety,academic pressure,Current Experience,26,13,0,0,544
esconv_0092,train,False,depression,breakup with partner,Previous Experience,37,22,4,2,540
esconv_0093,train,False,disgust,breakup with partner,Previous Experience,48,20,1,0,581
esconv_0094,train,False,sadness,breakup with partner,Previous Experience,29,15,0,0,354
esconv_0095,train,False,sadness,ongoing depression,Current Experience,34,18,1,0,488
esconv_0096,test,False,depression,job crisis,Current Experience,25,14,1,0,295
esconv_0097,test,False,depression,ongoing depression,Current Experience,30,16,0,0,491
esconv_0098,train,False,depression,ongoing depression,Previous Experience,33,18,4,0,447
esconv_0099,validation,False,depression,job crisis,Current Experience,23,10,0,1,364
esconv_0100,validation,False,anxiety,breakup with partner,Previous Experience,48,15,3,0,485
esconv_0101,train,False,disgust,ongoing depression,Current Experience,38,15,1,0,485
esconv_0102,train,False,depression,ongoing depression,Current Experience,23,12,1,0,286
esconv_0103,train,False,anxiety,academic pressure,Current Experience,22,10,0,0,240
esconv_0104,validation,False,sadness,job crisis,Previous Experience,54,23,1,0,723
esconv_0105,train,False,sadness,breakup with partner,Current Experience,22,11,1,0,420
esconv_0106,validation,False,anger,problems with friends,Current Experience,21,11,0,0,573
esconv_0107,train,False,sadness,academic pressure,Current Experience,27,15,1,0,432
esconv_0108,train,False,anxiety,job crisis,Current Experience,25,12,1,0,660
esconv_0109,train,False,sadness,job crisis,Previous Experience,27,13,2,1,373
esconv_0110,train,False,depression,job crisis,Current Experience,38,19,0,0,578
esconv_0111,train,False,fear,academic pressure,Current Experience,20,10,1,0,527
esconv_0112,test,False,anxiety,job crisis,Current Experience,33,17,2,0,571
esconv_0113,train,False,anxiety,job crisis,Current Experience,33,18,5,0,603
esconv_0114,train,False,anxiety,ongoing depression,Current Experience,72,22,1,2,901
esconv_0115,validation,False,depression,ongoing depression,Current Experience,29,13,2,0,295
esconv_0116,train,False,anxiety,academic pressure,Previous Experience,21,10,1,0,400
esconv_0117,train,False,depression,ongoing depression,Current Experience,25,12,2,2,477
esconv_0118,train,False,depression,breakup with partner,Current Experience,20,9,1,0,519
esconv_0119,train,True,anxiety,academic pressure,Current Experience,24,13,2,0,561
esconv_0120,train,False,depression,breakup with partner,Current Experience,25,12,0,0,250
esconv_0121,train,False,anxiety,academic pressure,Previous Experience,41,15,0,0,580
esconv_0122,train,False,sadness,ongoing depression,Current Experience,32,11,1,0,771
esconv_0123,validation,False,anxiety,academic pressure,Current Experience,27,12,0,0,449
esconv_0124,train,False,anger,job crisis,Current Experience,30,16,1,0,340
esconv_0125,train,False,disgust,breakup with partner,Previous Experience,40,17,3,0,694
esconv_0126,validation,False,fear,job crisis,Current Experience,26,15,3,0,432
esconv_0127,train,False,anxiety,ongoing depression,Current Experience,34,20,2,2,953
esconv_0128,train,False,shame,problems with friends,Previous Experience,41,15,2,0,772
esconv_0129,train,False,fear,job crisis,Previous Experience,43,12,1,0,553
esconv_0130,train,False,anxiety,job crisis,Current Experience,26,14,1,0,340
esconv_0131,train,False,anxiety,breakup with partner,Previous Experience,31,14,3,0,550
esconv_0132,test,False,disgust,problems with friends,Current Experience,30,13,1,0,525
esconv_0133,train,False,anxiety,academic pressure,Current Experience,23,13,2,1,384
esconv_0134,validation,False,depression,breakup with partner,Previous Experience,73,38,1,0,933
esconv_0135,validation,False,anxiety,job crisis,Current Experience,16,8,1,1,386
esconv_0136,train,False,anxiety,problems with friends,Current Experience,47,25,6,0,647
esconv_0137,train,False,anxiety,academic pressure,Current Experience,26,12,2,0,372
esconv_0138,validation,False,anxiety,job crisis,Previous Experience,29,16,0,1,381
esconv_0139,train,False,anger,ongoing depression,Previous Experience,22,12,2,0,439
esconv_0140,test,True,sadness,breakup with partner,Current Experience,18,12,1,0,327
esconv_0141,train,False,anxiety,ongoing depression,Previous Experience,21,11,1,0,424
esconv_0142,train,False,anxiety,academic pressure,Current Experience,23,12,2,0,434
esconv_0143,train,False,depression,ongoing depression,Current Experience,29,16,1,0,465
esconv_0144,test,False,anger,breakup with partner,Previous Experience,26,13,1,0,494
esconv_0145,test,False,anxiety,ongoing depression,Current Experience,23,11,1,0,429
esconv_0146,train,False,sadness,problems with friends,Previous Experience,23,13,0,0,257
esconv_0147,test,False,anxiety,job crisis,Current Experience,46,19,1,1,679
esconv_0148,train,False,anxiety,job crisis,Previous Experience,48,27,0,0,585
esconv_0149,test,False,sadness,breakup with partner,Previous Experience,40,20,1,0,481
esconv_0150,train,True,depression,ongoing depression,Current Experience,18,9,1,0,594
esconv_0151,train,False,depression,ongoing depression,Current Experience,23,11,0,0,454
esconv_0152,test,False,anger,ongoing depression,Current Experience,28,13,1,0,422
esconv_0153,train,False,depression,ongoing depression,Current Experience,23,11,0,0,559
esconv_0154,train,False,anger,problems with friends,Previous Experience,29,14,0,0,455
esconv_0155,train,False,depression,job crisis,Current Experience,44,23,6,1,604
esconv_0156,train,False,anxiety,academic pressure,Current Experience,25,10,0,0,365
esconv_0157,train,False,anxiety,ongoing depression,Current Experience,24,14,4,0,411
esconv_0158,validation,False,sadness,breakup with partner,Current Experience,51,30,0,0,610
esconv_0159,train,False,sadness,breakup with partner,Current Experience,42,18,0,0,362
esconv_0160,train,False,sadness,job crisis,Current Experience,19,10,2,0,299
esconv_0161,train,False,sadness,problems with friends,Current Experience,36,13,1,0,335
esconv_0162,train,False,anxiety,academic pressure,Current Experience,28,15,0,0,253
esconv_0163,train,False,anxiety,job crisis,Current Experience,30,11,1,1,492
esconv_0164,train,False,depression,academic pressure,Previous Experience,29,13,0,0,561
esconv_0165,validation,False,depression,ongoing depression,Current Experience,32,17,1,0,310
esconv_0166,train,False,depression,breakup with partner,Current Experience,40,18,0,0,332
esconv_0167,train,False,anger,problems with friends,Previous Experience,36,18,0,0,280
esconv_0168,train,False,depression,job crisis,Current Experience,41,19,0,0,207
esconv_0169,train,False,anger,job crisis,Current Experience,21,11,0,0,455
esconv_0170,train,False,anxiety,academic pressure,Current Experience,20,10,1,0,329
esconv_0171,train,False,anger,problems with friends,Previous Experience,73,21,0,0,857
esconv_0172,train,False,depression,ongoing depression,Previous Experience,32,16,0,0,192
esconv_0173,train,False,disgust,breakup with partner,Current Experience,27,15,3,0,604
esconv_0174,train,False,sadness,problems with friends,Current Experience,24,11,0,0,252
esconv_0175,train,False,depression,ongoing depression,Current Experience,50,20,5,0,665
esconv_0176,train,False,sadness,problems with friends,Current Experience,30,14,0,0,819
esconv_0177,train,False,anger,problems with friends,Current Experience,34,18,2,0,495
esconv_0178,train,False,fear,problems with friends,Previous Experience,27,14,0,0,365
esconv_0179,train,False,anger,breakup with partner,Current Experience,28,13,0,0,373
esconv_0180,validation,False,sadness,problems with friends,Current Experience,26,15,3,0,555
esconv_0181,train,False,sadness,ongoing depression,Current Experience,30,16,1,0,601
esconv_0182,test,False,anger,job crisis,Current Experience,28,15,0,0,420
esconv_0183,train,False,depression,breakup with partner,Current Experience,27,15,0,0,575
esconv_0184,train,False,depression,job crisis,Current Experience,36,17,1,0,389
esconv_0185,train,False,sadness,problems with friends,Current Experience,33,14,0,0,624
esconv_0186,train,False,depression,ongoing depression,Previous Experience,33,16,0,0,441
esconv_0187,train,False,fear,job crisis,Current Experience,27,10,0,0,649
esconv_0188,train,False,anxiety,breakup with partner,Current Experience,50,25,4,2,943
esconv_0189,train,False,anxiety,problems with friends,Current Experience,29,10,1,0,345
esconv_0190,test,False,anger,ongoing depression,Current Experience,29,12,1,0,578
esconv_0191,train,False,anger,problems with friends,Current Experience,29,16,0,0,490
esconv_0192,test,False,anxiety,job crisis,Previous Experience,27,14,2,0,455
esconv_0193,train,False,sadness,ongoing depression,Current Experience,26,15,2,0,482
esconv_0194,test,False,anxiety,job crisis,Current Experience,27,13,2,0,248
esconv_0195,train,False,sadness,ongoing depression,Current Experience,60,21,2,0,895
esconv_0196,train,False,fear,job crisis,Current Experience,62,34,1,0,438
esconv_0197,train,False,anger,problems with friends,Current Experience,43,19,0,0,665
esconv_0198,train,False,shame,academic pressure,Current Experience,46,19,3,0,592
esconv_0199,test,False,fear,academic pressure,Previous Experience,29,19,3,0,305
esconv_0200,train,False,sadness,ongoing depression,Current Experience,43,17,2,0,398
esconv_0201,test,False,depression,ongoing depression,Current Experience,31,15,2,0,627
esconv_0202,validation,False,sadness,breakup with partner,Previous Experience,61,27,2,1,881
esconv_0203,train,False,anxiety,job crisis,Current Experience,34,17,2,0,549
esconv_0204,train,False,anxiety,ongoing depression,Current Experience,27,8,0,0,408
esconv_0205,train,False,fear,ongoing depression,Current Experience,23,11,1,0,320
esconv_0206,train,False,anxiety,breakup with partner,Current Experience,23,13,0,0,404
esconv_0207,train,True,anxiety,academic pressure,Previous Experience,30,15,2,0,267
esconv_0208,validation,False,sadness,ongoing depression,Current Experience,28,15,2,0,534
esconv_0209,validation,False,depression,job crisis,Previous Experience,23,13,3,0,687
esconv_0210,train,False,fear,job crisis,Current Experience,30,17,1,0,461
esconv_0211,test,False,shame,academic pressure,Current Experience,21,10,1,0,353
esconv_0212,validation,False,sadness,breakup with partner,Current Experience,18,7,1,0,238
esconv_0213,test,False,sadness,ongoing depression,Current Experience,27,11,1,0,228
esconv_0214,train,False,fear,job crisis,Current Experience,21,10,2,0,445
esconv_0215,train,True,anxiety,academic pressure,Previous Experience,44,22,2,1,593
esconv_0216,train,False,disgust,ongoing depression,Previous Experience,34,11,0,0,361
esconv_0217,test,False,depression,job crisis,Previous Experience,32,15,1,0,439
esconv_0218,train,False,anxiety,ongoing depression,Current Experience,44,14,2,0,544
esconv_0219,train,False,depression,ongoing depression,Current Experience,23,12,2,0,594
esconv_0220,train,False,sadness,problems with friends,Current Experience,22,11,0,0,466
esconv_0221,validation,False,depression,problems with friends,Current Experience,20,10,2,0,442
esconv_0222,train,False,shame,job crisis,Current Experience,48,20,3,0,837
esconv_0223,train,False,anger,job crisis,Previous Experience,19,9,2,0,441
esconv_0224,train,False,anger,job crisis,Previous Experience,41,22,3,0,1072
esconv_0225,train,False,anxiety,academic pressure,Current Experience,23,12,1,0,460
esconv_0226,train,False,disgust,problems with friends,Current Experience,22,11,1,0,670
esconv_0227,test,False,sadness,job crisis,Current Experience,33,16,1,0,388
esconv_0228,validation,True,anxiety,breakup with partner,Previous Experience,25,14,2,1,459
esconv_0229,test,False,sadness,ongoing depression,Current Experience,25,14,1,0,401
esconv_0230,train,False,depression,ongoing depression,Previous Experience,22,12,1,1,354
esconv_0231,validation,False,fear,job crisis,Current Experience,23,11,0,0,453
esconv_0232,train,False,anger,academic pressure,Current Experience,23,10,1,0,444
esconv_0233,train,False,anxiety,academic pressure,Current Experience,33,16,1,0,466
esconv_0234,train,False,depression,ongoing depression,Current Experience,21,11,0,0,292
esconv_0235,train,False,sadness,problems with friends,Current Experience,26,15,0,0,477
esconv_0236,train,False,anxiety,job crisis,Current Experience,25,13,1,0,493
esconv_0237,train,False,fear,breakup with partner,Current Experience,27,13,2,0,598
esconv_0238,train,False,sadness,problems with friends,Previous Experience,26,14,1,0,656
esconv_0239,test,False,depression,ongoing depression,Current Experience,47,14,3,1,541
esconv_0240,train,False,depression,ongoing depression,Current Experience,28,15,2,0,320
esconv_0241,train,False,sadness,ongoing depression,Current Experience,29,16,2,0,431
esconv_0242,train,True,disgust,problems with friends,Current Experience,43,19,2,1,789
esconv_0243,train,False,sadness,ongoing depression,Current Experience,23,11,1,0,476
esconv_0244,train,False,sadness,ongoing depression,Current Experience,31,16,1,0,506
esconv_0245,train,True,sadness,breakup with partner,Current Experience,37,21,0,0,582
esconv_0246,train,False,sadness,ongoing depression,Previous Experience,20,10,0,0,353
esconv_0247,train,False,anger,job crisis,Current Experience,24,12,0,0,444
esconv_0248,train,False,anxiety,breakup with partner,Previous Experience,42,19,0,0,822
esconv_0249,test,False,anger,job crisis,Current Experience,50,29,1,0,694
esconv_0250,train,False,anxiety,job crisis,Current Experience,41,14,0,0,707
esconv_0251,train,False,depression,ongoing depression,Current Experience,27,10,0,0,407
esconv_0252,train,False,anxiety,academic pressure,Current Experience,43,19,0,0,399
esconv_0253,test,False,sadness,academic pressure,Previous Experience,33,18,1,1,375
esconv_0254,train,False,sadness,breakup with partner,Current Experience,50,25,0,0,374
esconv_0255,train,False,sadness,job crisis,Current Experience,29,15,0,0,264
esconv_0256,validation,False,sadness,problems with friends,Current Experience,31,12,1,0,371
esconv_0257,test,False,anger,problems with friends,Previous Experience,28,13,1,0,573
esconv_0258,train,False,anger,job crisis,Current Experience,26,13,1,0,748
esconv_0259,train,False,depression,breakup with partner,Current Experience,54,25,1,0,590
esconv_0260,test,False,anxiety,job crisis,Current Experience,38,19,1,0,424
esconv_0261,test,False,depression,ongoing depression,Current Experience,30,16,1,0,440
esconv_0262,train,False,fear,job crisis,Current Experience,30,14,1,1,494
esconv_0263,train,False,sadness,breakup with partner,Current Experience,50,23,1,1,509
esconv_0264,train,False,anxiety,academic pressure,Current Experience,24,11,1,0,343
esconv_0265,train,False,sadness,job crisis,Current Experience,32,11,1,0,279
esconv_0266,test,False,sadness,breakup with partner,Current Experience,31,13,1,0,517
esconv_0267,train,False,anger,ongoing depression,Previous Experience,29,11,0,0,922
esconv_0268,train,False,depression,problems with friends,Current Experience,27,9,0,0,273
esconv_0269,test,False,fear,ongoing depression,Current Experience,31,12,1,0,288
esconv_0270,train,False,disgust,problems with friends,Previous Experience,38,14,1,0,379
esconv_0271,train,False,fear,job crisis,Current Experience,40,17,2,0,437
esconv_0272,train,False,anxiety,ongoing depression,Current Experience,29,17,6,0,196
esconv_0273,train,False,anxiety,breakup with partner,Current Experience,26,13,2,0,383
esconv_0274,train,False,shame,academic pressure,Previous Experience,19,7,0,0,223
esconv_0275,train,False,fear,ongoing depression,Current Experience,28,12,0,0,310
esconv_0276,train,False,depression,job crisis,Current Experience,41,22,3,0,431
esconv_0277,test,False,anger,problems with friends,Previous Experience,25,14,1,0,434
esconv_0278,train,False,anxiety,problems with friends,Current Experience,26,15,1,0,366
esconv_0279,train,False,fear,academic pressure,Current Experience,21,10,2,0,286
esconv_0280,train,False,depression,ongoing depression,Current Experience,25,14,3,0,374
esconv_0281,train,False,anger,academic pressure,Current Experience,23,11,1,1,388
esconv_0282,train,False,fear,job crisis,Previous Experience,40,22,3,0,643
esconv_0283,train,False,anxiety,job crisis,Current Experience,26,13,2,0,361
esconv_0284,train,False,depression,ongoing depression,Current Experience,18,9,0,0,349
esconv_0285,test,False,sadness,problems with friends,Current Experience,21,10,0,0,309
esconv_0286,train,False,anxiety,ongoing depression,Current Experience,27,16,3,1,714
esconv_0287,train,False,sadness,breakup with partner,Current Experience,29,16,2,0,538
esconv_0288,validation,False,anxiety,academic pressure,Current Experience,30,17,1,0,365
esconv_0289,train,False,fear,job crisis,Current Experience,33,17,1,0,496
esconv_0290,train,False,sadness,problems with friends,Current Experience,28,17,1,0,372
esconv_0291,validation,False,disgust,academic pressure,Current Experience,31,15,1,0,398
esconv_0292,train,False,depression,breakup with partner,Previous Experience,34,18,0,0,430
esconv_0293,validation,False,sadness,ongoing depression,Current Experience,120,53,4,0,1898
esconv_0294,train,False,anxiety,job crisis,Current Experience,17,8,1,0,330
esconv_0295,train,False,anxiety,job crisis,Current Experience,27,15,2,1,380
esconv_0296,train,False,shame,ongoing depression,Current Experience,42,20,0,0,370
esconv_0297,test,False,anxiety,breakup with partner,Previous Experience,23,13,0,0,390
esconv_0298,train,False,sadness,problems with friends,Current Experience,50,27,2,0,549
esconv_0299,train,False,depression,problems with friends,Current Experience,28,15,5,0,367
esconv_0300,train,False,anxiety,job crisis,Current Experience,34,16,3,1,582
esconv_0301,validation,False,shame,problems with friends,Current Experience,31,13,1,0,336
esconv_0302,train,False,anxiety,breakup with partner,Current Experience,31,17,0,0,536
esconv_0303,validation,False,anxiety,academic pressure,Current Experience,37,15,1,2,715
esconv_0304,train,False,anxiety,job crisis,Current Experience,28,13,2,0,480
esconv_0305,train,False,sadness,ongoing depression,Current Experience,21,10,1,1,318
esconv_0306,test,False,anxiety,academic pressure,Previous Experience,26,14,1,1,472
esconv_0307,test,False,depression,breakup with partner,Current Experience,26,14,1,0,468
esconv_0308,train,False,sadness,academic pressure,Current Experience,36,18,4,2,532
esconv_0309,test,False,anxiety,job crisis,Current Experience,20,10,2,0,262
esconv_0310,train,False,shame,ongoing depression,Current Experience,25,13,1,0,386
esconv_0311,train,False,depression,breakup with partner,Previous Experience,41,21,0,0,432
esconv_0312,train,False,sadness,academic pressure,Current Experience,18,10,1,0,273
esconv_0313,train,False,anxiety,job crisis,Current Experience,18,10,2,0,262
esconv_0314,validation,False,fear,ongoing depression,Current Experience,24,11,0,0,617
esconv_0315,train,False,disgust,breakup with partner,Current Experience,44,22,3,0,598
esconv_0316,train,False,depression,breakup with partner,Current Experience,37,18,3,0,775
esconv_0317,train,False,depression,job crisis,Current Experience,30,19,3,0,934
esconv_0318,train,False,sadness,job crisis,Current Experience,23,12,0,0,700
esconv_0319,test,False,sadness,academic pressure,Current Experience,34,17,2,0,385
esconv_0320,train,False,anxiety,ongoing depression,Current Experience,43,21,1,0,491
esconv_0321,train,False,anxiety,academic pressure,Current Experience,30,16,0,1,446
esconv_0322,train,False,depression,problems with friends,Current Experience,23,12,0,0,374
esconv_0323,validation,False,depression,ongoing depression,Current Experience,25,13,1,0,561
esconv_0324,validation,False,fear,job crisis,Current Experience,25,12,3,0,566
esconv_0325,train,False,depression,ongoing depression,Current Experience,29,16,3,0,516
esconv_0326,train,True,anxiety,ongoing depression,Current Experience,16,6,0,0,213
esconv_0327,test,False,depression,job crisis,Current Experience,34,16,3,0,557
esconv_0328,train,False,depression,breakup with partner,Current Experience,23,11,0,0,580
esconv_0329,test,False,sadness,job crisis,Current Experience,37,22,4,0,459
esconv_0330,test,False,depression,ongoing depression,Previous Experience,48,25,4,0,364
esconv_0331,validation,False,sadness,job crisis,Current Experience,27,13,4,1,538
esconv_0332,train,False,fear,job crisis,Current Experience,27,13,1,1,457
esconv_0333,train,False,sadness,ongoing depression,Current Experience,27,14,2,2,485
esconv_0334,train,False,depression,academic pressure,Current Experience,24,10,1,0,484
esconv_0335,validation,False,sadness,ongoing depression,Current Experience,24,13,4,0,721
esconv_0336,validation,False,fear,job crisis,Current Experience,23,13,2,1,316
esconv_0337,train,False,anxiety,problems with friends,Current Experience,32,17,3,0,533
esconv_0338,train,False,anxiety,ongoing depression,Current Experience,26,15,2,1,616
esconv_0339,validation,False,anxiety,ongoing depression,Previous Experience,40,19,2,0,396
esconv_0340,train,False,fear,problems with friends,Current Experience,34,16,1,0,389
esconv_0341,train,False,anger,job crisis,Current Experience,22,10,0,0,378
esconv_0342,train,False,anger,job crisis,Current Experience,27,13,1,0,434
esconv_0343,train,False,depression,ongoing depression,Current Experience,33,20,1,0,402
esconv_0344,train,False,anxiety,ongoing depression,Current Experience,33,16,0,0,510
esconv_0345,validation,False,sadness,ongoing depression,Current Experience,38,20,3,0,732
esconv_0346,train,False,depression,ongoing depression,Current Experience,30,14,1,0,620
esconv_0347,validation,False,depression,ongoing depression,Current Experience,29,16,2,0,761
esconv_0348,validation,False,sadness,breakup with partner,Previous Experience,51,22,3,0,811
esconv_0349,train,False,depression,ongoing depression,Current Experience,25,9,2,0,367
esconv_0350,train,False,sadness,breakup with partner,Current Experience,38,17,3,1,832
esconv_0351,train,False,sadness,ongoing depression,Current Experience,30,16,4,2,1171
esconv_0352,train,False,depression,breakup with partner,Current Experience,25,10,1,0,336
esconv_0353,train,False,depression,breakup with partner,Current Experience,42,16,1,0,445
esconv_0354,test,False,shame,job crisis,Current Experience,41,18,3,0,599
esconv_0355,train,False,fear,breakup with partner,Previous Experience,24,12,0,0,612
esconv_0356,validation,False,disgust,problems with friends,Current Experience,35,12,0,0,285
esconv_0357,train,False,depression,ongoing depression,Current Experience,23,12,1,0,511
esconv_0358,train,False,anxiety,academic pressure,Current Experience,21,10,2,0,492
esconv_0359,train,False,sadness,breakup with partner,Previous Experience,20,10,0,0,473
esconv_0360,validation,False,depression,ongoing depression,Previous Experience,58,30,0,0,784
esconv_0361,train,False,sadness,ongoing depression,Current Experience,31,12,1,0,389
esconv_0362,train,False,sadness,breakup with partner,Previous Experience,25,14,1,0,473
esconv_0363,test,False,anger,job crisis,Current Experience,26,13,0,0,590
esconv_0364,test,False,depression,breakup with partner,Current Experience,24,12,0,0,316
esconv_0365,train,False,anxiety,job crisis,Previous Experience,24,13,1,1,441
esconv_0366,train,False,anxiety,academic pressure,Current Experience,42,19,5,0,647
esconv_0367,train,False,sadness,job crisis,Current Experience,20,9,3,0,295
esconv_0368,train,False,anxiety,job crisis,Current Experience,42,20,2,0,628
esconv_0369,train,False,sadness,job crisis,Current Experience,29,14,1,1,366
esconv_0370,train,False,fear,breakup with partner,Current Experience,27,15,1,0,444
esconv_0371,validation,True,depression,job crisis,Current Experience,33,17,2,2,467
esconv_0372,validation,False,anxiety,job crisis,Current Experience,24,12,0,0,557
esconv_0373,validation,False,anxiety,job crisis,Current Experience,24,13,0,0,582
esconv_0374,test,False,fear,job crisis,Current Experience,26,14,0,0,460
esconv_0375,train,False,anger,problems with friends,Current Experience,23,11,0,0,355
esconv_0376,train,False,anxiety,ongoing depression,Current Experience,45,19,2,1,571
esconv_0377,train,False,depression,breakup with partner,Current Experience,30,13,1,0,441
esconv_0378,test,False,depression,job crisis,Current Experience,57,29,2,0,507
esconv_0379,test,False,anxiety,job crisis,Current Experience,21,11,0,0,423
esconv_0380,train,False,sadness,problems with friends,Current Experience,30,14,2,0,487
esconv_0381,train,False,depression,breakup with partner,Current Experience,37,15,1,0,525
esconv_0382,validation,False,sadness,academic pressure,Current Experience,45,21,2,0,464
esconv_0383,train,False,depression,ongoing depression,Current Experience,22,12,1,0,431
esconv_0384,train,False,anger,academic pressure,Current Experience,32,16,0,0,329
esconv_0385,train,False,depression,problems with friends,Current Experience,23,11,1,0,386
esconv_0386,validation,False,shame,job crisis,Current Experience,32,13,1,0,453
esconv_0387,train,False,anxiety,problems with friends,Current Experience,23,12,0,0,508
esconv_0388,train,False,depression,ongoing depression,Current Experience,41,21,3,0,628
esconv_0389,train,False,fear,problems with friends,Current Experience,33,14,1,0,446
esconv_0390,train,False,sadness,ongoing depression,Current Experience,24,10,0,0,245
esconv_0391,test,False,anxiety,ongoing depression,Current Experience,21,10,0,0,406
esconv_0392,train,False,sadness,breakup with partner,Current Experience,32,15,0,0,256
esconv_0393,train,False,depression,breakup with partner,Current Experience,46,23,1,0,554
esconv_0394,train,False,depression,breakup with partner,Current Experience,37,21,1,0,608
esconv_0395,train,False,sadness,job crisis,Current Experience,25,11,0,0,154
esconv_0396,validation,False,fear,academic pressure,Current Experience,32,16,0,0,291
esconv_0397,test,False,sadness,breakup with partner,Current Experience,27,15,2,0,221
esconv_0398,train,False,anxiety,academic pressure,Current Experience,29,14,1,1,498
esconv_0399,train,False,anxiety,problems with friends,Current Experience,24,13,0,0,443
esconv_0400,train,False,depression,ongoing depression,Current Experience,43,17,0,0,340
esconv_0401,train,False,sadness,problems with friends,Previous Experience,22,14,0,0,215
esconv_0402,test,False,anxiety,academic pressure,Previous Experience,24,12,1,0,398
esconv_0403,train,False,sadness,job crisis,Previous Experience,26,14,0,0,343
esconv_0404,train,False,anger,problems with friends,Current Experience,38,17,1,0,515
esconv_0405,validation,False,sadness,problems with friends,Previous Experience,21,10,2,0,445
esconv_0406,test,False,anger,job crisis,Current Experience,24,14,2,1,569
esconv_0407,train,False,sadness,problems with friends,Current Experience,40,18,2,0,689
esconv_0408,train,False,sadness,breakup with partner,Current Experience,45,17,3,0,715
esconv_0409,validation,False,depression,breakup with partner,Current Experience,34,16,1,0,515
esconv_0410,train,True,sadness,ongoing depression,Current Experience,30,16,6,2,738
esconv_0411,train,False,anxiety,job crisis,Current Experience,26,15,2,0,430
esconv_0412,train,False,depression,ongoing depression,Previous Experience,36,13,1,0,314
esconv_0413,validation,False,sadness,problems with friends,Current Experience,34,18,1,0,723
esconv_0414,validation,False,depression,breakup with partner,Current Experience,28,10,0,0,386
esconv_0415,train,False,anxiety,job crisis,Current Experience,34,16,2,0,479
esconv_0416,train,False,fear,academic pressure,Current Experience,29,15,1,1,509
esconv_0417,train,False,anxiety,job crisis,Previous Experience,37,17,3,0,601
esconv_0418,train,False,anxiety,job crisis,Current Experience,30,16,3,0,585
esconv_0419,test,False,depression,problems with friends,Previous Experience,23,12,3,0,228
esconv_0420,test,False,anxiety,ongoing depression,Previous Experience,32,12,2,0,408
esconv_0421,test,False,anxiety,ongoing depression,Previous Experience,20,9,2,1,225
esconv_0422,train,False,sadness,ongoing depression,Previous Experience,31,18,1,0,525
esconv_0423,train,False,disgust,ongoing depression,Current Experience,31,14,1,0,308
esconv_0424,test,False,depression,ongoing depression,Current Experience,29,14,1,1,487
esconv_0425,train,False,anxiety,job crisis,Current Experience,26,12,2,1,417
esconv_0426,train,False,sadness,job crisis,Current Experience,20,10,1,0,471
esconv_0427,train,True,anxiety,academic pressure,Current Experience,25,13,1,0,271
esconv_0428,train,False,fear,academic pressure,Current Experience,18,9,1,0,251
esconv_0429,test,False,anxiety,breakup with partner,Current Experience,22,11,2,0,183
esconv_0430,train,False,sadness,breakup with partner,Previous Experience,23,14,2,0,535
esconv_0431,train,False,sadness,ongoing depression,Current Experience,29,12,0,0,364
esconv_0432,train,False,sadness,ongoing depression,Current Experience,39,14,1,1,828
esconv_0433,train,False,sadness,problems with friends,Previous Experience,25,13,1,0,347
esconv_0434,train,False,depression,ongoing depression,Current Experience,20,10,0,1,422
esconv_0435,train,False,anxiety,job crisis,Previous Experience,23,13,1,0,427
esconv_0436,train,False,depression,breakup with partner,Current Experience,43,18,3,0,571
esconv_0437,train,False,fear,job crisis,Previous Experience,33,17,3,0,418
esconv_0438,validation,False,sadness,problems with friends,Previous Experience,44,21,0,0,344
esconv_0439,test,False,anxiety,job crisis,Current Experience,40,19,2,1,653
esconv_0440,train,False,depression,ongoing depression,Previous Experience,23,11,1,0,831
esconv_0441,train,False,sadness,breakup with partner,Current Experience,33,17,1,0,868
esconv_0442,validation,False,sadness,breakup with partner,Current Experience,29,13,0,0,697
esconv_0443,test,False,anxiety,ongoing depression,Current Experience,42,18,2,1,774
esconv_0444,validation,False,anxiety,academic pressure,Current Experience,18,10,2,0,269
esconv_0445,train,False,depression,ongoing depression,Current Experience,21,11,1,0,460
esconv_0446,train,False,sadness,breakup with partner,Current Experience,28,15,4,1,486
esconv_0447,train,False,shame,academic pressure,Current Experience,34,17,1,0,564
esconv_0448,test,False,anxiety,job crisis,Current Experience,25,13,1,0,516
esconv_0449,train,False,anger,breakup with partner,Previous Experience,62,30,3,0,806
esconv_0450,train,False,anxiety,ongoing depression,Current Experience,23,11,1,0,251
esconv_0451,train,False,anger,problems with friends,Previous Experience,26,13,1,0,748
esconv_0452,train,False,anxiety,academic pressure,Previous Experience,24,10,0,0,414
esconv_0453,train,False,anxiety,academic pressure,Previous Experience,38,18,4,0,674
esconv_0454,train,False,anger,problems with friends,Current Experience,34,12,2,1,395
esconv_0455,train,False,sadness,breakup with partner,Current Experience,29,17,1,1,559
esconv_0456,train,False,anxiety,academic pressure,Previous Experience,23,12,1,0,450
esconv_0457,test,False,anxiety,ongoing depression,Current Experience,23,12,2,0,460
esconv_0458,validation,False,depression,ongoing depression,Current Experience,27,13,3,0,383
esconv_0459,test,False,sadness,problems with friends,Current Experience,33,17,1,0,763
esconv_0460,train,False,anxiety,problems with friends,Current Experience,24,13,1,0,458
esconv_0461,train,False,sadness,breakup with partner,Current Experience,22,11,1,0,364
esconv_0462,train,False,anxiety,problems with friends,Current Experience,24,11,0,0,414
esconv_0463,train,False,anger,job crisis,Current Experience,23,11,0,0,370
esconv_0464,train,False,depression,breakup with partner,Current Experience,26,13,2,0,371
esconv_0465,train,False,fear,job crisis,Current Experience,22,12,1,0,269
esconv_0466,validation,False,sadness,job crisis,Current Experience,20,10,1,0,820
esconv_0467,train,False,depression,problems with friends,Current Experience,24,13,5,2,716
esconv_0468,train,False,sadness,breakup with partner,Previous Experience,29,15,4,2,764
esconv_0469,train,False,anger,job crisis,Current Experience,24,12,0,0,428
esconv_0470,train,False,anger,breakup with partner,Previous Experience,53,23,2,0,849
esconv_0471,validation,True,sadness,problems with friends,Previous Experience,28,13,2,1,362
esconv_0472,train,False,depression,ongoing depression,Current Experience,21,10,3,1,287
esconv_0473,train,False,sadness,breakup with partner,Previous Experience,48,16,1,0,493
esconv_0474,train,False,fear,job crisis,Current Experience,24,13,0,0,459
esconv_0475,train,False,fear,job crisis,Current Experience,20,10,1,0,369
esconv_0476,train,False,depression,breakup with partner,Current Experience,25,9,0,0,447
esconv_0477,train,False,anxiety,academic pressure,Current Experience,34,15,2,0,356
esconv_0478,train,False,anxiety,ongoing depression,Current Experience,23,11,4,0,454
esconv_0479,train,False,depression,breakup with partner,Previous Experience,21,11,0,0,481
esconv_0480,train,False,sadness,job crisis,Current Experience,32,16,3,1,292
esconv_0481,train,False,depression,ongoing depression,Current Experience,38,16,2,0,507
esconv_0482,train,False,fear,job crisis,Current Experience,21,10,0,0,226
esconv_0483,train,False,depression,breakup with partner,Previous Experience,34,15,2,0,301
esconv_0484,train,False,anxiety,breakup with partner,Current Experience,44,16,2,0,627
esconv_0485,train,False,depression,ongoing depression,Current Experience,33,17,1,0,565
esconv_0486,train,False,disgust,problems with friends,Current Experience,31,13,2,1,515
esconv_0487,train,False,depression,job crisis,Current Experience,30,13,0,0,453
esconv_0488,train,False,depression,ongoing depression,Current Experience,23,12,1,0,286
esconv_0489,train,False,anger,problems with friends,Previous Experience,22,11,0,0,224
esconv_0490,test,False,fear,job crisis,Current Experience,24,13,1,0,447
esconv_0491,train,False,anxiety,academic pressure,Current Experience,20,10,1,0,303
esconv_0492,train,False,anger,problems with friends,Previous Experience,23,11,2,1,395
esconv_0493,train,False,fear,job crisis,Current Experience,20,10,0,0,410
esconv_0494,train,False,depression,job crisis,Current Experience,31,13,1,0,440
esconv_0495,train,False,depression,job crisis,Current Experience,27,11,3,0,346
esconv_0496,train,False,depression,ongoing depression,Previous Experience,34,14,2,0,379
esconv_0497,validation,False,sadness,problems with friends,Current Experience,22,10,1,0,271
esconv_0498,train,False,sadness,breakup with partner,Previous Experience,22,11,2,0,311
esconv_0499,train,False,depression,ongoing depression,Current Experience,22,10,1,1,389
esconv_0500,test,False,depression,ongoing depression,Current Experience,23,13,1,0,292
esconv_0501,train,False,fear,job crisis,Current Experience,28,13,0,0,380
esconv_0502,train,False,anxiety,job crisis,Current Experience,24,12,1,1,328
esconv_0503,train,False,depression,breakup with partner,Current Experience,29,15,1,0,445
esconv_0504,train,False,sadness,ongoing depression,Previous Experience,26,12,2,0,591
esconv_0505,test,False,depression,ongoing depression,Current Experience,22,10,0,0,259
esconv_0506,test,False,anxiety,job crisis,Current Experience,29,13,1,1,424
esconv_0507,train,False,anxiety,job crisis,Current Experience,23,11,2,2,284
esconv_0508,train,True,anxiety,problems with friends,Current Experience,19,9,1,0,508
esconv_0509,test,False,anxiety,job crisis,Current Experience,23,11,3,2,290
esconv_0510,train,False,sadness,breakup with partner,Current Experience,22,10,2,0,280
esconv_0511,test,False,anxiety,academic pressure,Current Experience,56,15,2,1,750
esconv_0512,validation,False,anxiety,job crisis,Previous Experience,21,11,1,0,285
esconv_0513,validation,True,sadness,problems with friends,Current Experience,19,9,2,0,403
esconv_0514,train,False,anxiety,ongoing depression,Previous Experience,22,11,2,0,513
esconv_0515,train,False,anxiety,job crisis,Current Experience,25,14,4,1,336
esconv_0516,validation,False,sadness,breakup with partner,Previous Experience,21,11,4,0,336
esconv_0517,train,False,anxiety,job crisis,Previous Experience,30,15,1,0,419
esconv_0518,train,False,anxiety,job crisis,Previous Experience,24,13,0,0,640
esconv_0519,train,False,shame,breakup with partner,Previous Experience,21,11,1,0,640
esconv_0520,train,False,sadness,ongoing depression,Current Experience,20,9,0,0,176
esconv_0521,train,False,anxiety,ongoing depression,Previous Experience,26,14,1,0,400
esconv_0522,train,False,fear,ongoing depression,Current Experience,27,13,1,0,445
esconv_0523,train,False,fear,ongoing depression,Current Experience,52,26,6,0,740
esconv_0524,train,False,sadness,breakup with partner,Previous Experience,20,10,1,0,208
esconv_0525,train,False,anxiety,ongoing depression,Current Experience,24,14,1,0,665
esconv_0526,train,False,anger,job crisis,Current Experience,29,14,0,0,516
esconv_0527,train,False,depression,ongoing depression,Current Experience,21,10,3,0,310
esconv_0528,train,False,sadness,breakup with partner,Previous Experience,21,10,3,0,267
esconv_0529,train,False,sadness,ongoing depression,Current Experience,18,9,0,0,424
esconv_0530,train,False,sadness,breakup with partner,Current Experience,25,12,1,2,417
esconv_0531,train,False,sadness,ongoing depression,Current Experience,37,14,0,0,559
esconv_0532,train,False,anxiety,job crisis,Current Experience,23,10,2,0,292
esconv_0533,train,False,depression,job crisis,Current Experience,24,12,1,1,383
esconv_0534,train,False,anxiety,job crisis,Current Experience,25,13,2,0,516
esconv_0535,train,False,depression,ongoing depression,Current Experience,21,10,2,0,292
esconv_0536,test,False,depression,ongoing depression,Current Experience,34,18,3,1,688
esconv_0537,train,False,fear,academic pressure,Current Experience,22,11,2,0,557
esconv_0538,train,True,anger,job crisis,Previous Experience,22,12,1,0,581
esconv_0539,train,True,sadness,breakup with partner,Current Experience,26,10,1,1,263
esconv_0540,train,False,depression,breakup with partner,Previous Experience,24,11,1,0,488
esconv_0541,train,False,shame,ongoing depression,Current Experience,21,11,0,1,685
esconv_0542,train,False,anxiety,job crisis,Current Experience,20,10,1,0,472
esconv_0543,validation,False,sadness,ongoing depression,Current Experience,24,12,2,0,548
esconv_0544,train,False,sadness,ongoing depression,Current Experience,20,10,1,1,399
esconv_0545,train,False,depression,job crisis,Current Experience,16,5,0,1,217
esconv_0546,train,False,sadness,problems with friends,Current Experience,28,15,1,0,220
esconv_0547,test,False,anxiety,academic pressure,Current Experience,22,12,2,1,377
esconv_0548,train,True,anxiety,ongoing depression,Current Experience,45,24,2,0,711
esconv_0549,test,False,anxiety,academic pressure,Current Experience,22,10,2,2,569
esconv_0550,train,False,anxiety,academic pressure,Current Experience,20,10,1,0,622
esconv_0551,train,False,anxiety,academic pressure,Current Experience,28,13,3,0,503
esconv_0552,test,True,anxiety,job crisis,Current Experience,26,11,1,0,386
esconv_0553,validation,False,anxiety,academic pressure,Current Experience,23,11,1,1,490
esconv_0554,train,False,anxiety,job crisis,Current Experience,28,11,1,1,643
esconv_0555,validation,False,sadness,breakup with partner,Current Experience,34,18,2,0,235
esconv_0556,train,False,depression,breakup with partner,Current Experience,28,12,1,0,279
esconv_0557,test,False,depression,job crisis,Current Experience,32,16,2,0,637
esconv_0558,train,False,anxiety,ongoing depression,Current Experience,26,13,0,1,367
esconv_0559,train,True,anxiety,job crisis,Current Experience,30,16,1,0,453
esconv_0560,train,False,depression,ongoing depression,Current Experience,25,12,2,0,491
esconv_0561,train,False,anxiety,job crisis,Current Experience,22,12,0,0,449
esconv_0562,test,False,sadness,breakup with partner,Current Experience,21,10,0,0,429
esconv_0563,test,False,anxiety,breakup with partner,Current Experience,37,19,5,0,588
esconv_0564,train,False,anxiety,job crisis,Current Experience,33,16,4,3,896
esconv_0565,train,False,anxiety,ongoing depression,Current Experience,25,9,1,0,276
esconv_0566,validation,False,depression,ongoing depression,Current Experience,29,15,3,0,715
esconv_0567,train,False,fear,ongoing depression,Current Experience,32,17,5,0,753
esconv_0568,train,False,anger,ongoing depression,Current Experience,41,13,2,0,628
esconv_0569,validation,False,depression,ongoing depression,Current Experience,25,15,3,0,865
esconv_0570,train,False,depression,ongoing depression,Previous Experience,21,10,0,0,477
esconv_0571,train,False,anxiety,job crisis,Previous Experience,24,13,1,0,384
esconv_0572,train,False,fear,job crisis,Current Experience,24,13,0,0,203
esconv_0573,train,False,sadness,ongoing depression,Current Experience,37,20,1,1,403
esconv_0574,train,False,anxiety,problems with friends,Previous Experience,42,24,8,4,1338
esconv_0575,train,False,sadness,job crisis,Current Experience,40,12,2,2,429
esconv_0576,train,False,depression,ongoing depression,Current Experience,26,10,0,0,492
esconv_0577,validation,False,sadness,problems with friends,Previous Experience,22,10,2,0,373
esconv_0578,validation,False,sadness,ongoing depression,Current Experience,36,12,0,0,335
esconv_0579,train,False,sadness,problems with friends,Current Experience,57,23,4,2,775
esconv_0580,train,False,sadness,ongoing depression,Current Experience,21,11,3,0,472
esconv_0581,train,False,depression,ongoing depression,Current Experience,36,18,3,1,659
esconv_0582,validation,False,anxiety,ongoing depression,Current Experience,30,14,0,1,696
esconv_0583,train,False,sadness,problems with friends,Current Experience,24,11,3,0,381
esconv_0584,train,False,anxiety,job crisis,Current Experience,20,10,0,0,294
esconv_0585,train,True,shame,problems with friends,Previous Experience,24,10,1,0,260
esconv_0586,validation,False,anxiety,job crisis,Current Experience,21,11,3,0,420
esconv_0587,validation,False,depression,problems with friends,Current Experience,22,10,0,0,415
esconv_0588,train,False,depression,academic pressure,Current Experience,25,11,2,0,316
esconv_0589,validation,False,anger,breakup with partner,Previous Experience,27,13,1,0,453
esconv_0590,validation,False,depression,ongoing depression,Current Experience,22,10,0,0,276
esconv_0591,train,False,anxiety,academic pressure,Current Experience,23,10,0,0,248
esconv_0592,train,False,fear,academic pressure,Previous Experience,26,15,2,0,382
esconv_0593,train,False,sadness,problems with friends,Current Experience,24,13,2,0,580
esconv_0594,train,False,depression,ongoing depression,Current Experience,35,15,0,0,708
esconv_0595,train,False,anxiety,ongoing depression,Current Experience,64,25,1,0,515
esconv_0596,train,False,depression,ongoing depression,Current Experience,31,17,1,0,700
esconv_0597,validation,False,anger,problems with friends,Current Experience,21,10,1,0,300
esconv_0598,validation,False,anxiety,academic pressure,Current Experience,21,10,1,0,266
esconv_0599,train,False,depression,ongoing depression,Current Experience,29,14,0,0,420
esconv_0600,validation,False,sadness,problems with friends,Current Experience,24,12,0,0,261
esconv_0601,test,False,depression,breakup with partner,Current Experience,16,7,0,0,174
esconv_0602,train,False,anxiety,academic pressure,Current Experience,23,11,1,0,457
esconv_0603,train,False,depression,ongoing depression,Current Experience,51,19,2,0,794
esconv_0604,train,False,depression,breakup with partner,Current Experience,35,20,2,0,298
esconv_0605,train,False,anxiety,academic pressure,Current Experience,26,13,0,0,433
esconv_0606,train,False,depression,ongoing depression,Current Experience,27,13,2,0,417
esconv_0607,test,False,anxiety,job crisis,Current Experience,22,11,1,0,498
esconv_0608,train,False,anxiety,job crisis,Current Experience,20,10,1,0,340
esconv_0609,train,False,depression,job crisis,Current Experience,24,13,1,1,542
esconv_0610,validation,False,anger,breakup with partner,Previous Experience,20,10,1,0,499
esconv_0611,validation,True,anxiety,breakup with partner,Previous Experience,26,14,1,0,423
esconv_0612,train,False,anger,breakup with partner,Previous Experience,35,18,1,0,782
esconv_0613,train,False,depression,ongoing depression,Current Experience,23,11,3,0,412
esconv_0614,validation,False,depression,breakup with partner,Current Experience,81,39,4,3,1582
esconv_0615,train,False,anxiety,breakup with partner,Current Experience,27,13,2,0,505
esconv_0616,test,False,anxiety,breakup with partner,Previous Experience,22,11,2,1,404
esconv_0617,train,True,depression,breakup with partner,Previous Experience,24,13,2,0,470
esconv_0618,test,False,fear,job crisis,Current Experience,37,19,0,0,715
esconv_0619,train,False,anger,academic pressure,Current Experience,30,14,1,0,324
esconv_0620,train,False,depression,problems with friends,Current Experience,28,16,1,2,518
esconv_0621,train,False,sadness,breakup with partner,Previous Experience,27,14,1,0,360
esconv_0622,train,False,anxiety,academic pressure,Previous Experience,26,13,3,0,669
esconv_0623,train,False,sadness,ongoing depression,Previous Experience,27,13,2,0,583
esconv_0624,train,False,anxiety,job crisis,Current Experience,21,11,1,0,338
esconv_0625,train,False,anxiety,ongoing depression,Previous Experience,29,17,1,1,758
esconv_0626,train,False,anger,ongoing depression,Current Experience,23,11,1,0,629
esconv_0627,train,False,depression,ongoing depression,Current Experience,26,13,0,1,655
esconv_0628,validation,False,shame,problems with friends,Current Experience,32,14,3,0,704
esconv_0629,train,True,disgust,academic pressure,Previous Experience,23,11,2,1,474
esconv_0630,test,False,anxiety,job crisis,Current Experience,25,12,1,0,521
esconv_0631,train,False,fear,academic pressure,Previous Experience,27,13,1,0,804
esconv_0632,validation,False,depression,job crisis,Previous Experience,25,14,0,0,455
esconv_0633,test,False,sadness,breakup with partner,Previous Experience,37,14,0,0,412
esconv_0634,train,False,sadness,problems with friends,Previous Experience,23,12,1,0,494
esconv_0635,train,False,anxiety,academic pressure,Current Experience,31,15,3,0,377
esconv_0636,train,False,sadness,ongoing depression,Current Experience,22,11,1,0,410
esconv_0637,test,False,anxiety,academic pressure,Current Experience,35,17,1,0,448
esconv_0638,train,False,anxiety,problems with friends,Previous Experience,22,10,0,0,600
esconv_0639,train,False,anxiety,academic pressure,Current Experience,26,14,0,0,464
esconv_0640,train,False,disgust,breakup with partner,Previous Experience,58,24,0,0,527
esconv_0641,validation,False,depression,breakup with partner,Current Experience,29,12,1,0,376
esconv_0642,train,False,depression,breakup with partner,Previous Experience,44,22,2,0,887
esconv_0643,test,False,sadness,breakup with partner,Previous Experience,25,8,1,0,517
esconv_0644,train,False,fear,ongoing depression,Current Experience,23,11,0,0,527
esconv_0645,train,False,sadness,ongoing depression,Current Experience,27,12,0,0,613
esconv_0646,validation,False,shame,breakup with partner,Current Experience,24,13,2,0,865
esconv_0647,train,False,fear,job crisis,Current Experience,28,14,0,0,675
esconv_0648,test,False,depression,ongoing depression,Previous Experience,22,11,2,1,492
esconv_0649,train,False,anxiety,job crisis,Current Experience,22,10,0,1,489
esconv_0650,train,False,depression,ongoing depression,Previous Experience,23,12,2,0,740
esconv_0651,test,False,depression,ongoing depression,Current Experience,34,18,2,0,573
esconv_0652,validation,True,anxiety,job crisis,Current Experience,30,13,2,1,434
esconv_0653,train,False,anxiety,academic pressure,Current Experience,24,13,0,0,280
esconv_0654,train,False,depression,ongoing depression,Previous Experience,20,10,1,0,206
esconv_0655,train,False,anxiety,job crisis,Previous Experience,40,15,1,1,609
esconv_0656,validation,False,disgust,job crisis,Previous Experience,26,15,1,0,328
esconv_0657,train,False,anger,problems with friends,Current Experience,16,8,0,0,471
esconv_0658,test,False,anxiety,academic pressure,Current Experience,20,10,1,0,894
esconv_0659,validation,False,shame,problems with friends,Current Experience,33,19,0,0,356
esconv_0660,train,True,sadness,job crisis,Previous Experience,20,10,1,0,378
esconv_0661,train,False,sadness,breakup with partner,Previous Experience,20,10,1,1,889
esconv_0662,train,False,fear,breakup with partner,Previous Experience,22,10,1,1,446
esconv_0663,train,False,disgust,problems with friends,Current Experience,16,8,0,0,200
esconv_0664,train,False,anxiety,academic pressure,Current Experience,21,10,0,0,407
esconv_0665,train,False,depression,ongoing depression,Current Experience,23,12,0,1,581
esconv_0666,train,False,depression,ongoing depression,Current Experience,27,12,1,0,431
esconv_0667,train,False,anger,academic pressure,Current Experience,32,21,1,0,496
esconv_0668,train,False,depression,ongoing depression,Previous Experience,31,15,0,0,445
esconv_0669,train,False,sadness,breakup with partner,Previous Experience,23,12,1,0,610
esconv_0670,train,False,depression,problems with friends,Previous Experience,23,13,2,1,523
esconv_0671,validation,False,sadness,ongoing depression,Previous Experience,24,13,2,0,422
esconv_0672,train,False,depression,ongoing depression,Current Experience,23,12,2,0,510
esconv_0673,train,False,depression,ongoing depression,Current Experience,21,10,0,0,766
esconv_0674,train,False,fear,problems with friends,Current Experience,30,15,2,0,468
esconv_0675,train,False,sadness,breakup with partner,Previous Experience,21,11,0,1,229
esconv_0676,train,False,anxiety,job crisis,Previous Experience,18,10,2,0,491
esconv_0677,train,False,shame,breakup with partner,Previous Experience,38,20,2,0,410
esconv_0678,train,False,depression,ongoing depression,Current Experience,24,11,2,1,376
esconv_0679,train,False,anger,problems with friends,Previous Experience,24,12,2,0,427
esconv_0680,train,False,sadness,problems with friends,Current Experience,27,14,3,0,420
esconv_0681,test,False,depression,breakup with partner,Current Experience,26,12,1,1,299
esconv_0682,train,True,sadness,job crisis,Previous Experience,21,10,1,0,303
esconv_0683,train,False,anxiety,academic pressure,Previous Experience,23,12,0,0,438
esconv_0684,test,False,depression,job crisis,Current Experience,26,13,1,1,393
esconv_0685,test,False,anxiety,ongoing depression,Current Experience,35,16,3,1,799
esconv_0686,train,False,depression,job crisis,Current Experience,22,12,2,0,338
esconv_0687,train,False,depression,ongoing depression,Previous Experience,30,15,0,0,671
esconv_0688,train,False,depression,ongoing depression,Current Experience,24,10,0,0,343
esconv_0689,test,False,sadness,breakup with partner,Previous Experience,23,12,1,0,594
esconv_0690,test,False,anxiety,ongoing depression,Current Experience,28,12,1,1,372
esconv_0691,train,False,anxiety,job crisis,Current Experience,36,16,1,0,531
esconv_0692,train,False,fear,problems with friends,Current Experience,21,11,1,0,552
esconv_0693,test,False,anxiety,job crisis,Current Experience,37,18,0,0,464
esconv_0694,train,False,anxiety,job crisis,Previous Experience,26,14,2,0,713
esconv_0695,train,False,anxiety,breakup with partner,Current Experience,57,26,0,0,933
esconv_0696,train,False,anxiety,job crisis,Current Experience,30,15,1,0,562
esconv_0697,train,False,disgust,problems with friends,Previous Experience,23,11,1,0,367
esconv_0698,train,False,depression,ongoing depression,Current Experience,43,11,1,0,850
esconv_0699,validation,False,sadness,problems with friends,Current Experience,22,11,1,1,308
esconv_0700,train,False,shame,ongoing depression,Current Experience,19,6,0,0,149
esconv_0701,train,False,anger,problems with friends,Previous Experience,28,14,0,0,435
esconv_0702,train,False,fear,problems with friends,Current Experience,21,10,4,0,313
esconv_0703,train,False,anxiety,job crisis,Current Experience,24,13,2,0,450
esconv_0704,train,False,depression,ongoing depression,Current Experience,47,17,0,0,458
esconv_0705,train,False,depression,ongoing depression,Current Experience,27,14,0,0,378
esconv_0706,train,False,anxiety,academic pressure,Previous Experience,24,12,2,1,411
esconv_0707,validation,False,anxiety,job crisis,Current Experience,61,24,6,0,932
esconv_0708,test,False,disgust,problems with friends,Current Experience,26,12,2,0,503
esconv_0709,train,False,sadness,ongoing depression,Current Experience,32,13,1,1,550
esconv_0710,validation,False,sadness,problems with friends,Current Experience,30,17,0,0,418
esconv_0711,train,False,shame,ongoing depression,Current Experience,20,10,0,0,594
esconv_0712,validation,False,depression,ongoing depression,Current Experience,25,15,3,0,479
esconv_0713,validation,False,depression,ongoing depression,Current Experience,68,22,4,0,1143
esconv_0714,validation,False,sadness,breakup with partner,Current Experience,22,11,0,0,551
esconv_0715,train,False,depression,ongoing depression,Current Experience,22,10,1,0,212
esconv_0716,train,False,sadness,ongoing depression,Previous Experience,37,16,3,0,521
esconv_0717,test,True,anxiety,breakup with partner,Current Experience,22,11,0,0,220
esconv_0718,train,False,anxiety,academic pressure,Current Experience,43,14,1,0,756
esconv_0719,train,False,anxiety,problems with friends,Current Experience,26,13,2,1,438
esconv_0720,validation,False,depression,ongoing depression,Current Experience,47,14,4,0,1190
esconv_0721,train,False,fear,job crisis,Current Experience,22,12,2,0,460
esconv_0722,train,False,depression,ongoing depression,Current Experience,22,11,2,0,315
esconv_0723,train,False,sadness,problems with friends,Current Experience,24,11,0,0,548
esconv_0724,train,False,depression,ongoing depression,Current Experience,26,10,2,2,584
esconv_0725,test,False,sadness,ongoing depression,Current Experience,23,11,0,0,348
esconv_0726,train,False,anxiety,academic pressure,Current Experience,22,10,0,0,241
esconv_0727,test,False,fear,academic pressure,Current Experience,37,15,1,0,369
esconv_0728,train,False,sadness,problems with friends,Current Experience,36,13,2,1,514
esconv_0729,train,False,anxiety,academic pressure,Current Experience,42,19,4,0,635
esconv_0730,train,False,anger,problems with friends,Previous Experience,27,16,2,0,624
esconv_0731,train,False,anxiety,problems with friends,Current Experience,23,12,0,0,231
esconv_0732,train,False,anger,ongoing depression,Current Experience,50,22,1,0,634
esconv_0733,train,False,sadness,problems with friends,Current Experience,31,12,2,0,321
esconv_0734,train,False,depression,ongoing depression,Current Experience,18,10,0,0,474
esconv_0735,train,False,anxiety,job crisis,Current Experience,24,11,2,1,594
esconv_0736,validation,False,sadness,breakup with partner,Current Experience,33,12,1,0,498
esconv_0737,train,False,sadness,ongoing depression,Current Experience,26,14,4,0,608
esconv_0738,test,False,anger,job crisis,Previous Experience,23,12,1,0,707
esconv_0739,test,False,shame,academic pressure,Current Experience,36,13,1,1,707
esconv_0740,train,False,anxiety,job crisis,Current Experience,28,12,3,0,528
esconv_0741,train,False,depression,breakup with partner,Current Experience,21,10,1,0,580
esconv_0742,validation,False,anxiety,job crisis,Current Experience,31,14,0,0,435
esconv_0743,train,False,anxiety,job crisis,Current Experience,27,14,1,0,636
esconv_0744,train,False,depression,ongoing depression,Previous Experience,25,12,2,1,364
esconv_0745,validation,False,anxiety,ongoing depression,Current Experience,20,10,2,0,591
esconv_0746,validation,False,anxiety,job crisis,Previous Experience,27,10,0,0,450
esconv_0747,test,False,shame,academic pressure,Previous Experience,28,12,0,0,538
esconv_0748,train,False,fear,breakup with partner,Current Experience,21,10,2,1,310
esconv_0749,train,False,shame,job crisis,Current Experience,20,10,0,0,270
esconv_0750,train,False,sadness,ongoing depression,Current Experience,27,15,1,0,701
esconv_0751,train,False,sadness,ongoing depression,Current Experience,17,6,1,1,262
esconv_0752,validation,False,sadness,breakup with partner,Current Experience,30,13,3,0,364
esconv_0753,train,False,anxiety,problems with friends,Current Experience,38,18,0,0,660
esconv_0754,train,False,anxiety,academic pressure,Previous Experience,25,12,3,0,379
esconv_0755,train,False,disgust,problems with friends,Current Experience,32,17,0,0,463
esconv_0756,validation,False,anxiety,academic pressure,Current Experience,25,14,1,0,416
esconv_0757,train,False,sadness,breakup with partner,Previous Experience,29,16,3,0,410
esconv_0758,train,False,anger,ongoing depression,Previous Experience,26,10,0,0,414
esconv_0759,test,False,sadness,breakup with partner,Current Experience,22,12,1,1,460
esconv_0760,train,False,sadness,breakup with partner,Current Experience,38,19,1,0,1132
esconv_0761,validation,False,anxiety,ongoing depression,Current Experience,21,11,1,0,449
esconv_0762,train,False,sadness,job crisis,Current Experience,29,12,3,1,438
esconv_0763,train,False,depression,breakup with partner,Current Experience,26,13,1,0,522
esconv_0764,train,False,depression,ongoing depression,Current Experience,50,17,1,0,389
esconv_0765,train,False,anxiety,academic pressure,Previous Experience,41,15,1,0,507
esconv_0766,validation,False,anxiety,job crisis,Current Experience,94,45,3,0,1231
esconv_0767,train,False,depression,ongoing depression,Current Experience,31,15,2,0,360
esconv_0768,validation,True,depression,problems with friends,Current Experience,42,19,4,0,554
esconv_0769,train,True,anger,problems with friends,Current Experience,25,12,1,0,369
esconv_0770,train,False,depression,ongoing depression,Current Experience,28,12,1,0,442
esconv_0771,train,False,sadness,breakup with partner,Previous Experience,48,22,0,0,520
esconv_0772,train,False,anxiety,job crisis,Current Experience,25,12,2,0,366
esconv_0773,train,False,anxiety,academic pressure,Current Experience,36,13,1,0,526
esconv_0774,validation,False,sadness,problems with friends,Previous Experience,25,10,0,0,343
esconv_0775,train,False,shame,problems with friends,Previous Experience,22,11,1,0,307
esconv_0776,train,False,depression,ongoing depression,Current Experience,36,13,0,0,424
esconv_0777,train,False,depression,ongoing depression,Current Experience,20,11,1,0,292
esconv_0778,train,False,depression,breakup with partner,Current Experience,24,11,1,0,464
esconv_0779,train,False,anxiety,academic pressure,Current Experience,24,13,1,0,342
esconv_0780,train,False,anxiety,job crisis,Current Experience,27,16,0,0,378
esconv_0781,train,False,anger,breakup with partner,Previous Experience,30,12,1,0,247
esconv_0782,validation,False,depression,ongoing depression,Current Experience,21,9,1,0,252
esconv_0783,train,False,sadness,breakup with partner,Previous Experience,20,10,1,0,305
esconv_0784,test,False,anger,problems with friends,Current Experience,25,11,1,0,705
esconv_0785,train,True,anger,problems with friends,Current Experience,42,14,2,0,612
esconv_0786,train,True,disgust,problems with friends,Previous Experience,25,13,3,0,779
esconv_0787,train,False,depression,job crisis,Current Experience,29,16,1,1,627
esconv_0788,train,False,sadness,breakup with partner,Previous Experience,30,17,2,2,980
esconv_0789,train,False,anxiety,job crisis,Current Experience,28,12,3,0,574
esconv_0790,train,False,sadness,ongoing depression,Current Experience,27,13,0,0,386
esconv_0791,validation,False,sadness,breakup with partner,Current Experience,17,9,1,0,630
esconv_0792,train,False,fear,job crisis,Current Experience,22,11,2,0,381
esconv_0793,train,False,depression,ongoing depression,Current Experience,30,13,1,0,487
esconv_0794,test,False,depression,breakup with partner,Previous Experience,32,19,3,0,623
esconv_0795,train,False,sadness,problems with friends,Current Experience,32,16,4,0,342
esconv_0796,train,False,sadness,academic pressure,Previous Experience,31,14,3,0,334
esconv_0797,train,False,depression,ongoing depression,Current Experience,23,10,1,0,299
esconv_0798,test,False,anxiety,job crisis,Current Experience,22,12,1,1,463
esconv_0799,validation,False,anger,problems with friends,Current Experience,22,9,1,0,382
esconv_0800,train,False,fear,job crisis,Current Experience,23,10,1,0,320
esconv_0801,train,False,sadness,problems with friends,Current Experience,44,21,2,0,423
esconv_0802,train,False,anxiety,academic pressure,Previous Experience,27,13,1,0,365
esconv_0803,test,False,anger,breakup with partner,Previous Experience,49,21,2,0,403
esconv_0804,test,False,depression,ongoing depression,Current Experience,41,12,1,0,916
esconv_0805,train,False,anxiety,job crisis,Current Experience,23,11,0,0,386
esconv_0806,train,False,depression,ongoing depression,Current Experience,19,11,3,1,377
esconv_0807,validation,False,anxiety,job crisis,Current Experience,21,10,2,0,371
esconv_0808,train,False,depression,job crisis,Current Experience,23,11,1,0,542
esconv_0809,train,False,sadness,job crisis,Current Experience,31,16,2,0,514
esconv_0810,train,False,depression,ongoing depression,Current Experience,30,13,0,0,656
esconv_0811,test,False,anxiety,problems with friends,Current Experience,26,12,0,0,457
esconv_0812,test,False,depression,ongoing depression,Previous Experience,25,14,2,0,691
esconv_0813,test,False,depression,ongoing depression,Current Experience,24,12,1,0,373
esconv_0814,train,False,disgust,breakup with partner,Previous Experience,29,16,1,0,544
esconv_0815,train,False,anxiety,job crisis,Current Experience,22,12,0,1,596
esconv_0816,train,False,sadness,job crisis,Current Experience,35,11,2,0,440
esconv_0817,train,False,anxiety,academic pressure,Current Experience,38,17,1,0,894
esconv_0818,train,False,fear,problems with friends,Current Experience,27,13,0,0,560
esconv_0819,test,False,anxiety,job crisis,Current Experience,24,11,2,0,565
esconv_0820,train,False,depression,ongoing depression,Current Experience,25,13,0,1,392
esconv_0821,train,False,sadness,breakup with partner,Previous Experience,44,15,0,0,362
esconv_0822,train,False,depression,ongoing depression,Current Experience,34,14,0,0,380
esconv_0823,train,False,depression,ongoing depression,Current Experience,27,14,1,0,642
esconv_0824,train,False,depression,job crisis,Current Experience,21,10,2,1,333
esconv_0825,validation,False,anxiety,job crisis,Previous Experience,21,10,0,0,360
esconv_0826,train,False,disgust,job crisis,Current Experience,25,10,1,0,452
esconv_0827,validation,False,depression,ongoing depression,Current Experience,24,11,1,0,358
esconv_0828,validation,False,depression,ongoing depression,Previous Experience,26,14,2,0,422
esconv_0829,validation,False,nervousness,academic pressure,Current Experience,25,11,0,0,295
esconv_0830,validation,False,sadness,breakup with partner,Current Experience,16,8,1,0,492
esconv_0831,validation,False,sadness,ongoing depression,Current Experience,23,12,1,0,443
esconv_0832,train,False,depression,ongoing depression,Current Experience,26,13,0,0,497
esconv_0833,train,False,nervousness,conflict with parents,Current Experience,35,18,0,0,536
esconv_0834,train,False,sadness,breakup with partner,Previous Experience,38,15,2,0,487
esconv_0835,test,False,anxiety,conflict with parents,Current Experience,19,10,0,0,398
esconv_0836,test,False,sadness,ongoing depression,Current Experience,24,12,0,0,351
esconv_0837,train,True,anxiety,academic pressure,Previous Experience,23,11,0,0,510
esconv_0838,test,False,anger,breakup with partner,Previous Experience,37,19,2,2,895
esconv_0839,train,False,anger,problems with friends,Current Experience,24,13,1,0,668
esconv_0840,test,False,depression,ongoing depression,Current Experience,21,10,1,0,242
esconv_0841,train,False,depression,ongoing depression,Current Experience,31,16,2,0,355
esconv_0842,train,False,anxiety,ongoing depression,Current Experience,72,22,0,0,1854
esconv_0843,train,False,sadness,conflict with parents,Current Experience,27,12,1,0,293
esconv_0844,train,True,depression,academic pressure,Previous Experience,29,12,0,0,361
esconv_0845,train,False,sadness,problems with friends,Previous Experience,30,13,0,0,312
esconv_0846,test,False,nervousness,academic pressure,Current Experience,18,9,0,0,234
esconv_0847,train,False,shame,ongoing depression,Current Experience,24,12,1,0,272
esconv_0848,test,False,sadness,ongoing depression,Previous Experience,26,13,1,0,398
esconv_0849,train,False,sadness,breakup with partner,Current Experience,22,10,3,0,529
esconv_0850,train,False,sadness,ongoing depression,Previous Experience,22,10,2,0,422
esconv_0851,train,False,pain,breakup with partner,Previous Experience,25,14,2,0,377
esconv_0852,train,False,sadness,ongoing depression,Current Experience,24,10,0,0,369
esconv_0853,train,False,sadness,breakup with partner,Previous Experience,24,12,1,0,432
esconv_0854,train,False,anxiety,academic pressure,Previous Experience,25,12,2,1,254
esconv_0855,train,False,anger,problems with friends,Current Experience,23,10,0,0,538
esconv_0856,validation,False,anxiety,academic pressure,Current Experience,50,17,4,0,839
esconv_0857,train,False,depression,ongoing depression,Current Experience,20,10,1,0,400
esconv_0858,train,True,anger,problems with friends,Previous Experience,29,14,1,1,481
esconv_0859,train,False,shame,ongoing depression,Previous Experience,23,12,2,0,292
esconv_0860,train,True,anger,conflict with parents,Previous Experience,28,13,1,0,408
esconv_0861,train,False,sadness,ongoing depression,Current Experience,28,12,1,0,372
esconv_0862,train,False,sadness,breakup with partner,Previous Experience,20,10,1,0,468
esconv_0863,validation,False,nervousness,academic pressure,Previous Experience,35,18,4,0,867
esconv_0864,train,False,depression,ongoing depression,Current Experience,23,11,1,0,408
esconv_0865,train,False,sadness,breakup with partner,Current Experience,24,13,1,1,311
esconv_0866,validation,False,depression,ongoing depression,Previous Experience,47,20,3,0,684
esconv_0867,train,False,sadness,breakup with partner,Previous Experience,26,13,1,0,466
esconv_0868,train,False,sadness,breakup with partner,Current Experience,21,10,0,0,287
esconv_0869,train,False,sadness,breakup with partner,Previous Experience,21,10,1,0,425
esconv_0870,train,False,anger,academic pressure,Current Experience,23,12,0,1,487
esconv_0871,train,False,anxiety,ongoing depression,Current Experience,27,17,3,0,697
esconv_0872,train,False,anxiety,conflict with parents,Current Experience,32,11,1,0,284
esconv_0873,train,True,anger,conflict with parents,Current Experience,21,10,0,0,278
esconv_0874,validation,False,nervousness,academic pressure,Current Experience,27,13,0,0,492
esconv_0875,validation,False,anxiety,ongoing depression,Current Experience,37,13,0,0,496
esconv_0876,train,False,depression,ongoing depression,Current Experience,21,11,2,0,380
esconv_0877,test,False,nervousness,problems with friends,Current Experience,22,11,1,0,315
esconv_0878,test,False,sadness,breakup with partner,Current Experience,25,13,3,0,392
esconv_0879,validation,False,depression,ongoing depression,Current Experience,22,12,2,0,285
esconv_0880,validation,False,sadness,ongoing depression,Previous Experience,22,13,0,0,245
esconv_0881,train,False,fear,ongoing depression,Current Experience,32,18,2,0,672
esconv_0882,test,False,anger,conflict with parents,Current Experience,22,12,3,0,351
esconv_0883,train,False,sadness,breakup with partner,Current Experience,22,12,2,0,263
esconv_0884,train,False,sadness,breakup with partner,Current Experience,22,10,0,0,345
esconv_0885,train,False,sadness,academic pressure,Current Experience,28,15,4,0,360
esconv_0886,test,False,depression,ongoing depression,Current Experience,18,8,0,1,800
esconv_0887,train,False,depression,ongoing depression,Current Experience,31,16,2,0,600
esconv_0888,train,False,sadness,problems with friends,Current Experience,27,12,0,0,689
esconv_0889,validation,False,anxiety,ongoing depression,Current Experience,17,8,1,0,215
esconv_0890,train,False,depression,ongoing depression,Previous Experience,24,12,2,0,393
esconv_0891,train,False,sadness,ongoing depression,Current Experience,27,13,1,0,396
esconv_0892,train,False,nervousness,academic pressure,Current Experience,22,12,1,0,511
esconv_0893,train,False,depression,academic pressure,Current Experience,29,14,2,0,711
esconv_0894,train,True,sadness,breakup with partner,Previous Experience,28,15,2,0,616
esconv_0895,test,False,nervousness,academic pressure,Current Experience,37,13,0,0,592
esconv_0896,train,False,sadness,breakup with partner,Current Experience,22,10,0,0,466
esconv_0897,train,False,depression,breakup with partner,Current Experience,17,9,1,1,380
esconv_0898,train,False,anxiety,ongoing depression,Current Experience,49,19,2,0,871
esconv_0899,train,False,jealousy,problems with friends,Current Experience,35,14,1,0,524
esconv_0900,train,False,sadness,breakup with partner,Current Experience,30,15,2,0,599
esconv_0901,test,False,sadness,ongoing depression,Current Experience,19,8,2,0,426
esconv_0902,train,False,anxiety,academic pressure,Previous Experience,23,10,1,0,398
esconv_0903,train,False,anxiety,ongoing depression,Current Experience,17,10,3,0,261
esconv_0904,train,True,shame,problems with friends,Previous Experience,27,13,0,0,479
esconv_0905,train,False,nervousness,academic pressure,Current Experience,28,11,1,1,320
esconv_0906,train,False,sadness,problems with friends,Current Experience,23,11,1,0,601
esconv_0907,train,False,anxiety,ongoing depression,Previous Experience,23,12,0,0,284
esconv_0908,train,False,anxiety,ongoing depression,Current Experience,34,15,1,0,324
esconv_0909,validation,False,anxiety,academic pressure,Previous Experience,22,11,1,0,699
esconv_0910,train,False,sadness,breakup with partner,Current Experience,21,11,1,0,294
esconv_0911,train,False,depression,ongoing depression,Current Experience,23,12,1,1,801
esconv_0912,train,True,anxiety,problems with friends,Current Experience,24,12,1,0,356
esconv_0913,validation,False,sadness,breakup with partner,Current Experience,21,10,1,0,379
esconv_0914,train,False,anxiety,ongoing depression,Current Experience,21,10,0,0,672
esconv_0915,train,True,sadness,ongoing depression,Current Experience,28,10,0,1,340
esconv_0916,train,False,sadness,ongoing depression,Current Experience,29,19,0,0,563
esconv_0917,train,False,anger,problems with friends,Current Experience,23,12,1,0,446
esconv_0918,train,False,anger,ongoing depression,Current Experience,36,16,3,1,435
esconv_0919,train,False,sadness,breakup with partner,Current Experience,25,13,1,0,317
esconv_0920,train,False,depression,breakup with partner,Current Experience,24,12,0,0,487
esconv_0921,train,False,anger,breakup with partner,Current Experience,22,12,0,0,332
esconv_0922,train,False,depression,ongoing depression,Current Experience,29,13,0,0,452
esconv_0923,train,False,anxiety,academic pressure,Current Experience,23,10,0,0,264
esconv_0924,train,False,depression,ongoing depression,Current Experience,18,9,0,0,614
esconv_0925,validation,False,depression,breakup with partner,Current Experience,38,21,0,0,547
esconv_0926,validation,False,anger,problems with friends,Previous Experience,27,11,2,0,479
esconv_0927,train,False,sadness,breakup with partner,Current Experience,24,12,2,0,383
esconv_0928,train,False,anxiety,academic pressure,Current Experience,33,15,1,1,606
esconv_0929,train,False,anxiety,ongoing depression,Current Experience,66,28,5,0,1075
esconv_0930,validation,False,sadness,breakup with partner,Current Experience,27,14,1,0,259
esconv_0931,train,False,depression,breakup with partner,Previous Experience,38,18,2,0,656
esconv_0932,train,False,nervousness,academic pressure,Current Experience,25,12,0,0,329
esconv_0933,train,False,depression,breakup with partner,Previous Experience,58,19,1,0,567
esconv_0934,train,False,sadness,ongoing depression,Current Experience,38,18,3,2,385
esconv_0935,train,False,guilt,breakup with partner,Previous Experience,30,13,3,1,360
esconv_0936,train,False,depression,ongoing depression,Current Experience,22,8,0,0,290
esconv_0937,train,False,nervousness,academic pressure,Current Experience,52,21,3,0,1001
esconv_0938,train,False,depression,ongoing depression,Current Experience,35,14,1,0,345
esconv_0939,train,False,anxiety,ongoing depression,Current Experience,23,10,1,1,402
esconv_0940,test,False,anger,problems with friends,Current Experience,24,10,0,0,297
esconv_0941,train,False,sadness,conflict with parents,Current Experience,53,18,2,4,668
esconv_0942,validation,True,nervousness,academic pressure,Current Experience,30,15,2,0,543
esconv_0943,train,False,anxiety,ongoing depression,Current Experience,24,12,1,0,485
esconv_0944,train,False,fear,academic pressure,Current Experience,44,15,2,0,1036
esconv_0945,train,False,anxiety,conflict with parents,Current Experience,21,11,1,0,559
esconv_0946,train,False,sadness,ongoing depression,Current Experience,51,22,3,0,706
esconv_0947,validation,False,depression,ongoing depression,Current Experience,20,7,1,0,329
esconv_0948,train,False,nervousness,academic pressure,Previous Experience,20,10,2,0,656
esconv_0949,train,False,anxiety,academic pressure,Previous Experience,23,10,1,0,315
esconv_0950,train,False,sadness,breakup with partner,Current Experience,23,12,1,0,376
esconv_0951,train,False,fear,breakup with partner,Previous Experience,35,18,0,0,490
esconv_0952,train,False,depression,ongoing depression,Current Experience,23,10,1,0,353
esconv_0953,validation,False,anxiety,Procrastination,Current Experience,42,23,0,0,447
esconv_0954,train,False,shame,Alcohol Abuse,Current Experience,26,11,3,1,286
esconv_0955,train,True,depression,Issues with Parents,Current Experience,23,13,0,0,358
esconv_0956,train,False,sadness,Sleep Problems,Current Experience,33,16,1,0,781
esconv_0957,validation,False,anxiety,Appearance Anxiety,Current Experience,26,14,3,1,396
esconv_0958,train,False,fear,Alcohol Abuse,Current Experience,46,20,10,0,706
esconv_0959,train,False,anxiety,Alcohol Abuse,Current Experience,36,23,5,3,740
esconv_0960,train,False,depression,Sleep Problems,Current Experience,38,21,4,0,678
esconv_0961,test,False,sadness,Appearance Anxiety,Current Experience,33,15,1,0,545
esconv_0962,train,False,fear,Sleep Problems,Current Experience,38,21,2,1,359
esconv_0963,train,False,anxiety,Sleep Problems,Current Experience,38,18,3,0,313
esconv_0964,test,False,anxiety,Procrastination,Current Experience,25,15,2,0,555
esconv_0965,test,False,depression,School Bullying,Previous Experience,26,13,1,0,389
esconv_0966,train,False,sadness,Issues with Children,Current Experience,34,18,3,0,274
esconv_0967,test,False,depression,Alcohol Abuse,Current Experience,21,11,1,0,512
esconv_0968,train,True,sadness,Issues with Parents,Current Experience,25,12,2,1,366
esconv_0969,test,False,anger,Issues with Parents,Previous Experience,46,25,5,2,730
esconv_0970,train,False,anxiety,Procrastination,Current Experience,45,21,2,0,414
esconv_0971,train,False,anxiety,Procrastination,Current Experience,32,16,1,0,430
esconv_0972,train,False,shame,Procrastination,Current Experience,27,13,2,0,297
esconv_0973,train,False,sadness,Sleep Problems,Current Experience,38,23,4,0,360
esconv_0974,train,False,anger,Issues with Parents,Previous Experience,29,15,1,0,474
esconv_0975,train,False,depression,Sleep Problems,Current Experience,26,14,2,1,321
esconv_0976,train,False,sadness,Alcohol Abuse,Previous Experience,31,16,1,0,438
esconv_0977,train,False,anxiety,Sleep Problems,Current Experience,33,16,0,0,482
esconv_0978,train,False,depression,Sleep Problems,Current Experience,28,15,1,0,629
esconv_0979,test,False,anger,Sleep Problems,Previous Experience,26,10,2,0,429
esconv_0980,train,False,depression,Issues with Children,Current Experience,99,47,5,1,1552
esconv_0981,train,False,anger,Issues with Parents,Previous Experience,43,20,0,0,444
esconv_0982,train,True,fear,Sleep Problems,Current Experience,20,10,0,0,224
esconv_0983,train,False,depression,Procrastination,Current Experience,28,14,0,0,360
esconv_0984,validation,False,depression,Alcohol Abuse,Current Experience,29,14,1,0,536
esconv_0985,train,False,sadness,Sleep Problems,Current Experience,34,17,3,0,518
esconv_0986,test,False,anxiety,Sleep Problems,Current Experience,39,19,3,1,617
esconv_0987,train,False,anxiety,Sleep Problems,Current Experience,32,14,3,0,575
esconv_0988,validation,False,sadness,Sleep Problems,Current Experience,30,17,2,0,516
esconv_0989,train,True,depression,Sleep Problems,Current Experience,41,16,2,0,482
esconv_0990,train,False,anger,Sleep Problems,Previous Experience,26,12,1,0,482
esconv_0991,train,False,depression,Alcohol Abuse,Previous Experience,32,16,1,0,441
esconv_0992,train,False,sadness,Sleep Problems,Current Experience,28,15,2,0,518
esconv_0993,train,False,fear,Issues with Parents,Current Experience,21,10,2,0,472
esconv_0994,validation,True,anxiety,Sleep Problems,Current Experience,29,15,3,0,420
esconv_0995,test,True,fear,Alcohol Abuse,Current Experience,45,23,2,0,614
esconv_0996,train,False,sadness,Issues with Parents,Current Experience,42,19,1,0,596
esconv_0997,validation,False,shame,Alcohol Abuse,Current Experience,27,15,1,0,556
esconv_0998,train,False,sadness,Procrastination,Current Experience,27,15,1,0,312
esconv_0999,train,False,sadness,Appearance Anxiety,Current Experience,35,19,4,0,510
esconv_1000,train,True,anxiety,Sleep Problems,Current Experience,28,13,4,0,517
esconv_1001,train,False,shame,Appearance Anxiety,Current Experience,43,19,0,0,651
esconv_1002,validation,True,anxiety,Sleep Problems,Current Experience,21,11,0,0,257
esconv_1003,train,False,depression,School Bullying,Current Experience,27,13,1,0,343
esconv_1004,train,False,anxiety,Procrastination,Current Experience,22,11,3,0,423
esconv_1005,train,False,disgust,Issues with Children,Current Experience,24,13,1,1,363
esconv_1006,train,True,anger,Issues with Parents,Current Experience,26,13,2,3,370
esconv_1007,train,False,anxiety,Issues with Children,Current Experience,56,25,5,0,1074
esconv_1008,train,False,depression,Procrastination,Current Experience,36,15,5,1,500
esconv_1009,train,False,depression,Appearance Anxiety,Current Experience,29,11,2,0,431
esconv_1010,train,False,fear,Issues with Children,Current Experience,31,18,3,2,756
esconv_1011,train,False,anxiety,Sleep Problems,Current Experience,23,12,1,3,556
esconv_1012,test,False,depression,Alcohol Abuse,Current Experience,22,11,2,0,491
esconv_1013,train,True,sadness,Issues with Children,Previous Experience,19,8,1,0,269
esconv_1014,train,False,anxiety,Alcohol Abuse,Current Experience,30,17,3,0,531
esconv_1015,test,True,anxiety,Sleep Problems,Current Experience,30,16,1,0,519
esconv_1016,train,False,anxiety,Appearance Anxiety,Previous Experience,34,16,0,0,347
esconv_1017,validation,False,depression,Sleep Problems,Current Experience,29,15,2,0,414
esconv_1018,validation,False,depression,Sleep Problems,Current Experience,24,12,1,0,369
esconv_1019,test,False,depression,Appearance Anxiety,Current Experience,26,15,2,0,681
esconv_1020,train,False,sadness,Issues with Children,Previous Experience,44,16,1,0,638
esconv_1021,train,False,shame,Alcohol Abuse,Current Experience,34,19,1,3,621
esconv_1022,train,False,anxiety,Procrastination,Previous Experience,31,17,2,0,672
esconv_1023,test,False,depression,Sleep Problems,Previous Experience,22,11,0,0,266
esconv_1024,train,True,depression,Sleep Problems,Current Experience,31,15,0,0,297
esconv_1025,train,False,anxiety,Procrastination,Current Experience,22,11,1,0,354
esconv_1026,train,False,sadness,Appearance Anxiety,Current Experience,29,5,0,0,273
esconv_1027,train,False,disgust,Issues with Children,Current Experience,46,21,4,0,681
esconv_1028,train,False,disgust,Appearance Anxiety,Current Experience,38,18,2,0,492
esconv_1029,train,True,depression,Issues with Children,Current Experience,22,11,0,0,193
esconv_1030,validation,False,anxiety,Sleep Problems,Current Experience,20,8,1,2,357
esconv_1031,train,False,anxiety,Appearance Anxiety,Current Experience,24,12,1,1,559
esconv_1032,train,False,disgust,Procrastination,Current Experience,25,10,2,0,333
esconv_1033,train,False,disgust,Procrastination,Previous Experience,18,12,1,0,278
esconv_1034,train,False,depression,Appearance Anxiety,Current Experience,22,11,2,0,467
esconv_1035,train,False,anger,Issues with Children,Current Experience,29,10,1,1,516
esconv_1036,train,False,sadness,Appearance Anxiety,Previous Experience,38,18,2,0,664
esconv_1037,validation,False,sadness,ongoing depression,Current Experience,20,10,0,0,276
esconv_1038,train,False,shame,job crisis,Current Experience,28,16,2,0,731
esconv_1039,test,False,anxiety,ongoing depression,Current Experience,24,13,2,0,786
esconv_1040,train,False,anger,breakup with partner,Previous Experience,28,14,1,0,513
esconv_1041,train,False,anxiety,academic pressure,Current Experience,20,10,1,0,333
esconv_1042,train,False,anxiety,academic pressure,Current Experience,28,14,1,0,450
esconv_1043,validation,False,sadness,problems with friends,Current Experience,24,13,2,0,510
esconv_1044,validation,False,sadness,job crisis,Previous Experience,26,14,4,0,463
esconv_1045,train,False,depression,ongoing depression,Current Experience,34,19,2,0,504
esconv_1046,train,False,fear,job crisis,Current Experience,60,26,4,0,544
esconv_1047,train,False,depression,academic pressure,Current Experience,23,12,0,0,200
esconv_1048,train,False,sadness,problems with friends,Current Experience,24,13,0,0,208
esconv_1049,train,False,sadness,job crisis,Current Experience,46,20,0,0,577
esconv_1050,train,False,sadness,breakup with partner,Current Experience,23,12,3,0,294
esconv_1051,train,False,sadness,breakup with partner,Current Experience,32,12,1,0,573
esconv_1052,train,False,anger,job crisis,Current Experience,24,11,0,0,277
esconv_1053,train,False,depression,breakup with partner,Current Experience,20,10,0,1,426
esconv_1054,train,True,depression,ongoing depression,Current Experience,37,19,6,1,817
esconv_1055,train,False,depression,problems with friends,Current Experience,28,12,0,0,452
esconv_1056,train,False,depression,ongoing depression,Current Experience,24,12,0,0,362
esconv_1057,train,False,sadness,breakup with partner,Current Experience,25,13,2,0,292
esconv_1058,train,False,fear,breakup with partner,Previous Experience,31,18,2,1,718
esconv_1059,validation,False,depression,job crisis,Previous Experience,24,12,2,0,607
esconv_1060,train,False,depression,job crisis,Current Experience,27,14,1,0,217
esconv_1061,train,False,sadness,ongoing depression,Current Experience,31,12,1,0,548
esconv_1062,train,False,depression,ongoing depression,Current Experience,95,35,0,0,1106
esconv_1063,train,False,anger,job crisis,Current Experience,21,11,0,0,305
esconv_1064,validation,False,depression,breakup with partner,Current Experience,25,11,1,0,192
esconv_1065,train,False,anxiety,problems with friends,Current Experience,70,25,0,0,960
esconv_1066,train,False,sadness,problems with friends,Previous Experience,48,25,2,0,599
esconv_1067,test,False,sadness,ongoing depression,Current Experience,24,12,3,0,432
esconv_1068,test,False,anxiety,job crisis,Current Experience,25,11,0,0,423
esconv_1069,validation,False,anxiety,problems with friends,Previous Experience,35,14,0,0,543
esconv_1070,validation,False,anger,problems with friends,Previous Experience,35,20,0,0,398
esconv_1071,test,False,anxiety,job crisis,Current Experience,27,12,1,0,248
esconv_1072,train,False,anger,problems with friends,Current Experience,22,10,1,0,766
esconv_1073,train,False,sadness,job crisis,Current Experience,25,13,0,0,559
esconv_1074,test,False,anger,problems with friends,Current Experience,31,18,4,0,414
esconv_1075,train,False,anxiety,ongoing depression,Current Experience,39,20,2,1,500
esconv_1076,train,False,depression,breakup with partner,Previous Experience,19,9,1,0,322
esconv_1077,train,False,depression,ongoing depression,Previous Experience,24,13,0,0,459
esconv_1078,train,False,sadness,breakup with partner,Previous Experience,23,11,0,0,811
esconv_1079,train,False,anxiety,job crisis,Previous Experience,41,12,2,0,391
esconv_1080,validation,False,anxiety,academic pressure,Previous Experience,21,11,2,0,280
esconv_1081,train,False,sadness,problems with friends,Previous Experience,26,10,1,0,340
esconv_1082,train,True,disgust,ongoing depression,Current Experience,38,15,0,0,326
esconv_1083,train,False,anxiety,job crisis,Current Experience,24,13,2,0,386
esconv_1084,train,False,depression,job crisis,Current Experience,27,14,0,0,808
esconv_1085,train,False,sadness,job crisis,Current Experience,31,17,1,0,529
esconv_1086,train,False,sadness,problems with friends,Current Experience,23,11,0,0,431
esconv_1087,validation,False,anxiety,academic pressure,Current Experience,32,16,3,0,518
esconv_1088,validation,False,sadness,breakup with partner,Current Experience,22,10,1,1,447
esconv_1089,test,False,anger,problems with friends,Previous Experience,63,26,1,0,853
esconv_1090,train,False,sadness,ongoing depression,Current Experience,32,20,2,0,477
esconv_1091,train,True,depression,academic pressure,Previous Experience,28,12,2,1,335
esconv_1092,train,False,anger,breakup with partner,Current Experience,21,11,1,1,442
esconv_1093,validation,False,disgust,problems with friends,Current Experience,25,13,2,0,353
esconv_1094,train,False,depression,ongoing depression,Current Experience,51,19,3,1,663
esconv_1095,train,False,depression,ongoing depression,Current Experience,31,16,2,1,642
esconv_1096,train,False,shame,academic pressure,Previous Experience,23,13,0,0,192
esconv_1097,train,False,depression,ongoing depression,Current Experience,27,15,1,0,525
esconv_1098,train,True,anxiety,academic pressure,Previous Experience,23,12,1,0,409
esconv_1099,train,False,depression,ongoing depression,Current Experience,30,15,1,1,589
esconv_1100,train,False,fear,ongoing depression,Current Experience,26,13,1,0,374
esconv_1101,train,False,depression,ongoing depression,Previous Experience,29,16,2,0,328
esconv_1102,test,False,depression,ongoing depression,Current Experience,41,23,0,0,796
esconv_1103,train,False,sadness,ongoing depression,Current Experience,40,21,2,0,877
esconv_1104,train,False,sadness,breakup with partner,Previous Experience,37,19,2,0,495
esconv_1105,validation,False,depression,ongoing depression,Current Experience,28,13,1,0,621
esconv_1106,train,False,sadness,breakup with partner,Current Experience,27,14,0,0,323
esconv_1107,train,False,anxiety,ongoing depression,Previous Experience,52,23,2,0,611
esconv_1108,train,False,sadness,breakup with partner,Current Experience,45,21,3,1,600
esconv_1109,train,True,anger,problems with friends,Previous Experience,30,18,1,0,625
esconv_1110,test,False,anxiety,problems with friends,Previous Experience,25,14,0,0,451
esconv_1111,validation,False,sadness,job crisis,Current Experience,28,15,0,0,546
esconv_1112,train,False,anxiety,academic pressure,Current Experience,28,10,0,0,588
esconv_1113,train,False,depression,ongoing depression,Current Experience,25,11,1,1,460
esconv_1114,train,False,sadness,problems with friends,Current Experience,39,14,0,0,526
esconv_1115,test,False,anxiety,breakup with partner,Current Experience,25,12,0,1,602
esconv_1116,train,False,sadness,breakup with partner,Current Experience,20,10,0,0,573
esconv_1117,train,False,depression,breakup with partner,Current Experience,41,17,0,0,571
esconv_1118,test,False,anxiety,problems with friends,Current Experience,24,12,1,0,621
esconv_1119,validation,False,depression,ongoing depression,Current Experience,25,13,0,0,490
esconv_1120,train,False,anxiety,breakup with partner,Current Experience,21,10,0,0,370
esconv_1121,train,True,disgust,breakup with partner,Current Experience,23,12,1,0,584
esconv_1122,train,False,depression,ongoing depression,Current Experience,24,12,0,0,274
esconv_1123,train,False,depression,problems with friends,Previous Experience,25,13,2,1,443
esconv_1124,train,False,depression,ongoing depression,Previous Experience,22,11,1,1,332
esconv_1125,validation,False,depression,ongoing depression,Current Experience,24,12,0,0,615
esconv_1126,train,False,depression,job crisis,Current Experience,24,12,0,0,392
esconv_1127,train,False,fear,problems with friends,Current Experience,32,14,0,0,578
esconv_1128,train,False,anxiety,job crisis,Current Experience,23,12,2,0,410
esconv_1129,train,False,anxiety,problems with friends,Current Experience,36,19,1,0,490
esconv_1130,train,False,depression,breakup with partner,Current Experience,65,29,5,1,573
esconv_1131,train,False,anxiety,job crisis,Current Experience,25,13,0,0,448
esconv_1132,train,False,sadness,breakup with partner,Current Experience,21,11,0,0,730
esconv_1133,validation,False,sadness,breakup with partner,Current Experience,25,10,1,0,429
esconv_1134,validation,False,anxiety,academic pressure,Current Experience,35,11,0,0,290
esconv_1135,train,False,anxiety,ongoing depression,Current Experience,27,13,2,0,456
esconv_1136,train,False,sadness,ongoing depression,Current Experience,25,13,1,0,615
esconv_1137,train,False,fear,job crisis,Current Experience,19,10,1,0,246
esconv_1138,train,True,anxiety,ongoing depression,Current Experience,33,14,1,0,515
esconv_1139,train,False,anxiety,job crisis,Current Experience,16,10,1,0,313
esconv_1140,validation,False,anger,breakup with partner,Current Experience,32,19,2,0,638
esconv_1141,validation,False,anger,problems with friends,Previous Experience,31,13,1,0,514
esconv_1142,train,False,fear,job crisis,Previous Experience,29,15,0,0,479
esconv_1143,train,False,fear,job crisis,Previous Experience,35,19,1,0,448
esconv_1144,validation,False,anxiety,job crisis,Current Experience,45,19,0,0,1065
esconv_1145,train,False,anxiety,academic pressure,Previous Experience,32,18,0,0,276
esconv_1146,train,False,depression,breakup with partner,Previous Experience,29,17,1,0,374
esconv_1147,train,False,depression,job crisis,Current Experience,28,11,1,0,271
esconv_1148,train,False,anxiety,academic pressure,Previous Experience,32,13,1,0,367
esconv_1149,train,True,fear,job crisis,Current Experience,21,11,1,0,497
esconv_1150,test,False,depression,problems with friends,Current Experience,35,12,1,0,673
esconv_1151,train,False,anxiety,ongoing depression,Current Experience,26,14,3,1,468
esconv_1152,train,False,shame,ongoing depression,Previous Experience,25,14,2,1,495
esconv_1153,train,False,depression,ongoing depression,Current Experience,25,13,3,0,368
esconv_1154,train,False,fear,academic pressure,Current Experience,36,18,1,0,712
esconv_1155,train,False,depression,breakup with partner,Current Experience,32,19,4,0,349
esconv_1156,train,False,anxiety,ongoing depression,Current Experience,28,13,1,0,385
esconv_1157,train,False,anxiety,academic pressure,Current Experience,30,16,0,0,369
esconv_1158,train,False,depression,breakup with partner,Current Experience,32,18,2,1,359
esconv_1159,train,False,anxiety,job crisis,Current Experience,28,14,2,0,564
esconv_1160,train,False,sadness,problems with friends,Current Experience,22,10,1,0,302
esconv_1161,train,False,depression,breakup with partner,Current Experience,31,11,0,0,472
esconv_1162,validation,False,sadness,problems with friends,Previous Experience,33,12,1,1,543
esconv_1163,test,False,depression,job crisis,Current Experience,52,23,3,1,546
esconv_1164,validation,False,anxiety,job crisis,Previous Experience,41,23,0,0,788
esconv_1165,validation,False,depression,ongoing depression,Current Experience,27,13,1,0,419
esconv_1166,test,False,sadness,ongoing depression,Current Experience,23,10,1,0,355
esconv_1167,test,False,shame,academic pressure,Current Experience,24,10,2,1,456
esconv_1168,train,False,anxiety,job crisis,Previous Experience,24,13,0,0,445
esconv_1169,train,False,disgust,problems with friends,Previous Experience,31,15,0,0,383
esconv_1170,train,False,anxiety,job crisis,Current Experience,27,16,0,0,685
esconv_1171,test,False,depression,ongoing depression,Current Experience,22,11,1,0,431
esconv_1172,validation,True,disgust,job crisis,Current Experience,21,11,0,0,632
esconv_1173,train,False,shame,ongoing depression,Current Experience,23,13,0,0,544
esconv_1174,train,False,depression,breakup with partner,Current Experience,23,10,1,0,481
esconv_1175,train,False,sadness,breakup with partner,Current Experience,30,14,0,0,566
esconv_1176,train,False,depression,breakup with partner,Current Experience,21,11,0,0,557
esconv_1177,train,False,depression,problems with friends,Current Experience,26,14,1,0,1069
esconv_1178,train,False,depression,ongoing depression,Current Experience,27,16,1,0,668
esconv_1179,train,False,sadness,job crisis,Previous Experience,36,18,0,0,601
esconv_1180,train,False,sadness,breakup with partner,Current Experience,25,13,1,0,630
esconv_1181,train,False,anxiety,academic pressure,Current Experience,21,10,1,1,824
esconv_1182,train,False,anxiety,problems with friends,Current Experience,31,17,2,0,594
esconv_1183,validation,False,anxiety,job crisis,Previous Experience,25,11,1,0,324
esconv_1184,train,False,anxiety,academic pressure,Current Experience,22,11,1,0,340
esconv_1185,train,False,fear,ongoing depression,Current Experience,33,13,2,0,573
esconv_1186,train,False,anxiety,ongoing depression,Current Experience,29,14,3,0,559
esconv_1187,validation,False,sadness,ongoing depression,Current Experience,29,16,3,0,360
esconv_1188,train,False,anxiety,job crisis,Current Experience,22,10,1,0,363
esconv_1189,test,False,anxiety,job crisis,Current Experience,18,8,1,1,307
esconv_1190,train,False,anger,job crisis,Previous Experience,23,12,1,1,267
esconv_1191,train,False,depression,breakup with partner,Current Experience,21,10,0,0,294
esconv_1192,train,False,anxiety,job crisis,Current Experience,33,16,2,0,490
esconv_1193,train,False,shame,ongoing depression,Current Experience,22,11,1,0,380
esconv_1194,test,False,anger,ongoing depression,Current Experience,27,11,1,0,498
esconv_1195,train,False,anxiety,academic pressure,Current Experience,22,10,1,0,405
esconv_1196,train,False,anxiety,job crisis,Previous Experience,40,19,1,0,592
esconv_1197,train,False,sadness,breakup with partner,Current Experience,29,14,1,0,846
esconv_1198,test,True,anger,job crisis,Previous Experience,26,13,1,0,670
esconv_1199,train,False,depression,ongoing depression,Current Experience,26,13,0,0,290
esconv_1200,train,False,depression,ongoing depression,Current Experience,25,13,1,0,293
esconv_1201,train,False,anxiety,academic pressure,Current Experience,29,16,2,0,464
esconv_1202,validation,False,sadness,breakup with partner,Previous Experience,26,12,1,0,248
esconv_1203,train,False,anxiety,job crisis,Current Experience,29,17,0,0,335
esconv_1204,train,False,sadness,problems with friends,Current Experience,28,12,0,0,768
esconv_1205,test,False,depression,ongoing depression,Current Experience,32,20,2,0,376
esconv_1206,train,False,anxiety,ongoing depression,Current Experience,28,15,2,0,594
esconv_1207,train,False,fear,job crisis,Current Experience,22,11,1,0,531
esconv_1208,train,False,anxiety,academic pressure,Previous Experience,22,11,0,1,405
esconv_1209,train,False,anxiety,job crisis,Current Experience,22,11,1,0,638
esconv_1210,train,False,anxiety,job crisis,Previous Experience,23,11,2,0,447
esconv_1211,train,False,depression,ongoing depression,Current Experience,33,18,0,0,729
esconv_1212,train,True,depression,breakup with partner,Current Experience,17,6,0,0,212
esconv_1213,train,False,depression,ongoing depression,Current Experience,18,9,1,0,370
esconv_1214,train,False,depression,ongoing depression,Current Experience,25,14,1,0,317
esconv_1215,train,False,anxiety,ongoing depression,Current Experience,21,11,0,1,519
esconv_1216,train,True,anxiety,academic pressure,Current Experience,30,12,1,1,541
esconv_1217,train,False,depression,job crisis,Current Experience,21,10,1,0,274
esconv_1218,train,False,sadness,job crisis,Current Experience,20,10,1,0,238
esconv_1219,train,False,depression,ongoing depression,Current Experience,28,10,0,0,458
esconv_1220,train,False,sadness,job crisis,Previous Experience,23,11,0,0,221
esconv_1221,train,False,anxiety,academic pressure,Current Experience,30,15,1,0,441
esconv_1222,train,False,anxiety,academic pressure,Current Experience,29,14,3,0,416
esconv_1223,train,False,fear,job crisis,Previous Experience,20,10,0,0,370
esconv_1224,test,False,depression,academic pressure,Current Experience,27,13,1,0,480
esconv_1225,test,False,depression,job crisis,Current Experience,32,16,0,0,426
esconv_1226,train,False,depression,ongoing depression,Current Experience,24,12,1,0,443
esconv_1227,validation,False,sadness,ongoing depression,Current Experience,45,21,0,0,503
esconv_1228,train,False,depression,ongoing depression,Current Experience,28,13,0,0,236
esconv_1229,train,False,sadness,problems with friends,Current Experience,27,13,1,1,620
esconv_1230,train,False,sadness,breakup with partner,Current Experience,19,9,1,0,537
esconv_1231,train,True,sadness,problems with friends,Current Experience,24,9,1,0,341
esconv_1232,train,False,anxiety,job crisis,Current Experience,31,17,1,0,511
esconv_1233,train,False,sadness,breakup with partner,Current Experience,31,18,0,0,613
esconv_1234,test,False,depression,job crisis,Current Experience,24,11,1,0,235
esconv_1235,train,False,sadness,problems with friends,Current Experience,25,13,2,0,1126
esconv_1236,validation,False,sadness,breakup with partner,Current Experience,30,15,1,0,891
esconv_1237,train,False,sadness,breakup with partner,Previous Experience,32,18,1,0,436
esconv_1238,train,False,anxiety,ongoing depression,Current Experience,35,13,1,0,559
esconv_1239,test,False,depression,ongoing depression,Current Experience,35,19,2,0,734
esconv_1240,train,False,sadness,breakup with partner,Previous Experience,41,23,0,0,336
esconv_1241,train,False,fear,job crisis,Current Experience,33,19,4,0,629
esconv_1242,train,False,anxiety,academic pressure,Current Experience,20,10,1,0,320
esconv_1243,validation,False,depression,academic pressure,Current Experience,26,13,1,0,339
esconv_1244,train,False,depression,breakup with partner,Current Experience,72,32,2,0,659
esconv_1245,train,False,depression,breakup with partner,Current Experience,25,13,0,0,520
esconv_1246,test,False,fear,job crisis,Current Experience,18,8,0,0,384
esconv_1247,train,False,anxiety,ongoing depression,Current Experience,39,19,1,0,397
esconv_1248,train,False,sadness,breakup with partner,Current Experience,27,14,2,0,387
esconv_1249,train,False,anxiety,ongoing depression,Current Experience,31,15,0,1,511
esconv_1250,validation,False,sadness,breakup with partner,Current Experience,38,17,0,0,449
esconv_1251,validation,False,anxiety,job crisis,Current Experience,23,12,1,0,540
esconv_1252,train,True,depression,breakup with partner,Current Experience,24,13,0,0,371
esconv_1253,train,False,depression,breakup with partner,Previous Experience,32,18,1,0,577
esconv_1254,validation,False,sadness,ongoing depression,Current Experience,22,10,0,1,620
esconv_1255,train,False,anxiety,job crisis,Previous Experience,24,12,1,0,900
esconv_1256,train,False,depression,ongoing depression,Current Experience,31,15,1,0,502
esconv_1257,train,False,disgust,job crisis,Current Experience,20,12,0,0,214
esconv_1258,test,False,anxiety,academic pressure,Current Experience,23,11,1,1,498
esconv_1259,train,False,depression,job crisis,Current Experience,20,10,2,0,339
esconv_1260,train,False,depression,breakup with partner,Current Experience,32,13,1,0,463
esconv_1261,validation,False,sadness,problems with friends,Current Experience,25,14,0,0,576
esconv_1262,train,False,depression,ongoing depression,Current Experience,27,14,1,0,573
esconv_1263,train,True,anxiety,academic pressure,Previous Experience,25,11,1,1,432
esconv_1264,train,False,depression,job crisis,Current Experience,62,25,6,0,733
esconv_1265,train,False,anxiety,job crisis,Current Experience,25,13,1,0,623
esconv_1266,train,False,anxiety,job crisis,Current Experience,22,12,0,0,447
esconv_1267,train,False,sadness,problems with friends,Previous Experience,22,12,0,0,285
esconv_1268,validation,False,anger,problems with friends,Current Experience,16,9,0,0,296
esconv_1269,train,False,shame,ongoing depression,Previous Experience,26,14,1,0,428
esconv_1270,test,False,anxiety,ongoing depression,Current Experience,26,14,1,0,425
esconv_1271,test,False,anger,job crisis,Previous Experience,25,11,1,0,345
esconv_1272,train,False,depression,ongoing depression,Current Experience,46,20,2,0,696
esconv_1273,train,False,anxiety,job crisis,Current Experience,30,16,2,0,414
esconv_1274,train,False,depression,ongoing depression,Current Experience,23,12,3,1,339
esconv_1275,train,False,fear,breakup with partner,Current Experience,36,19,3,1,667
esconv_1276,train,False,disgust,problems with friends,Current Experience,36,15,0,0,471
esconv_1277,validation,False,anxiety,academic pressure,Current Experience,25,13,1,0,397
esconv_1278,test,False,sadness,ongoing depression,Current Experience,30,16,1,0,470
esconv_1279,train,False,anxiety,job crisis,Current Experience,29,14,1,0,484
esconv_1280,train,False,depression,job crisis,Previous Experience,37,18,0,0,389
esconv_1281,train,False,depression,breakup with partner,Current Experience,27,12,1,1,421
esconv_1282,train,True,anger,problems with friends,Current Experience,24,12,0,0,357
esconv_1283,train,True,sadness,problems with friends,Previous Experience,21,11,0,0,308
esconv_1284,test,False,sadness,job crisis,Current Experience,28,13,1,0,316
esconv_1285,train,False,anger,problems with friends,Current Experience,17,8,2,1,328
esconv_1286,train,False,sadness,breakup with partner,Previous Experience,23,11,0,0,528
esconv_1287,train,False,depression,breakup with partner,Current Experience,20,10,0,1,633
esconv_1288,train,False,depression,ongoing depression,Current Experience,27,14,0,0,944
esconv_1289,test,False,depression,ongoing depression,Current Experience,16,7,1,0,346
esconv_1290,test,True,depression,ongoing depression,Current Experience,27,15,2,0,551
esconv_1291,train,False,anxiety,job crisis,Previous Experience,28,12,1,0,341
esconv_1292,train,False,anxiety,problems with friends,Current Experience,27,13,1,0,501
esconv_1293,train,False,anger,conflict with parents,Current Experience,24,13,1,0,475
esconv_1294,train,False,disgust,ongoing depression,Current Experience,25,13,2,0,625
esconv_1295,train,False,anxiety,Sleep Problems,Previous Experience,27,16,1,0,290
esconv_1296,validation,False,depression,job crisis,Current Experience,35,22,3,0,486
esconv_1297,train,False,shame,academic pressure,Current Experience,23,12,1,0,210
esconv_1298,test,False,sadness,problems with friends,Current Experience,28,14,0,0,386
esconv_1299,train,False,disgust,problems with friends,Previous Experience,22,11,1,0,501
