owner,split,unit_id,head,source_session,source_rank,source_time,type,slot,temporal_status,span_count,missing_turn_refs,bad_span_slices,seeker_spans,supporter_spans,repeat_prior_same_slot_value,reviewed,review_status,source_disposition
p1,dev,mvu_2eaf152d2e11a9e20af8f858,MP,esc1024,0,2024-06-30,durable_health_constraint,sleep_difficulty_duration,,1,0,0,1,0,False,False,,
p1,dev,mvu_981266013f150cf5aa0c7221,MP,esc1024,0,2024-06-30,enduring_preference,bedtime_thought_management_strategy,,1,0,0,1,0,False,False,,
p1,dev,mvu_0e3ce4d31564c1a31eb76ea8,MP,esc1024,0,2024-06-30,stable_relationship_role,emotionally_significant_person_proximity,,1,0,0,1,0,False,False,,
p1,dev,mvu_c46eecdf2854820f58400137,ME,esc1024,0,2024-06-30,coping_attempt,,ongoing_stage,2,0,0,2,0,False,False,,
p1,dev,mvu_f4eea8817655ef5ff205f13a,MP,esc1172,1,2024-07-15,stable_relationship_role,emotionally_significant_person_proximity,,1,0,0,1,0,True,True,citation_unrelated,suppress_unsupported_new_version_without_automatic_fallback
p1,dev,mvu_a6e559375dd638e09165c089,MP,esc1172,1,2024-07-15,durable_health_constraint,sleep_difficulty_duration,,1,0,0,1,0,True,True,citation_unrelated,suppress_unsupported_new_version_without_automatic_fallback
p1,dev,mvu_e29a60eda5bb1620dd8898e1,MP,esc1172,1,2024-07-15,enduring_preference,bedtime_thought_management_strategy,,1,0,0,1,0,True,True,citation_unrelated,suppress_unsupported_new_version_without_automatic_fallback
p1,dev,mvu_d180c3a0a2ce7cb5a819782f,ME,esc1172,1,2024-07-15,relationship_event,,ongoing_stage,1,0,0,1,0,False,False,,
p1,dev,mvu_484bec3933036eb9cf7814a0,ME,esc1172,1,2024-07-15,coping_attempt,,occurred,1,0,0,1,0,False,False,,
p1,dev,mvu_b6f4c5211947f8e2200eb9e1,ME,esc1172,1,2024-07-15,transient_state,,occurred,1,0,0,1,0,False,False,,
p1,dev,mvu_6ffe6fe5a58f4a2e583d3827,ME,esc1172,1,2024-07-15,meaningful_experience,,occurred,1,0,0,1,0,False,False,,
p1,dev,mvu_ad83014360e9dfb382d89bdd,ME,esc1172,1,2024-07-15,coping_attempt,,occurred,1,0,0,1,0,False,False,,
p1,dev,mvu_5795fc12af5b94235508a0fe,ME,esc1172,1,2024-07-15,coping_attempt,,ongoing_stage,1,0,0,1,0,False,False,,
p1,dev,mvu_3512546f5c57c43708a9f5a9,ME,esc1172,1,2024-07-15,meaningful_experience,,occurred,1,0,0,1,0,False,False,,
p1,dev,mvu_f367a66f8491c01398b29ce0,MP,esc245,2,2024-08-02,stable_relationship_role,emotionally_significant_person_proximity,,1,0,0,1,0,True,True,citation_unrelated,suppress_unsupported_new_version_without_automatic_fallback
p1,dev,mvu_399eaa19f30e2dbad5f6a0c6,MP,esc245,2,2024-08-02,stable_relationship_role,romantic_relationship_duration,,1,0,0,1,0,False,False,,
p1,dev,mvu_1c888152c2d0f3f1dd8bd0c0,MP,esc245,2,2024-08-02,occupation,former_partner_occupation,,1,0,0,1,0,False,False,,
p1,dev,mvu_b4f70949d7af8c00cdb5e909,MP,esc245,2,2024-08-02,enduring_interest,pet_companionship,,1,0,0,1,0,False,False,,
p1,dev,mvu_4efc963b40a12bb50a139195,MP,esc245,2,2024-08-02,stable_relationship_role,current_household_composition,,1,0,0,1,0,False,False,,
p1,dev,mvu_579778d73178183a5923e69d,ME,esc245,2,2024-08-02,relationship_event,,occurred,1,0,0,1,0,False,False,,
p1,dev,mvu_47843fdafcd8d867cc89d676,ME,esc245,2,2024-08-02,relationship_event,,occurred,1,0,0,1,0,False,False,,
p1,dev,mvu_2f7b86585d82177d0924e15e,ME,esc245,2,2024-08-02,state_onset,,occurred,1,0,0,1,0,False,False,,
p1,dev,mvu_7c81caf79669da9a33c4be0a,ME,esc245,2,2024-08-02,life_event,,occurred,1,0,0,1,0,False,False,,
p1,dev,mvu_7f8148f973261b352d942010,ME,esc245,2,2024-08-02,meaningful_experience,,occurred,1,0,0,1,0,False,False,,
p1,dev,mvu_7a25d0f7782f8acc08ef1b3e,MP,esc786,3,2024-09-20,stable_relationship_role,long_term_friendship_duration,,1,0,0,1,0,False,False,,
p1,dev,mvu_b016178b62c5a6546d01db8e,ME,esc786,3,2024-09-20,relationship_event,,occurred,2,0,0,2,0,False,False,,
p1,dev,mvu_f8c204383396b211524fbb2a,ME,esc786,3,2024-09-20,meaningful_experience,,occurred,1,0,0,1,0,False,False,,
p1,dev,mvu_69fed97c5880c7cd4650d1da,MP,p1_conv_1,4,2024-10-15,durable_health_constraint,workplace_harassment_duration,,1,0,0,1,0,False,False,,
p1,dev,mvu_d2adb893a1e227bf011b2bef,ME,p1_conv_1,4,2024-10-15,meaningful_experience,,occurred,1,0,0,1,0,False,False,,
p1,dev,mvu_a8c466d5732ad1414f0d0459,ME,p1_conv_1,4,2024-10-15,transient_state,,occurred,1,0,0,1,0,False,False,,
p1,dev,mvu_bca7648722bc4db1fdb8021c,ME,p1_conv_1,4,2024-10-15,state_onset,,occurred,1,0,0,1,0,False,False,,
p1,dev,mvu_9e054193be7c94d71c59f7f5,ME,p1_conv_2,5,2024-10-25,coping_attempt,,occurred,2,0,0,2,0,False,False,,
p1,dev,mvu_feab3974695f465c2f5e25e4,ME,p1_conv_2,5,2024-10-25,meaningful_experience,,occurred,2,0,0,2,0,False,False,,
p1,dev,mvu_c45531ba5f54c387c05fe8e2,ME,p1_conv_2,5,2024-10-25,state_onset,,occurred,1,0,0,1,0,False,False,,
p1,dev,mvu_6d82f96a0405829fa61f9c83,ME,p1_conv_2,5,2024-10-25,relationship_event,,occurred,1,0,0,1,0,False,False,,
p1,dev,mvu_16ac368c6a2923818ff6557e,ME,p1_conv_2,5,2024-10-25,support_experience,,occurred,2,0,0,2,0,False,False,,
p1,dev,mvu_cc9fd499942e27201702cc96,ME,p1_conv_2,5,2024-10-25,transient_state,,occurred,1,0,0,1,0,False,False,,
p1,dev,mvu_bf8f1d72f5690f3c91872cc8,ME,p1_conv_2,5,2024-10-25,coping_attempt,,ongoing_stage,2,0,0,2,0,False,False,,
p1,dev,mvu_f6d4d31cfb8e7496e4010dbe,ME,p1_conv_2,5,2024-10-25,meaningful_experience,,occurred,1,0,0,1,0,False,False,,
p1,dev,mvu_fb7cd3bf46dfae5acb2f8009,ME,p1_conv_3,6,2024-11-05,relationship_event,,occurred,1,0,0,1,0,False,False,,
p1,dev,mvu_640031793e93eb87cbaa8e4b,ME,p1_conv_3,6,2024-11-05,meaningful_experience,,occurred,1,0,0,1,0,False,False,,
p1,dev,mvu_eea3eeef8d073ab3f9539452,ME,p1_conv_3,6,2024-11-05,support_experience,,occurred,1,0,0,1,0,False,False,,
p1,dev,mvu_90887558d693fbf8f518e1a4,ME,p1_conv_3,6,2024-11-05,coping_attempt,,ongoing_stage,1,0,0,1,0,False,False,,
p1,dev,mvu_c5c54911343f00468ecd182e,ME,p1_conv_3,6,2024-11-05,state_change,,occurred,1,0,0,1,0,False,False,,
p1,dev,mvu_978f9c515b873340b2b20e35,ME,p1_conv_3,6,2024-11-05,coping_attempt,,ongoing_stage,2,0,0,2,0,False,False,,
p1,dev,mvu_f827178aceaead26e9b3eea8,ME,p1_conv_3,6,2024-11-05,meaningful_experience,,ongoing_stage,1,0,0,1,0,False,False,,
p1,dev,mvu_a8d3d3b23605dc845cdf790c,MP,p1_conv_4,7,2025-01-05,stable_relationship_role,romantic_relationship_status,,1,0,0,1,0,False,False,,
p1,dev,mvu_98ca26fec5254aa8123e2ae4,MP,p1_conv_4,7,2025-01-05,durable_boundary,workplace_relationship_boundary_agreement,,1,0,0,1,0,False,False,,
p1,dev,mvu_a2aeebc169e93bba4a24c5a6,MP,p1_conv_4,7,2025-01-05,enduring_preference,stress_management_strategy,,1,0,0,1,0,False,False,,
p1,dev,mvu_9477f5c7779139c41561b598,MP,p1_conv_4,7,2025-01-05,enduring_interest,therapy_utilization_status,,1,0,0,1,0,False,False,,
p1,dev,mvu_fddf1490406602e1d4f96252,MP,p1_conv_4,7,2025-01-05,stable_relationship_role,friend_support_involvement_level,,1,0,0,1,0,False,False,,
p1,dev,mvu_0cf98e94743e0fbce49ece89,ME,p1_conv_4,7,2025-01-05,relationship_event,,occurred,1,0,0,1,0,False,False,,
p1,dev,mvu_560e3440f4dd73d72efe0d54,ME,p1_conv_4,7,2025-01-05,coping_attempt,,ongoing_stage,1,0,0,1,0,False,False,,
p1,dev,mvu_0a0ed065ae126456f5fa248f,ME,p1_conv_4,7,2025-01-05,support_experience,,ongoing_stage,1,0,0,1,0,False,False,,
p1,dev,mvu_b729460c427b6468c53cd470,ME,p1_conv_4,7,2025-01-05,meaningful_experience,,ongoing_stage,1,0,0,1,0,False,False,,
p1,dev,mvu_fd0dab4cb04f9540e14896ba,ME,p1_conv_4,7,2025-01-05,life_event,,occurred,1,0,0,1,0,False,False,,
p1,dev,mvu_554a9b88d9b583ce54466885,MP,p1_conv_5,8,2025-01-15,enduring_interest,therapy_utilization_status,,1,0,0,1,0,True,True,citation_partial,suppress_unsupported_new_version_without_automatic_fallback
p1,dev,mvu_cffb2cc7381658d3fe7d7d33,ME,p1_conv_5,8,2025-01-15,relationship_event,,occurred,2,0,0,2,0,False,False,,
p1,dev,mvu_611a32d9a6d21769af5acf6b,ME,p1_conv_5,8,2025-01-15,meaningful_experience,,occurred,1,0,0,1,0,False,False,,
p1,dev,mvu_2db7cf1453fbf91c4687d2db,ME,p1_conv_6,9,2025-01-20,life_event,,occurred,1,0,0,1,0,False,False,,
p1,dev,mvu_1e28e8f5bc9a4814fadfba3c,ME,p1_conv_6,9,2025-01-20,meaningful_experience,,occurred,1,0,0,1,0,False,False,,
p1,dev,mvu_fb228b71426eacd925c167d1,ME,p1_conv_6,9,2025-01-20,coping_attempt,,ongoing_stage,1,0,0,1,0,False,False,,
p1,dev,mvu_651ea0d16083d9c55e23a58d,ME,p1_conv_6,9,2025-01-20,support_experience,,ongoing_stage,1,0,0,1,0,False,False,,
p1,dev,mvu_3e305e92c74095dd741de904,MP,p1_conv_7,10,2025-01-25,stable_relationship_role,romantic_partner_name,,1,0,0,1,0,False,False,,
p1,dev,mvu_bead1d0a2ab3ec16021e9d54,ME,p1_conv_7,10,2025-01-25,relationship_event,,occurred,1,0,0,1,0,False,False,,
p1,dev,mvu_99f347783210a5a6017d8966,ME,p1_conv_7,10,2025-01-25,meaningful_experience,,ongoing_stage,1,0,0,1,0,False,False,,
p1,dev,mvu_4adc39322299eca7deb617c6,ME,p1_conv_7,10,2025-01-25,coping_attempt,,ongoing_stage,1,0,0,1,0,False,False,,
p1,dev,mvu_02083be2b3cd489276868786,ME,p1_conv_7,10,2025-01-25,relationship_event,,ongoing_stage,1,0,0,1,0,False,False,,
p1,dev,mvu_f76bf0b5b6f8ad87a7edab93,ME,p1_conv_8,11,2025-01-28,relationship_event,,occurred,1,0,0,1,0,False,False,,
p1,dev,mvu_d717504890e5020817fe7bb8,ME,p1_conv_8,11,2025-01-28,meaningful_experience,,occurred,1,0,0,1,0,False,False,,
p1,dev,mvu_9ed5bc17460b23e6ea3b1646,ME,p1_conv_8,11,2025-01-28,support_experience,,occurred,1,0,0,1,0,False,False,,
p1,dev,mvu_0263518ff26993c81794b081,MP,p1_conv_9,12,2025-02-15,enduring_interest,new_hobby,,1,0,0,1,0,False,False,,
p1,dev,mvu_ceee0c5f1f18d46920e057cf,MP,p1_conv_9,12,2025-02-15,stable_relationship_role,romantic_relationship_current_dynamic,,1,0,0,1,0,False,False,,
p1,dev,mvu_f0bc4ab7102d8e1dee075f9d,MP,p1_conv_9,12,2025-02-15,stable_relationship_role,communication_with_romantic_partner,,1,0,0,1,0,False,False,,
p1,dev,mvu_a09d7ac954893896d7f8229b,MP,p1_conv_9,12,2025-02-15,enduring_interest,preferred_painting_subject,,1,0,0,1,0,False,False,,
p1,dev,mvu_624e2229b269f1e1b03280f9,MP,p1_conv_9,12,2025-02-15,enduring_preference,painting_function_for_emotional_processing,,1,0,0,1,0,False,False,,
p1,dev,mvu_8529f44183774ecc3c7aa4c5,MP,p1_conv_9,12,2025-02-15,durable_health_constraint,work_stress_triggers,,1,0,0,1,0,False,False,,
p1,dev,mvu_bdf8c919400f01531130c36f,MP,p1_conv_9,12,2025-02-15,enduring_interest,future_aspiration_linked_to_art,,1,0,0,1,0,False,False,,
p1,dev,mvu_d9903115ff2334b7304e7eb6,MP,p1_conv_9,12,2025-02-15,enduring_preference,support_recognition,,1,0,0,1,0,False,False,,
p1,dev,mvu_0a019021508efd9b8547c529,MP,p1_conv_10,13,2025-04-10,durable_health_constraint,recent_health_scare_event,,1,0,0,1,0,False,False,,
p1,dev,mvu_ec63afe18bbf08bcd89900b1,ME,p1_conv_10,13,2025-04-10,life_event,,occurred,1,0,0,1,0,False,False,,
p1,dev,mvu_72aa926bea820db8742f9081,ME,p1_conv_10,13,2025-04-10,state_onset,,occurred,1,0,0,1,0,False,False,,
p1,dev,mvu_e4cd4a1f9b6fa8943133ac8c,ME,p1_conv_10,13,2025-04-10,coping_attempt,,ongoing_stage,1,0,0,1,0,False,False,,
p1,dev,mvu_b2c20c275ce0acfe9fe5cbc4,ME,p1_conv_10,13,2025-04-10,relationship_event,,ongoing_stage,1,0,0,1,0,False,False,,
p1,dev,mvu_c975beced069bc1e4ecc796f,ME,p1_conv_10,13,2025-04-10,support_experience,,ongoing_stage,1,0,0,1,0,False,False,,
p1,dev,mvu_ec113dc4539c9f198f42ea7f,ME,p1_conv_10,13,2025-04-10,meaningful_experience,,occurred,1,0,0,1,0,False,False,,
p1,dev,mvu_a6fd4f7265c9a6dddc833de3,MP,p1_conv_11,14,2025-05-02,stable_relationship_role,romantic_relationship_current_dynamic,,1,0,0,1,0,True,True,citation_partial,suppress_unsupported_new_version_without_automatic_fallback
p1,dev,mvu_0c2e0efc2cb1a2791605390c,MP,p1_conv_11,14,2025-05-02,enduring_interest,new_hobby,,1,0,0,1,0,True,True,citation_partial,suppress_unsupported_new_version_without_automatic_fallback
p1,dev,mvu_ab493039fdb1aff0cabe81bb,ME,p1_conv_11,14,2025-05-02,relationship_event,,occurred,2,0,0,2,0,False,False,,
p1,dev,mvu_26a02548b08653a6adb38a9a,ME,p1_conv_11,14,2025-05-02,meaningful_experience,,occurred,1,0,0,1,0,False,False,,
p1,dev,mvu_6cd824e6ad7ca1cccb16ac2d,MP,p1_conv_12,15,2025-05-20,enduring_preference,support_boundary_in_friendship,,1,0,0,1,0,False,False,,
p1,dev,mvu_4fd45633b45cb107ee93cca8,ME,p1_conv_12,15,2025-05-20,life_event,,occurred,1,0,0,1,0,False,False,,
p1,dev,mvu_620b94dadad87d8559450847,ME,p1_conv_12,15,2025-05-20,meaningful_experience,,ongoing_stage,1,0,0,1,0,False,False,,
p1,dev,mvu_e78948e576db864a0d58db5a,MP,p1_conv_13,16,2025-06-05,enduring_preference,painting_function_for_emotional_processing,,2,0,0,2,0,False,False,,
p1,dev,mvu_af4ca157c0ee9a66404cd7dc,MP,p1_conv_13,16,2025-06-05,enduring_preference,support_recognition,,2,0,0,2,0,False,False,,
p1,dev,mvu_610aec3275b34db16d6b5483,MP,p1_conv_14,17,2025-06-15,enduring_preference,need_for_personal_space_in_relationship,,1,0,0,1,0,False,False,,
p1,dev,mvu_0728845e55efe6c09106ca44,MP,p1_conv_14,17,2025-06-15,durable_health_constraint,relationship_anxiety_trigger,,1,0,0,1,0,False,False,,
p1,dev,mvu_61037bd1509ca1bb1fc44952,MP,p1_conv_14,17,2025-06-15,enduring_preference,conflict_avoidance_in_romantic_communication,,1,0,0,1,0,False,False,,
p1,dev,mvu_cbfcecff8073a097bb36ce0e,MP,p1_conv_15,18,2025-07-01,enduring_interest,painting_as_healing_practice,,1,0,0,1,0,False,False,,
p1,dev,mvu_51f2637404cec6b58a94396b,ME,p1_conv_15,18,2025-07-01,life_event,,occurred,1,0,0,1,0,False,False,,
p1,dev,mvu_302dcc5bbf9e1544d89a6315,ME,p1_conv_15,18,2025-07-01,transient_state,,ongoing_stage,1,0,0,1,0,False,False,,
p1,dev,mvu_1513d30309b30b91242bbc38,ME,p1_conv_15,18,2025-07-01,coping_attempt,,ongoing_stage,1,0,0,1,0,False,False,,
p1,dev,mvu_24dd4acd56c35f1e892c60f0,ME,p1_conv_15,18,2025-07-01,meaningful_experience,,occurred,1,0,0,1,0,False,False,,
p1,dev,mvu_bc112268820b51758c102420,MP,p1_conv_16,19,2025-07-10,enduring_interest,painting_as_potential_alternative_path,,1,0,0,1,0,False,False,,
p1,dev,mvu_88b0f4440c57202b09bb0546,ME,p1_conv_16,19,2025-07-10,coping_attempt,,occurred,1,0,0,1,0,False,False,,
p1,dev,mvu_66fe6b8d1dfeef60fad20fd8,ME,p1_conv_16,19,2025-07-10,life_event,,occurred,1,0,0,1,0,False,False,,
p1,dev,mvu_beda132433cc6c1ad149cd0e,ME,p1_conv_16,19,2025-07-10,relationship_event,,occurred,1,0,0,1,0,False,False,,
p1,dev,mvu_e6d22183293cf59877c290ef,ME,p1_conv_16,19,2025-07-10,meaningful_experience,,ongoing_stage,2,0,0,2,0,False,False,,
p1,dev,mvu_2f80581682fc93b81945c138,ME,p1_conv_16,19,2025-07-10,coping_attempt,,occurred,1,0,0,1,0,False,False,,
p1,dev,mvu_4b7102b827832b1dbdd8daee,ME,p1_conv_17,20,2025-08-15,relationship_event,,occurred,2,0,0,2,0,False,False,,
p1,dev,mvu_577ef54ed90b752d25500ee7,ME,p1_conv_17,20,2025-08-15,coping_attempt,,occurred,1,0,0,1,0,False,False,,
p1,dev,mvu_3f54d60f5094455addf2809b,ME,p1_conv_17,20,2025-08-15,coping_attempt,,ongoing_stage,2,0,0,2,0,False,False,,
p1,dev,mvu_647f6fd965b958d9fcb9e78b,ME,p1_conv_17,20,2025-08-15,meaningful_experience,,occurred,1,0,0,1,0,False,False,,
p1,dev,mvu_2c896ce683945b620b396009,MP,p1_conv_18,21,2025-09-05,identity,identity,,1,0,0,1,0,False,False,,
p1,dev,mvu_5cd39a25d1a0c5ae91dcace3,MP,p1_conv_18,21,2025-09-05,enduring_interest,new_creative_project,,1,0,0,1,0,False,False,,
p1,dev,mvu_7cb765d451f3a8aa34488daf,MP,p1_conv_18,21,2025-09-05,enduring_preference,blogging_as_therapeutic_outlet,,1,0,0,1,0,False,False,,
p1,dev,mvu_554f7251fa5d5ba2549c0265,MP,p1_conv_18,21,2025-09-05,enduring_preference,motivation_for_sharing_personal_story,,1,0,0,1,0,False,False,,
p1,dev,mvu_3906f37acf5f632e9caf5ab1,ME,p1_conv_18,21,2025-09-05,meaningful_experience,,occurred,1,0,0,1,0,False,False,,
p1,dev,mvu_b8174e6e225ccfdf8a995170,ME,p1_conv_18,21,2025-09-05,coping_attempt,,ongoing_stage,1,0,0,1,0,False,False,,
p1,dev,mvu_b0833fdb296857ff71b2b5dc,MP,p1_conv_19,22,2025-10-05,enduring_preference,fear_of_permanent_commitment_in_relationship_and_career,,1,0,0,1,0,False,False,,
p1,dev,mvu_3cff434a44b4c6a003af7d96,MP,p1_conv_19,22,2025-10-05,stable_relationship_role,romantic_communication_difficulty_with_jack,,1,0,0,1,0,False,False,,
p1,dev,mvu_b793f052d8585e5316945867,MP,p1_conv_19,22,2025-10-05,enduring_preference,desire_for_structured_future_conversations_with_partner,,1,0,0,1,0,False,False,,
p1,dev,mvu_d91d4c638da04538d34e18e6,MP,p1_conv_19,22,2025-10-05,enduring_preference,fear_of_emotional_dismissal_in_relationship_discussions,,1,0,0,1,0,False,False,,
p1,dev,mvu_f946a4586375783f03f69472,MP,p1_conv_19,22,2025-10-05,enduring_interest,painting_as_meditative_emotional_processing_tool,,1,0,0,1,0,False,False,,
p1,dev,mvu_14e1c6f46c73667f4d998b89,MP,p1_conv_19,22,2025-10-05,durable_health_constraint,workplace_boundary_enforcement_challenge,,1,0,0,1,0,False,False,,
p1,dev,mvu_55e47840d9cd994297206f26,ME,p1_conv_19,22,2025-10-05,relationship_event,,occurred,1,0,0,1,0,False,False,,
p1,dev,mvu_88f115ade8665347db99c9da,ME,p1_conv_19,22,2025-10-05,support_experience,,occurred,1,0,0,1,0,False,False,,
p1,dev,mvu_284726d507cfd8a78234679c,ME,p1_conv_19,22,2025-10-05,meaningful_experience,,ongoing_stage,1,0,0,1,0,False,False,,
p1,dev,mvu_4a8a4c7feee29d0fce542188,MP,p1_conv_20,23,2025-10-12,enduring_preference,openness_to_mindfulness_as_anxiety_management_strategy,,2,0,0,2,0,False,False,,
p1,dev,mvu_b898b10ec70fd61b0968e940,MP,p1_conv_20,23,2025-10-12,enduring_preference,fear_of_loss_of_independence_in_cohabitation,,1,0,0,1,0,False,False,,
p1,dev,mvu_bc2cf17b9be21b8dc3876bb1,MP,p1_conv_20,23,2025-10-12,durable_health_constraint,work_stress_induced_emotional_distress,,2,0,0,2,0,False,False,,
p1,dev,mvu_c72ce7ffbadcc97e044daba6,ME,p1_conv_20,23,2025-10-12,coping_attempt,,occurred,1,0,0,1,0,False,False,,
p1,dev,mvu_1ebb3a7288f9692f3bb0b2d1,ME,p1_conv_21,24,2025-10-20,relationship_event,,occurred,2,0,0,2,0,False,False,,
p1,dev,mvu_57da5bb35bf24a2a503d6429,ME,p1_conv_21,24,2025-10-20,coping_attempt,,ongoing_stage,1,0,0,1,0,False,False,,
p1,dev,mvu_09b0ebeba6f705f821211f25,MP,p1_conv_22,25,2025-10-28,enduring_interest,new_art_class_participation,,1,0,0,1,0,False,False,,
p1,dev,mvu_3f08889374faddfd62795b5a,MP,p1_conv_22,25,2025-10-28,enduring_preference,self_doubt_in_comparative_creative_settings,,2,0,0,2,0,False,False,,
p1,dev,mvu_a292a5eafddb7c72d173c7c8,MP,p1_conv_22,25,2025-10-28,enduring_preference,mindfulness_practice_status,,2,0,0,2,0,False,False,,
p1,dev,mvu_9849773b6c8f5dcabe607150,MP,p1_conv_22,25,2025-10-28,stable_relationship_role,romantic_relationship_with_jack_current_status,,1,0,0,1,0,False,False,,
p1,dev,mvu_cf83a4b921e90e3383cc726d,MP,p1_conv_22,25,2025-10-28,enduring_preference,focus_on_self_during_relationship_break,,1,0,0,1,0,False,False,,
p1,dev,mvu_e7a327de390446b6055e04d0,ME,p1_conv_22,25,2025-10-28,life_event,,occurred,1,0,0,1,0,False,False,,
p1,dev,mvu_b47a1572bc14e8a3497f645d,ME,p1_conv_22,25,2025-10-28,meaningful_experience,,occurred,2,0,0,2,0,False,False,,
p1,dev,mvu_ee5cd6106200afbb60e7ea86,ME,p1_conv_22,25,2025-10-28,coping_attempt,,ongoing_stage,2,0,0,2,0,False,False,,
p1,dev,mvu_2ca85fbb2ffc87c94e5d8385,ME,p1_conv_22,25,2025-10-28,relationship_event,,occurred,1,0,0,1,0,False,False,,
p1,dev,mvu_d2853cd9121efae757e39376,MP,p1_conv_23,26,2025-11-12,stable_relationship_role,reconnection_with_old_college_friend,,1,0,0,1,0,False,False,,
p1,dev,mvu_d861f7b16f9034bea2242be4,MP,p1_conv_23,26,2025-11-12,enduring_preference,emotional_response_to_past_connections,,1,0,0,1,0,False,False,,
p1,dev,mvu_6f08ed6b040972d9b202549f,MP,p1_conv_23,26,2025-11-12,enduring_preference,coping_strategy_for_emotional_overload,,1,0,0,1,0,False,False,,
p1,dev,mvu_29f8fb7abdc9120a1d19a804,MP,p1_conv_23,26,2025-11-12,stable_relationship_role,therapeutic_focus_recently,,1,0,0,1,0,False,False,,
p1,dev,mvu_1462b16bb0ececbbf5569bfe,MP,p1_conv_23,26,2025-11-12,enduring_preference,preferred_sequence_of_support,,1,0,0,1,0,False,False,,
p1,dev,mvu_b3417491d1fefc4754d7b290,MP,p1_conv_23,26,2025-11-12,enduring_preference,value_in_old_friend_supportiveness,,1,0,0,1,0,False,False,,
p1,dev,mvu_e92f9c9f869837306939c4ba,MP,p1_conv_23,26,2025-11-12,enduring_preference,approach_to_new_social_commitments,,1,0,0,1,0,False,False,,
p1,dev,mvu_e294dfbb79cefa36d69edce1,MP,p1_conv_23,26,2025-11-12,enduring_interest,focus_on_uplifting_activities,,1,0,0,1,0,False,False,,
p1,dev,mvu_ebba47881cdfc8ecb13d15de,ME,p1_conv_23,26,2025-11-12,relationship_event,,occurred,1,0,0,1,0,False,False,,
p1,dev,mvu_8be1e00118520412f530ade7,ME,p1_conv_23,26,2025-11-12,meaningful_experience,,occurred,1,0,0,1,0,False,False,,
p1,dev,mvu_0860bcd4c91ca689cc89c40f,ME,p1_conv_23,26,2025-11-12,life_event,,occurred,1,0,0,1,0,False,False,,
p1,dev,mvu_33185bc26cab926b7434f344,ME,p1_conv_23,26,2025-11-12,meaningful_experience,,occurred,1,0,0,1,0,False,False,,
p1,dev,mvu_dca6d8e677b29d60ddd09a5f,ME,p1_conv_24,27,2025-11-20,relationship_event,,occurred,2,0,0,2,0,False,False,,
p1,dev,mvu_d5d1b4fd57ed3311dd4787e9,ME,p1_conv_24,27,2025-11-20,meaningful_experience,,occurred,2,0,0,2,0,False,False,,
p1,dev,mvu_10f644b49efe8649df1dbbfb,ME,p1_conv_25,28,2025-12-01,life_event,,occurred,1,0,0,1,0,False,False,,
p1,dev,mvu_fe2f66e4b4f2115d71f3e88c,ME,p1_conv_25,28,2025-12-01,meaningful_experience,,ongoing_stage,1,0,0,1,0,False,False,,
p1,dev,mvu_c5336241048d7c7b96dda890,ME,p1_conv_25,28,2025-12-01,support_experience,,occurred,1,0,0,1,0,False,False,,
p1,dev,mvu_f37d8bed6315263ed42a8416,MP,p1_conv_26,29,2025-12-22,enduring_preference,blogging_as_therapeutic_outlet,,2,0,0,2,0,True,False,,
p1,dev,mvu_ab8cb0983eafdac4f4232d08,MP,p1_conv_26,29,2025-12-22,enduring_interest,new_creative_project,,1,0,0,1,0,True,False,,
p1,dev,mvu_91e99190632c0d19618e9dcc,MP,p1_conv_26,29,2025-12-22,enduring_preference,emotional_response_to_positive_feedback_on_personal_sharing,,2,0,0,2,0,False,False,,
p1,dev,mvu_f83212d0f4ae3edc566eacdc,MP,p1_conv_26,29,2025-12-22,enduring_preference,contrast_between_workplace_and_creative_outlet_feedback,,1,0,0,1,0,False,False,,
p1,dev,mvu_96eed0e4877c5107d73b3e37,MP,p1_conv_26,29,2025-12-22,enduring_preference,creative_activities_as_balancing_act_with_stress,,1,0,0,1,0,False,False,,
p1,dev,mvu_8879ab3f8b63148bfe208ca8,MP,p1_conv_26,29,2025-12-22,enduring_preference,therapy_and_creative_exploration_as_growth_path,,1,0,0,1,0,False,False,,
p1,dev,mvu_2f02fd85d3330613773d84ee,MP,p1_conv_26,29,2025-12-22,enduring_interest,future_direction_for_writing,,2,0,0,2,0,False,False,,
p1,dev,mvu_5e1bb3d4232b269c0c993fba,ME,p1_conv_26,29,2025-12-22,meaningful_experience,,occurred,1,0,0,1,0,False,False,,
p1,dev,mvu_a1daa881141e1d441bd68028,ME,p1_conv_26,29,2025-12-22,coping_attempt,,ongoing_stage,1,0,0,1,0,False,False,,
p1,dev,mvu_b6d838e9adcb76fd7d231853,ME,p1_conv_26,29,2025-12-22,support_experience,,occurred,1,0,0,1,0,False,False,,
p1,dev,mvu_990f84444ee4313c960cad52,ME,p1_conv_26,29,2025-12-22,state_onset,,occurred,1,0,0,1,0,False,False,,
p1,dev,mvu_ac7d3577321ca98fc783ce03,ME,p1_conv_26,29,2025-12-22,meaningful_experience,,occurred,1,0,0,1,0,False,False,,
p1,dev,mvu_e68a1498c645c120f53ed9de,ME,p1_conv_26,29,2025-12-22,life_event,,ongoing_stage,1,0,0,1,0,False,False,,
p1,dev,mvu_2d6e31b6c6213c4c53e258c8,ME,p1_conv_26,29,2025-12-22,meaningful_experience,,occurred,1,0,0,1,0,False,False,,
p1,dev,mvu_78ab444ce7490f061e5d3638,ME,p1_conv_26,29,2025-12-22,coping_attempt,,ongoing_stage,1,0,0,1,0,False,False,,
p1,dev,mvu_b2b15fdce2e8d54c99c5e50e,MP,p1_conv_27,30,2025-12-28,stable_relationship_role,romantic_relationship_with_jack_current_status,,3,0,0,3,0,False,False,,
p1,dev,mvu_09f0470c72bc5fd100c22d00,MP,p1_conv_27,30,2025-12-28,enduring_interest,painting_as_relational_communication_tool,,2,0,0,2,0,False,False,,
p1,dev,mvu_ca682b52af36abaabfc44aa2,MP,p1_conv_27,30,2025-12-28,enduring_interest,blogging_thematic_direction,,2,0,0,2,0,False,False,,
p1,dev,mvu_85dc3e85e52ed534afd66e28,ME,p1_conv_27,30,2025-12-28,relationship_event,,occurred,2,0,0,2,0,False,False,,
p1,dev,mvu_2773af5a9ad84fb5d166077a,ME,p1_conv_27,30,2025-12-28,meaningful_experience,,occurred,2,0,0,2,0,False,False,,
p1,dev,mvu_b5aba4fb58bdbb77b278a743,ME,p1_conv_27,30,2025-12-28,life_event,,ongoing_stage,2,0,0,2,0,False,False,,
p1,dev,mvu_c1d1e757b7aebfaab0b36a6f,ME,p1_conv_27,30,2025-12-28,coping_attempt,,occurred,2,0,0,2,0,False,False,,
p1,dev,mvu_2eb4af684f5f961ae97c01b6,ME,p1_conv_27,30,2025-12-28,support_experience,,occurred,2,0,0,2,0,False,False,,
p1,dev,mvu_f5f83b38f32c637352671258,MP,p1_conv_28,31,2025-12-31,enduring_preference,emotional_response_to_friend_recovery_and_renewed_connection,,2,0,0,2,0,False,False,,
p1,dev,mvu_1ebcff5888b23a1ecd82345e,MP,p1_conv_28,31,2025-12-31,enduring_interest,blogging_and_art_as_sustained_healing_outlets,,1,0,0,1,0,False,False,,
p1,dev,mvu_74428f6f8ae66ac1c5f7a396,MP,p1_conv_28,31,2025-12-31,enduring_preference,fear_of_regression_in_personal_growth_journey,,1,0,0,1,0,False,False,,
p1,dev,mvu_c60d46de46f12947bbef2c85,MP,p1_conv_28,31,2025-12-31,enduring_preference,balance_between_supporting_friends_and_self_preservation,,2,0,0,2,0,False,False,,
p1,dev,mvu_736fd22e4ad129cb2deca580,ME,p1_conv_28,31,2025-12-31,relationship_event,,occurred,1,0,0,1,0,False,False,,
p1,dev,mvu_7fb22982ee022c25b06bbb3b,ME,p1_conv_28,31,2025-12-31,meaningful_experience,,occurred,1,0,0,1,0,False,False,,
p1,dev,mvu_ce820c19cff1a19b92e8b34f,ME,p1_conv_28,31,2025-12-31,support_experience,,occurred,1,0,0,1,0,False,False,,
p10,train,mvu_136e6de6e31f72d3686f2328,MP,esc81,0,2024-07-01,occupation,current_job_role,,1,0,0,1,0,False,False,,
p10,train,mvu_f56d9cdf522852bfb9779a5f,MP,esc81,0,2024-07-01,occupation,job_tenure,,1,0,0,1,0,False,False,,
p10,train,mvu_b3980c1520b200ed8e770c4b,ME,esc81,0,2024-07-01,life_event,,occurred,1,0,0,1,0,False,False,,
p10,train,mvu_156ba03c9f063d406440ed40,ME,esc81,0,2024-07-01,coping_attempt,,occurred,1,0,0,1,0,False,False,,
p10,train,mvu_7c6b2da060da50e1d772217e,ME,esc81,0,2024-07-01,coping_attempt,,occurred,2,0,0,2,0,False,False,,
p10,train,mvu_f388f45d147a0b20e1c3a21a,MP,esc1290,1,2024-07-14,stable_relationship_role,marital_status,,1,0,0,1,0,False,False,,
p10,train,mvu_0455b666b9aa12c8bcbcc646,MP,esc1290,1,2024-07-14,stable_relationship_role,parent_of_adult_son,,1,0,0,1,0,False,False,,
p10,train,mvu_7a739369537773f6bb90c8e3,MP,esc1290,1,2024-07-14,durable_health_constraint,experiencing_depression,,1,0,0,1,0,False,False,,
p10,train,mvu_275dbe03ee799510c9c723ff,MP,esc1290,1,2024-07-14,enduring_interest,coping_activity_running,,1,0,0,1,0,False,False,,
p10,train,mvu_083c074c8a4d397c7161f800,ME,esc1290,1,2024-07-14,relationship_event,,occurred,1,0,0,1,0,False,False,,
p10,train,mvu_4e25d6ee6a854c48f9253d74,ME,esc1290,1,2024-07-14,life_event,,ongoing_stage,1,0,0,1,0,False,False,,
p10,train,mvu_1c7e9e33c59283fc2d6ae353,ME,esc1290,1,2024-07-14,state_onset,,occurred,1,0,0,1,0,False,False,,
p10,train,mvu_dd245f3784d66b51974dd870,ME,esc1290,1,2024-07-14,coping_attempt,,ongoing_stage,1,0,0,1,0,False,False,,
p10,train,mvu_c7aa2da1ec449431e448e94b,ME,esc1290,1,2024-07-14,meaningful_experience,,occurred,1,0,0,1,0,False,False,,
p10,train,mvu_1d2b9e22f0eea2da1e0b33e4,ME,esc1290,1,2024-07-14,state_change,,occurred,1,0,0,1,0,False,False,,
p10,train,mvu_d6a73cfef12494f4cf710066,MP,esc1029,2,2024-08-25,durable_health_constraint,experiencing_depression,,1,0,0,1,0,True,True,citation_sufficient,retain_reassertion_subject_to_per_prefix_ontology_and_time_review
p10,train,mvu_4dd6ceb12e973d26ae08bd2f,ME,esc1029,2,2024-08-25,state_onset,,occurred,1,0,0,1,0,False,False,,
p10,train,mvu_00a57eb9326dd753861fbb9c,ME,esc1029,2,2024-08-25,relationship_event,,ongoing_stage,4,0,0,4,0,False,False,,
p10,train,mvu_c6070dd3ca34ad8f0d4733fe,ME,esc1029,2,2024-08-25,meaningful_experience,,occurred,1,0,0,1,0,False,False,,
p10,train,mvu_3740d9a171de474a35e7c61c,ME,esc1000,3,2024-09-06,meaningful_experience,,occurred,1,0,0,1,0,False,False,,
p10,train,mvu_4cc4a25b8b73a225a766bfce,ME,esc1000,3,2024-09-06,state_onset,,occurred,1,0,0,1,0,False,False,,
p10,train,mvu_dc68195e0efad84f2825fc6a,ME,esc1000,3,2024-09-06,coping_attempt,,occurred,2,0,0,2,0,False,False,,
p10,train,mvu_b592c4a0aeb9a00072dbbb82,MP,p10_conv_1,4,2024-10-10,stable_relationship_role,marital_status,,1,0,0,1,0,True,True,citation_partial,suppress_unsupported_new_version_without_automatic_fallback
p10,train,mvu_ab1eb632efb1640a284f9725,MP,p10_conv_1,4,2024-10-10,stable_relationship_role,spouse_name,,1,0,0,1,0,False,False,,
p10,train,mvu_b937d7a4116bf1ab9a8ab468,ME,p10_conv_1,4,2024-10-10,transient_state,,ongoing_stage,1,0,0,1,0,False,False,,
p10,train,mvu_4d7dfdea5b19d44349a6148c,MP,p10_conv_2,5,2024-10-15,enduring_interest,coping_activity_mindfulness,,1,0,0,1,0,False,False,,
p10,train,mvu_e4df6e14235387b649698b1e,ME,p10_conv_2,5,2024-10-15,relationship_event,,ongoing_stage,2,0,0,2,0,False,False,,
p10,train,mvu_bf8fa41320ba2b7876370982,ME,p10_conv_2,5,2024-10-15,life_event,,occurred,1,0,0,1,0,False,False,,
p10,train,mvu_061e49e3176f606a05daddbc,MP,p10_conv_3,6,2024-10-25,enduring_interest,coping_activity_therapy,,1,0,0,1,0,False,False,,
p10,train,mvu_b36aa75a9454a599399a5c16,MP,p10_conv_3,6,2024-10-25,enduring_interest,coping_strategy_breathing_techniques,,1,0,0,1,0,False,False,,
p10,train,mvu_573743f44838cea893c5f431,ME,p10_conv_3,6,2024-10-25,relationship_event,,occurred,1,0,0,1,0,False,False,,
p10,train,mvu_ac64a454cc345ea8f5ea12d2,ME,p10_conv_3,6,2024-10-25,coping_attempt,,ongoing_stage,1,0,0,1,0,False,False,,
p10,train,mvu_f9d398000a32b939c155f472,ME,p10_conv_3,6,2024-10-25,coping_attempt,,ongoing_stage,1,0,0,1,0,False,False,,
p10,train,mvu_de3038e53f3cd7b55e12e285,ME,p10_conv_3,6,2024-10-25,meaningful_experience,,occurred,1,0,0,1,0,False,False,,
p10,train,mvu_86026e05b602be2afaa0ff75,MP,p10_conv_4,7,2024-11-05,enduring_interest,coping_activity_therapy,,1,0,0,1,0,True,True,citation_sufficient,retain_reassertion_subject_to_per_prefix_ontology_and_time_review
p10,train,mvu_b9c866c40303f5c73cd4e120,ME,p10_conv_4,7,2024-11-05,relationship_event,,occurred,1,0,0,1,0,False,False,,
p10,train,mvu_052e5db50cb3aa56c6cab00e,ME,p10_conv_4,7,2024-11-05,meaningful_experience,,ongoing_stage,1,0,0,1,0,False,False,,
p10,train,mvu_6b9d6507fe9f0177772a17f5,ME,p10_conv_4,7,2024-11-05,support_experience,,occurred,1,0,0,1,0,False,False,,
p10,train,mvu_15af69e5d30f9b3d526d539f,MP,p10_conv_5,8,2024-11-15,enduring_interest,coping_activity_reading,,1,0,0,1,0,False,False,,
p10,train,mvu_d2d7aea32ab7673e79d92083,MP,p10_conv_5,8,2024-11-15,enduring_interest,coping_activity_walking,,1,0,0,1,0,False,False,,
p10,train,mvu_190676d5b20e85fb2d16ff47,ME,p10_conv_5,8,2024-11-15,life_event,,occurred,1,0,0,1,0,False,False,,
p10,train,mvu_429b16bcbfbb0744f86cfeca,ME,p10_conv_5,8,2024-11-15,relationship_event,,ongoing_stage,1,0,0,1,0,False,False,,
p10,train,mvu_6c7076eba16ecb6b4513b31a,ME,p10_conv_5,8,2024-11-15,state_onset,,occurred,1,0,0,1,0,False,False,,
p10,train,mvu_8e02f33cdf6b72bbb73efc73,ME,p10_conv_5,8,2024-11-15,coping_attempt,,occurred,1,0,0,1,0,False,False,,
p10,train,mvu_1953c0ab6d9f6501997067d7,ME,p10_conv_5,8,2024-11-15,support_experience,,occurred,5,0,0,5,0,False,False,,
p10,train,mvu_69073f682616239ba3408e1b,MP,p10_conv_6,9,2024-12-20,occupation,spouse_job_status,,1,0,0,1,0,False,False,,
p10,train,mvu_46cac2ab162d4923c60bea59,MP,p10_conv_6,9,2024-12-20,durable_health_constraint,experiencing_anxiety_about_job_stability,,1,0,0,1,0,False,False,,
p10,train,mvu_b48eb91b1e3944eee501c067,ME,p10_conv_6,9,2024-12-20,relationship_event,,occurred,1,0,0,1,0,False,False,,
p10,train,mvu_2c08333ce1a738a81a6e9f64,ME,p10_conv_6,9,2024-12-20,coping_attempt,,ongoing_stage,1,0,0,1,0,False,False,,
p10,train,mvu_a90d4195fd02c495e2005129,ME,p10_conv_6,9,2024-12-20,life_event,,occurred,1,0,0,1,0,False,False,,
p10,train,mvu_80a9562b875eedc4e75f83a9,MP,p10_conv_7,10,2024-12-30,stable_relationship_role,parent_of_adult_son,,1,0,0,1,0,True,True,citation_partial,suppress_unsupported_new_version_without_automatic_fallback
p10,train,mvu_b487fbd21aed592f0f2087c3,ME,p10_conv_7,10,2024-12-30,relationship_event,,occurred,1,0,0,1,0,False,False,,
p10,train,mvu_480ba85e3eab8bd8733bdb3d,ME,p10_conv_7,10,2024-12-30,relationship_event,,ongoing_stage,1,0,0,1,0,False,False,,
p10,train,mvu_fca7c002de67da3b54408250,ME,p10_conv_7,10,2024-12-30,life_event,,ongoing_stage,1,0,0,1,0,False,False,,
p10,train,mvu_08dcf9798306fe69e43707b1,ME,p10_conv_7,10,2024-12-30,coping_attempt,,occurred,1,0,0,1,0,False,False,,
p10,train,mvu_8a80170a1a366d6d555fe865,MP,p10_conv_8,11,2025-01-10,enduring_interest,coping_activity_walking,,1,0,0,1,0,True,True,citation_sufficient,retain_reassertion_subject_to_per_prefix_ontology_and_time_review
p10,train,mvu_88dd7fc22be88340d9e859de,ME,p10_conv_8,11,2025-01-10,meaningful_experience,,occurred,1,0,0,1,0,False,False,,
p10,train,mvu_70daebfc160bc202f765a5a4,ME,p10_conv_8,11,2025-01-10,relationship_event,,ongoing_stage,2,0,0,2,0,False,False,,
p10,train,mvu_49c9994fe160d0793e993f4e,ME,p10_conv_8,11,2025-01-10,life_event,,ongoing_stage,1,0,0,1,0,False,False,,
p10,train,mvu_3f3f51c59a3ec013458d9c5f,ME,p10_conv_8,11,2025-01-10,coping_attempt,,occurred,1,0,0,1,0,False,False,,
p10,train,mvu_e82b4086a1334bc3380e608f,ME,p10_conv_8,11,2025-01-10,support_experience,,occurred,1,0,0,1,0,False,False,,
p10,train,mvu_55ed18c7dd2f04dd994581f2,MP,p10_conv_9,12,2025-02-05,stable_relationship_role,parent_of_youngest_son_george,,1,0,0,1,0,False,False,,
p10,train,mvu_925af8f63cf4992d08d20b2a,MP,p10_conv_9,12,2025-02-05,stable_relationship_role,parent_of_older_son_jerry,,1,0,0,1,0,False,False,,
p10,train,mvu_326de8c5ab930fad02f490a9,ME,p10_conv_9,12,2025-02-05,relationship_event,,occurred,1,0,0,1,0,False,False,,
p10,train,mvu_0898128a4a760a3195c9fcad,ME,p10_conv_9,12,2025-02-05,meaningful_experience,,occurred,1,0,0,1,0,False,False,,
p10,train,mvu_3dd5b8c5b63dfba850e2615a,ME,p10_conv_9,12,2025-02-05,coping_attempt,,ongoing_stage,1,0,0,1,0,False,False,,
p10,train,mvu_6c06c5a20f7210060463feb4,ME,p10_conv_9,12,2025-02-05,meaningful_experience,,occurred,1,0,0,1,0,False,False,,
p10,train,mvu_9d45037f67857a22080987a0,ME,p10_conv_9,12,2025-02-05,meaningful_experience,,ongoing_stage,1,0,0,1,0,False,False,,
p10,train,mvu_8808d24befe191270c34b3e9,ME,p10_conv_9,12,2025-02-05,coping_attempt,,ongoing_stage,1,0,0,1,0,False,False,,
p10,train,mvu_21fdbd579a345c371af0fbee,ME,p10_conv_9,12,2025-02-05,relationship_event,,ongoing_stage,1,0,0,1,0,False,False,,
p10,train,mvu_dadc99d6232af9f648959c13,MP,p10_conv_10,13,2025-03-05,occupation,spouse_job_status,,1,0,0,1,0,False,False,,
p10,train,mvu_9c5030006bc7f7c650081fa7,ME,p10_conv_10,13,2025-03-05,relationship_event,,occurred,1,0,0,1,0,False,False,,
p10,train,mvu_51bcc2b6a36157b785345500,ME,p10_conv_10,13,2025-03-05,meaningful_experience,,ongoing_stage,1,0,0,1,0,False,False,,
p10,train,mvu_80bd325e738dad425f34d368,ME,p10_conv_10,13,2025-03-05,meaningful_experience,,ongoing_stage,1,0,0,1,0,False,False,,
p10,train,mvu_d7f93ce47e1d1a3144ea780a,ME,p10_conv_10,13,2025-03-05,coping_attempt,,occurred,1,0,0,1,0,False,False,,
p10,train,mvu_b2e305c867fdb2bb5d4277e9,MP,p10_conv_11,14,2025-04-01,stable_relationship_role,parent_of_youngest_son_george,,1,0,0,1,0,True,True,citation_partial,suppress_unsupported_new_version_without_automatic_fallback
p10,train,mvu_47d163b99a7ebb4f0809617d,MP,p10_conv_11,14,2025-04-01,enduring_interest,coping_strategy_focus_on_positives,,1,0,0,1,0,False,False,,
p10,train,mvu_4e32719ed56900eeba5b8cfe,ME,p10_conv_11,14,2025-04-01,life_event,,occurred,1,0,0,1,0,False,False,,
p10,train,mvu_2e5efdbfd9bb9a0d1db64bfe,ME,p10_conv_11,14,2025-04-01,meaningful_experience,,occurred,1,0,0,1,0,False,False,,
p10,train,mvu_6a24eb9a37af810b162c2c5d,ME,p10_conv_11,14,2025-04-01,meaningful_experience,,ongoing_stage,1,0,0,1,0,False,False,,
p10,train,mvu_ad6e43e6f7479c1ff02ec584,ME,p10_conv_11,14,2025-04-01,support_experience,,occurred,1,0,0,1,0,False,False,,
p10,train,mvu_f285a535def60b02a6ee87f1,ME,p10_conv_11,14,2025-04-01,coping_attempt,,occurred,1,0,0,1,0,False,False,,
p10,train,mvu_538cc2afe2accc2a0ce80179,MP,p10_conv_12,15,2025-05-12,enduring_interest,coping_activity_meditation,,1,0,0,1,0,False,False,,
p10,train,mvu_c48b562ca4e26d8e4230c199,ME,p10_conv_12,15,2025-05-12,life_event,,occurred,2,0,0,2,0,False,False,,
p10,train,mvu_ea1cabbd1e1af7c05dc7c97e,ME,p10_conv_12,15,2025-05-12,state_onset,,occurred,1,0,0,1,0,False,False,,
p10,train,mvu_8b84b3c05ff87ecf2a44713b,ME,p10_conv_12,15,2025-05-12,relationship_event,,ongoing_stage,1,0,0,1,0,False,False,,
p10,train,mvu_1c331eecb738c8de3b906443,ME,p10_conv_12,15,2025-05-12,meaningful_experience,,ongoing_stage,1,0,0,1,0,False,False,,
p10,train,mvu_48187c016dd3f228ebdfce68,ME,p10_conv_12,15,2025-05-12,support_experience,,ongoing_stage,1,0,0,1,0,False,False,,
p10,train,mvu_e4fbe67f44ae349fcfd06ece,ME,p10_conv_12,15,2025-05-12,life_event,,occurred,1,0,0,1,0,False,False,,
p10,train,mvu_36a030eae3ce237c18e5396c,ME,p10_conv_12,15,2025-05-12,relationship_event,,occurred,1,0,0,1,0,False,False,,
p10,train,mvu_234c1a9553318031a1df9b75,MP,p10_conv_13,16,2025-09-10,enduring_interest,pet_companion_dog,,1,0,0,1,0,False,False,,
p10,train,mvu_1dafc892a9f8a9a83a2196bf,MP,p10_conv_13,16,2025-09-10,stable_relationship_role,pet_dog_name_max,,1,0,0,1,0,False,False,,
p10,train,mvu_d522e5ff738597edbe919705,ME,p10_conv_13,16,2025-09-10,life_event,,occurred,1,0,0,1,0,False,False,,
p10,train,mvu_7faf22433c9c126fcd4ea11e,ME,p10_conv_13,16,2025-09-10,meaningful_experience,,ongoing_stage,1,0,0,1,0,False,False,,
p10,train,mvu_49f7c4757aa3bb05fa9a3bb0,ME,p10_conv_13,16,2025-09-10,relationship_event,,ongoing_stage,1,0,0,1,0,False,False,,
p10,train,mvu_10e91d83fa874b987e6c59c8,ME,p10_conv_13,16,2025-09-10,support_experience,,ongoing_stage,1,0,0,1,0,False,False,,
p10,train,mvu_0bb3d1861150458d1b2060de,ME,p10_conv_13,16,2025-09-10,coping_attempt,,ongoing_stage,1,0,0,1,0,False,False,,
p10,train,mvu_b44db25c28230d2681195d81,ME,p10_conv_13,16,2025-09-10,state_change,,occurred,1,0,0,1,0,False,False,,
p10,train,mvu_01d3ef07ae2f52fff154a32b,MP,p10_conv_14,17,2025-09-30,stable_relationship_role,parent_of_older_son_jerry,,1,0,0,1,0,True,False,,
p10,train,mvu_53128596cfb5ed533d828a2b,ME,p10_conv_14,17,2025-09-30,relationship_event,,occurred,1,0,0,1,0,False,False,,
p10,train,mvu_dfccdd8f636bcd58e8e83c3a,ME,p10_conv_14,17,2025-09-30,meaningful_experience,,occurred,1,0,0,1,0,False,False,,
p10,train,mvu_e3802ce4bdf8cc5d5456b90d,ME,p10_conv_14,17,2025-09-30,relationship_event,,occurred,1,0,0,1,0,False,False,,
p10,train,mvu_81c7a737f4d0ae46f5cbabee,ME,p10_conv_14,17,2025-09-30,meaningful_experience,,occurred,1,0,0,1,0,False,False,,
p10,train,mvu_fac1025fb092c28e08f4f7fe,ME,p10_conv_14,17,2025-09-30,relationship_event,,ongoing_stage,2,0,0,2,0,False,False,,
p10,train,mvu_804497125909b041fb22be5f,ME,p10_conv_14,17,2025-09-30,coping_attempt,,ongoing_stage,1,0,0,1,0,False,False,,
p10,train,mvu_07e5b182ab8fb8f42ea27de3,ME,p10_conv_14,17,2025-09-30,support_experience,,occurred,1,0,0,1,0,False,False,,
p11,train,mvu_3c131a5e5ad544adc9a7d614,MP,esc1216,0,2024-07-10,durable_health_constraint,learning_difficulties,,1,0,0,1,0,False,False,,
p11,train,mvu_09fe513b2e59f6320a0a3f3e,MP,esc1216,0,2024-07-10,enduring_preference,study_method_preference,,1,0,0,1,0,False,False,,
p11,train,mvu_38b36a12c9aef29aaf08a1f0,MP,esc1216,0,2024-07-10,durable_health_constraint,attention_span,,1,0,0,1,0,False,False,,
p11,train,mvu_fa539f21effb43ccc31ca107,ME,esc1216,0,2024-07-10,coping_attempt,,ongoing_stage,1,0,0,1,0,False,False,,
p11,train,mvu_63af436cd770ed1a14f97cc8,ME,esc1216,0,2024-07-10,coping_attempt,,ongoing_stage,1,0,0,1,0,False,False,,
p11,train,mvu_5bb440f74ff99efb9c4a38ec,ME,esc1216,0,2024-07-10,relationship_event,,occurred,1,0,0,1,0,False,False,,
p11,train,mvu_9a7e1b3989b638a1ccbc0e83,ME,esc1216,0,2024-07-10,state_onset,,occurred,1,0,0,1,0,False,False,,
p11,train,mvu_146ef6c57d36f73403c1c4fe,ME,esc1216,0,2024-07-10,coping_attempt,,ongoing_stage,1,0,0,1,0,False,False,,
p11,train,mvu_8a9448a7ef899c081d975ec5,MP,esc768,1,2024-09-05,enduring_interest,leisure_activity_reading,,1,0,0,1,0,False,False,,
p11,train,mvu_c61ea3be14cb526dd23accbc,ME,esc768,1,2024-09-05,relationship_event,,occurred,1,0,0,1,0,False,False,,
p11,train,mvu_78be7586587ef05ad91f44d0,ME,esc768,1,2024-09-05,coping_attempt,,occurred,1,0,0,1,0,False,False,,
p11,train,mvu_6b37e9ec9b66d8e335f88d1b,ME,esc768,1,2024-09-05,relationship_event,,occurred,1,0,0,1,0,False,False,,
p11,train,mvu_b12aa8dd4f3e4e934be5187e,ME,esc768,1,2024-09-05,coping_attempt,,occurred,1,0,0,1,0,False,False,,
p11,train,mvu_c79da57889dc77b4a00cb329,MP,esc860,2,2024-09-15,stable_relationship_role,relationship_status,,2,0,0,2,0,False,False,,
p11,train,mvu_f8f365c88703eb51ba9b20af,ME,esc860,2,2024-09-15,relationship_event,,occurred,1,0,0,1,0,False,False,,
p11,train,mvu_a2e252ec56b514c20b66ec89,ME,esc860,2,2024-09-15,life_event,,occurred,1,0,0,1,0,False,False,,
p11,train,mvu_c943b1dedd6c84a950a52c59,ME,esc860,2,2024-09-15,meaningful_experience,,occurred,1,0,0,1,0,False,False,,
p11,train,mvu_02a12fb170fae4aba842515c,MP,esc1098,3,2024-09-25,enduring_interest,education_importance_family,,1,0,0,1,0,False,False,,
p11,train,mvu_d86af295e954f33415cdc39c,MP,esc1098,3,2024-09-25,identity,father_occupation,,1,0,0,1,0,False,False,,
p11,train,mvu_092d3dd8bc3306d2cb810e88,ME,esc1098,3,2024-09-25,state_onset,,occurred,1,0,0,1,0,False,False,,
p11,train,mvu_e9a3c4da79ac941d30c28b29,ME,esc1098,3,2024-09-25,action_observed_outcome,,occurred,1,0,0,1,0,False,False,,
p11,train,mvu_b8b88c898fa5330f93d42e6e,ME,esc427,4,2024-09-30,transient_state,,occurred,2,0,0,2,0,False,False,,
p11,train,mvu_3ad3f12079c4db0353803495,ME,esc427,4,2024-09-30,coping_attempt,,occurred,2,0,0,2,0,False,False,,
p11,train,mvu_e90afb6c4048d8bce5f58804,ME,p11_conv_1,5,2024-10-15,relationship_event,,occurred,2,0,0,2,0,False,False,,
p11,train,mvu_bd12f9011e2f73160cdeb9d2,ME,p11_conv_1,5,2024-10-15,relationship_event,,ongoing_stage,1,0,0,1,0,False,False,,
p11,train,mvu_42a2e6d1ab150f1373922f76,ME,p11_conv_1,5,2024-10-15,meaningful_experience,,occurred,1,0,0,1,0,False,False,,
p11,train,mvu_d2c354de0e688b52d8815401,MP,p11_conv_2,6,2024-10-20,enduring_interest,leisure_activity_art,,1,0,0,1,0,False,False,,
p11,train,mvu_ff0d2803dbf625921873aed2,MP,p11_conv_2,6,2024-10-20,enduring_interest,leisure_activity_writing,,1,0,0,1,0,False,False,,
p11,train,mvu_f289af236cb9011b6fb45d39,ME,p11_conv_2,6,2024-10-20,relationship_event,,ongoing_stage,2,0,0,2,0,False,False,,
p11,train,mvu_09419706710c2bc5155dd800,ME,p11_conv_2,6,2024-10-20,relationship_event,,occurred,2,0,0,2,0,False,False,,
p11,train,mvu_45c922e18466ac69c59c4971,ME,p11_conv_2,6,2024-10-20,coping_attempt,,occurred,1,0,0,1,0,False,False,,
p11,train,mvu_e6bd2b3c2f5d0e387e4a858a,ME,p11_conv_2,6,2024-10-20,meaningful_experience,,occurred,1,0,0,1,0,False,False,,
p11,train,mvu_a5032de80effbfcbc2c29c2d,ME,p11_conv_2,6,2024-10-20,support_experience,,occurred,1,0,0,1,0,False,False,,
p11,train,mvu_3e9b75d6e5e8632937fe84cf,ME,p11_conv_2,6,2024-10-20,coping_attempt,,occurred,1,0,0,1,0,False,False,,
p11,train,mvu_90f994781b121b28503405f4,ME,p11_conv_3,7,2024-11-05,life_event,,occurred,1,0,0,1,0,False,False,,
p11,train,mvu_dacc7d714c696591de7ea918,ME,p11_conv_3,7,2024-11-05,relationship_event,,ongoing_stage,2,0,0,2,0,False,False,,
p11,train,mvu_79d6c6b99515e834182e798e,ME,p11_conv_3,7,2024-11-05,meaningful_experience,,occurred,1,0,0,1,0,False,False,,
p11,train,mvu_7a39fceab6cc985932cd2339,ME,p11_conv_4,8,2024-11-10,relationship_event,,occurred,1,0,0,1,0,False,False,,
p11,train,mvu_aeaa23eea0df3a4dbb580d9d,ME,p11_conv_4,8,2024-11-10,relationship_event,,occurred,1,0,0,1,0,False,False,,
p11,train,mvu_b34b978bdc8fee4297552134,ME,p11_conv_4,8,2024-11-10,life_event,,occurred,1,0,0,1,0,False,False,,
p11,train,mvu_e9b61bdb0bff2127038594c0,ME,p11_conv_4,8,2024-11-10,state_onset,,occurred,1,0,0,1,0,False,False,,
p11,train,mvu_ae90fe70b588a5b491f11039,ME,p11_conv_4,8,2024-11-10,state_change,,occurred,1,0,0,1,0,False,False,,
p11,train,mvu_cdd8158e1c3c9e93905f8232,ME,p11_conv_4,8,2024-11-10,coping_attempt,,ongoing_stage,1,0,0,1,0,False,False,,
p11,train,mvu_0edfe76450156f66b08a97bb,ME,p11_conv_4,8,2024-11-10,meaningful_experience,,ongoing_stage,1,0,0,1,0,False,False,,
p11,train,mvu_e0723bdf026ca31049487b2b,ME,p11_conv_5,9,2024-11-12,relationship_event,,occurred,1,0,0,1,0,False,False,,
p11,train,mvu_ff345a001d554a678f02ec26,ME,p11_conv_5,9,2024-11-12,life_event,,occurred,1,0,0,1,0,False,False,,
p11,train,mvu_827fdc5ff86ce9a80e65b7b0,ME,p11_conv_5,9,2024-11-12,state_onset,,occurred,1,0,0,1,0,False,False,,
p11,train,mvu_c92edef101ab38d18bd73bbd,ME,p11_conv_5,9,2024-11-12,relationship_event,,ongoing_stage,1,0,0,1,0,False,False,,
p11,train,mvu_52a339d59f70a5e43957752b,ME,p11_conv_5,9,2024-11-12,coping_attempt,,occurred,1,0,0,1,0,False,False,,
p11,train,mvu_8769df6d5eb73ceab553152e,ME,p11_conv_6,10,2024-11-30,life_event,,occurred,1,0,0,1,0,False,False,,
p11,train,mvu_9b35a49eb55e78340f2b4357,ME,p11_conv_6,10,2024-11-30,relationship_event,,ongoing_stage,1,0,0,1,0,False,False,,
p11,train,mvu_d49198daa8a9af8114e2421c,ME,p11_conv_6,10,2024-11-30,relationship_event,,occurred,1,0,0,1,0,False,False,,
p11,train,mvu_2edde3b0b769a754a1145aad,ME,p11_conv_6,10,2024-11-30,meaningful_experience,,occurred,1,0,0,1,0,False,False,,
p11,train,mvu_6f51e8e6c7035a94672070ef,ME,p11_conv_6,10,2024-11-30,coping_attempt,,ongoing_stage,1,0,0,1,0,False,False,,
p11,train,mvu_867bf8aebb5cf23299a55fe9,ME,p11_conv_6,10,2024-11-30,relationship_event,,ongoing_stage,1,0,0,1,0,False,False,,
p11,train,mvu_6ca46874d56d7cda4e977248,ME,p11_conv_7,11,2024-12-20,life_event,,occurred,1,0,0,1,0,False,False,,
p11,train,mvu_9ebc08639e61ecd02776b6a1,ME,p11_conv_7,11,2024-12-20,relationship_event,,occurred,1,0,0,1,0,False,False,,
p11,train,mvu_fd81d7c51a54631c6aba1b5e,ME,p11_conv_7,11,2024-12-20,coping_attempt,,occurred,1,0,0,1,0,False,False,,
p11,train,mvu_5f109ea8a241ba0b3bc69f5a,ME,p11_conv_7,11,2024-12-20,meaningful_experience,,occurred,1,0,0,1,0,False,False,,
p11,train,mvu_c411a7c7277fe6955cd556ad,MP,p11_conv_8,12,2025-01-05,stable_relationship_role,relationship_with_lily,,1,0,0,1,0,False,False,,
p11,train,mvu_818050839261277bb500a2d4,ME,p11_conv_8,12,2025-01-05,relationship_event,,occurred,1,0,0,1,0,False,False,,
p11,train,mvu_1913daeaeb0b10134534e16f,ME,p11_conv_8,12,2025-01-05,life_event,,occurred,2,0,0,2,0,False,False,,
p11,train,mvu_c3a441322340a8decd48c26a,ME,p11_conv_8,12,2025-01-05,relationship_event,,ongoing_stage,2,0,0,2,0,False,False,,
p11,train,mvu_0eddf22145fe6237d4ebfba5,ME,p11_conv_8,12,2025-01-05,coping_attempt,,ongoing_stage,1,0,0,1,0,False,False,,
p11,train,mvu_4a3989d0948240dab288426a,ME,p11_conv_8,12,2025-01-05,meaningful_experience,,occurred,1,0,0,1,0,False,False,,
p11,train,mvu_a0033a3275b50315f791502c,MP,p11_conv_9,13,2025-02-01,stable_relationship_role,relationship_with_john,,1,0,0,1,0,False,False,,
p11,train,mvu_358d7085125df845fcc7b2de,ME,p11_conv_9,13,2025-02-01,relationship_event,,occurred,1,0,0,1,0,False,False,,
p11,train,mvu_8a521271401997dd85b12da2,ME,p11_conv_9,13,2025-02-01,meaningful_experience,,occurred,1,0,0,1,0,False,False,,
p11,train,mvu_572b650bd8089a9fc49590b8,ME,p11_conv_9,13,2025-02-01,relationship_event,,occurred,1,0,0,1,0,False,False,,
p11,train,mvu_183f626920cb908158841c07,ME,p11_conv_9,13,2025-02-01,coping_attempt,,ongoing_stage,1,0,0,1,0,False,False,,
p11,train,mvu_91e1cd6c75d17dac9b118abd,ME,p11_conv_9,13,2025-02-01,coping_attempt,,ongoing_stage,1,0,0,1,0,False,False,,
p11,train,mvu_1dc342af111a988be1d25f2d,ME,p11_conv_9,13,2025-02-01,support_experience,,occurred,1,0,0,1,0,False,False,,
p11,train,mvu_a10ba00a6246cc05df8f2703,ME,p11_conv_10,14,2025-02-05,life_event,,occurred,1,0,0,1,0,False,False,,
p11,train,mvu_bbbf819cab99d84db06df420,ME,p11_conv_10,14,2025-02-05,relationship_event,,ongoing_stage,2,0,0,2,0,False,False,,
p11,train,mvu_5d05ed1cab4845ed99b0b167,ME,p11_conv_10,14,2025-02-05,coping_attempt,,occurred,1,0,0,1,0,False,False,,
p11,train,mvu_cefe70a38984cb54869668a9,ME,p11_conv_10,14,2025-02-05,support_experience,,occurred,1,0,0,1,0,False,False,,
p11,train,mvu_302285c78fd4d39f29e9032b,ME,p11_conv_11,15,2025-02-20,life_event,,occurred,2,0,0,2,0,False,False,,
p11,train,mvu_3b04675f5e7872ee4aab9677,ME,p11_conv_11,15,2025-02-20,transient_state,,ongoing_stage,2,0,0,2,0,False,False,,
p11,train,mvu_07d4124f68da7177c30435bb,MP,p11_conv_12,16,2025-03-25,identity,age,,1,0,0,1,0,False,False,,
p11,train,mvu_d303f9b6914509a7ae8fc702,ME,p11_conv_12,16,2025-03-25,life_event,,occurred,1,0,0,1,0,False,False,,
p11,train,mvu_355a9796b2ca33f25f7c3016,ME,p11_conv_12,16,2025-03-25,relationship_event,,occurred,1,0,0,1,0,False,False,,
p11,train,mvu_776184e12084b69c6cbc1655,ME,p11_conv_12,16,2025-03-25,life_event,,occurred,1,0,0,1,0,False,False,,
p11,train,mvu_fa50ecfac70e4cb42bd11653,ME,p11_conv_12,16,2025-03-25,coping_attempt,,ongoing_stage,1,0,0,1,0,False,False,,
p11,train,mvu_8ab4f7174389341e79e09526,ME,p11_conv_12,16,2025-03-25,relationship_event,,ongoing_stage,1,0,0,1,0,False,False,,
p11,train,mvu_2f7746f375f53db6a607239a,ME,p11_conv_12,16,2025-03-25,coping_attempt,,ongoing_stage,1,0,0,1,0,False,False,,
p11,train,mvu_f3bd3f1f549ad34d8f3ea37a,ME,p11_conv_13,17,2025-04-15,relationship_event,,occurred,3,0,0,3,0,False,False,,
p11,train,mvu_be0bc12fb3665d9146be3aab,ME,p11_conv_13,17,2025-04-15,coping_attempt,,ongoing_stage,2,0,0,2,0,False,False,,
p11,train,mvu_bb1204b12ea71f234b9dd70c,ME,p11_conv_13,17,2025-04-15,state_onset,,occurred,1,0,0,1,0,False,False,,
p11,train,mvu_abcb0d4a4243934caed4b9ca,ME,p11_conv_13,17,2025-04-15,meaningful_experience,,ongoing_stage,2,0,0,2,0,False,False,,
p11,train,mvu_a93559bb5f316dee206dd8af,MP,p11_conv_14,18,2025-05-10,stable_relationship_role,relationship_with_lily,,1,0,0,1,0,True,False,,
p11,train,mvu_06b8b91d92cc980f658b17b3,MP,p11_conv_14,18,2025-05-10,enduring_interest,leisure_activity_sibling_time,,1,0,0,1,0,False,False,,
p11,train,mvu_f24c39d4e2933d70c48402ad,MP,p11_conv_14,18,2025-05-10,enduring_interest,involvement_peer_tutoring_club,,1,0,0,1,0,False,False,,
p11,train,mvu_4f226b5fa337b43c5050c0c8,ME,p11_conv_14,18,2025-05-10,life_event,,occurred,1,0,0,1,0,False,False,,
p11,train,mvu_1b84f6c9e54c3f924b85575d,ME,p11_conv_14,18,2025-05-10,relationship_event,,occurred,2,0,0,2,0,False,False,,
p11,train,mvu_729ff8fcc772eb358fc5ed96,ME,p11_conv_14,18,2025-05-10,relationship_event,,ongoing_stage,1,0,0,1,0,False,False,,
p11,train,mvu_140c5eb37a052eb733033f79,ME,p11_conv_14,18,2025-05-10,coping_attempt,,ongoing_stage,1,0,0,1,0,False,False,,
p11,train,mvu_e1e38abc1e4eddd7100a8d19,ME,p11_conv_14,18,2025-05-10,meaningful_experience,,ongoing_stage,1,0,0,1,0,False,False,,
p11,train,mvu_198be0174599c7f93904297f,ME,p11_conv_14,18,2025-05-10,support_experience,,occurred,2,0,0,2,0,False,False,,
p11,train,mvu_79fd62f0e504bfbea626c8ee,MP,p11_conv_15,19,2025-06-01,stable_relationship_role,relationship_with_sally,,3,0,0,3,0,False,False,,
p11,train,mvu_450cfdf8ffb47f0dc4d22686,ME,p11_conv_15,19,2025-06-01,relationship_event,,occurred,1,0,0,1,0,False,False,,
p11,train,mvu_b9da048237ba1dbe165fd758,ME,p11_conv_15,19,2025-06-01,relationship_event,,occurred,1,0,0,1,0,False,False,,
p11,train,mvu_f9c34f45fe5114803be558c8,ME,p11_conv_15,19,2025-06-01,life_event,,occurred,1,0,0,1,0,False,False,,
p11,train,mvu_655775cbba2eecaad37271cd,ME,p11_conv_15,19,2025-06-01,meaningful_experience,,occurred,3,0,0,3,0,False,False,,
p11,train,mvu_5cf48d3431a74b3502331bd6,ME,p11_conv_16,20,2025-06-20,relationship_event,,occurred,1,0,0,1,0,False,False,,
p11,train,mvu_48a843bc59c1ed91b21ad62b,ME,p11_conv_16,20,2025-06-20,life_event,,occurred,2,0,0,2,0,False,False,,
p11,train,mvu_f57e93a0408d252ea2e5e575,ME,p11_conv_16,20,2025-06-20,meaningful_experience,,occurred,1,0,0,1,0,False,False,,
p11,train,mvu_62d6b83e8bf71e9e40da71de,MP,p11_conv_17,21,2025-07-08,identity,age,,1,0,0,1,0,True,False,,
p11,train,mvu_20e39e6943e2b206e874220d,MP,p11_conv_17,21,2025-07-08,durable_health_constraint,attention_span,,1,0,0,1,0,True,False,,
p11,train,mvu_d9646c62b249d66d33d071a0,MP,p11_conv_17,21,2025-07-08,durable_health_constraint,learning_difficulties,,1,0,0,1,0,True,False,,
p11,train,mvu_f3328aadd81c4863b25c9dc1,MP,p11_conv_17,21,2025-07-08,enduring_interest,education_importance_family,,1,0,0,1,0,True,False,,
p11,train,mvu_1c2a63885321a3c6b15d621d,MP,p11_conv_17,21,2025-07-08,identity,father_occupation,,1,0,0,1,0,True,False,,
p11,train,mvu_6479d51f5286d0c5fb06d546,MP,p11_conv_17,21,2025-07-08,enduring_interest,involvement_peer_tutoring_club,,1,0,0,1,0,True,False,,
p11,train,mvu_85b786aeb93e7cacd2271dab,MP,p11_conv_17,21,2025-07-08,enduring_interest,leisure_activity_art,,1,0,0,1,0,True,False,,
p11,train,mvu_1d9312ed473d842477e5398f,MP,p11_conv_17,21,2025-07-08,enduring_interest,leisure_activity_reading,,1,0,0,1,0,True,False,,
p11,train,mvu_7ef892986dfe8f1750f83743,MP,p11_conv_17,21,2025-07-08,enduring_interest,leisure_activity_writing,,1,0,0,1,0,True,False,,
p11,train,mvu_d9dc808ba562524b1e18b89e,MP,p11_conv_17,21,2025-07-08,enduring_interest,leisure_activity_sibling_time,,1,0,0,1,0,True,False,,
p11,train,mvu_fb6c732b2779eb4094494879,MP,p11_conv_17,21,2025-07-08,enduring_preference,study_method_preference,,1,0,0,1,0,True,False,,
p11,train,mvu_fb20f07725da97feac2bf3a8,ME,p11_conv_17,21,2025-07-08,life_event,,occurred,1,0,0,1,0,False,False,,
p11,train,mvu_47eb4a1f8d9bf190c6d8a2be,ME,p11_conv_17,21,2025-07-08,meaningful_experience,,occurred,1,0,0,1,0,False,False,,
p11,train,mvu_a9e789355beb3b1913f8db08,ME,p11_conv_17,21,2025-07-08,state_onset,,occurred,1,0,0,1,0,False,False,,
p11,train,mvu_4bc39da2c40171e0153dff31,ME,p11_conv_17,21,2025-07-08,coping_attempt,,occurred,1,0,0,1,0,False,False,,
p11,train,mvu_dc07ce95e1c0e69cb24976b0,ME,p11_conv_17,21,2025-07-08,meaningful_experience,,occurred,1,0,0,1,0,False,False,,
p11,train,mvu_3aafc80248ffe8b84a301e9b,ME,p11_conv_17,21,2025-07-08,coping_attempt,,occurred,1,0,0,1,0,False,False,,
p11,train,mvu_0a180ed12d55272f7e1eb0a0,ME,p11_conv_17,21,2025-07-08,support_experience,,occurred,1,0,0,1,0,False,False,,
p11,train,mvu_f2413f0e370ee4a1f8b7b6ff,MP,p11_conv_18,22,2025-08-10,stable_relationship_role,relationship_with_lily,,3,0,0,3,0,True,False,,
p11,train,mvu_b78f1c8fbbe89bd57848c394,MP,p11_conv_18,22,2025-08-10,stable_relationship_role,relationship_with_sally,,1,0,0,1,0,True,False,,
p11,train,mvu_cbf7be650f618cada536ef46,ME,p11_conv_18,22,2025-08-10,meaningful_experience,,occurred,2,0,0,2,0,False,False,,
p11,train,mvu_fc70923ce3646c5b95dbea3f,ME,p11_conv_18,22,2025-08-10,coping_attempt,,occurred,1,0,0,1,0,False,False,,
p12,train,mvu_af81229e271bbab70cbc9cf5,MP,esc894,0,2024-06-10,stable_relationship_role,current_partner_status,,1,0,0,1,0,False,False,,
p12,train,mvu_deba398ff7131900a84ceb99,MP,esc894,0,2024-06-10,enduring_interest,interest_in_photography,,1,0,0,1,0,False,False,,
p12,train,mvu_a63b04246953c2fdd887877c,MP,esc894,0,2024-06-10,enduring_interest,interest_in_reading,,1,0,0,1,0,False,False,,
p12,train,mvu_26191c5d28d68257b5ac3564,MP,esc894,0,2024-06-10,enduring_preference,preference_for_outdoor_activities,,1,0,0,1,0,False,False,,
p12,train,mvu_0f2be5396a297523d36b7f67,ME,esc894,0,2024-06-10,relationship_event,,occurred,3,0,0,3,0,False,False,,
p12,train,mvu_d41894cd9fc84543dc4d680f,ME,esc894,0,2024-06-10,support_experience,,occurred,1,0,0,1,0,False,False,,
p12,train,mvu_a1d3b4a4da798594651b8a21,ME,esc894,0,2024-06-10,meaningful_experience,,ongoing_stage,3,0,0,3,0,False,False,,
p12,train,mvu_2035cb41e234501af3e9e68e,ME,esc894,0,2024-06-10,state_onset,,occurred,1,0,0,1,0,False,False,,
p12,train,mvu_1a31f38a65a9af0c575a1a54,ME,esc894,0,2024-06-10,state_change,,occurred,1,0,0,1,0,False,False,,
p12,train,mvu_e24df77791dd300837aff226,ME,esc1212,1,2024-06-15,relationship_event,,occurred,1,0,0,1,0,False,False,,
p12,train,mvu_93da68e17d5b3d66bc87c8fa,ME,esc1212,1,2024-06-15,coping_attempt,,occurred,1,0,0,1,0,False,False,,
p12,train,mvu_c14d424c9bfa99ddab39be0b,MP,esc989,2,2024-07-25,durable_health_constraint,current_sleep_issue,,8,0,0,8,0,False,False,,
p12,train,mvu_0bea3b762d31956231125be8,MP,esc989,2,2024-07-25,durable_health_constraint,work_stress_level,,5,0,0,5,0,False,False,,
p12,train,mvu_c28035c50288c8148f442dbe,MP,esc989,2,2024-07-25,stable_relationship_role,manager_communication_quality,,1,0,0,1,0,False,False,,
p12,train,mvu_bb4a3724e9e7b77afea56735,ME,esc989,2,2024-07-25,state_onset,,occurred,3,0,0,3,0,False,False,,
p12,train,mvu_00dd2579cf6f143ee4e585ca,ME,esc989,2,2024-07-25,life_event,,ongoing_stage,3,0,0,3,0,False,False,,
p12,train,mvu_f8d2a93a1476254f0723d1b9,ME,esc989,2,2024-07-25,coping_attempt,,occurred,1,0,0,1,0,False,False,,
p12,train,mvu_72540a12bd4acd7ebcddbdbb,ME,esc989,2,2024-07-25,support_experience,,occurred,4,0,0,4,0,False,False,,
p12,train,mvu_3296eb7a70684a6ee1f843d4,ME,esc989,2,2024-07-25,coping_attempt,,occurred,2,0,0,2,0,False,False,,
p12,train,mvu_40d29bc0ba81a9dad98d9d93,MP,esc559,3,2024-08-15,durable_health_constraint,current_anxiety_trigger,,2,0,0,2,0,False,False,,
p12,train,mvu_4643ebb5c37d4f3aed4e49f8,MP,esc559,3,2024-08-15,stable_relationship_role,workplace_communication_boundary,,1,0,0,1,0,False,False,,
p12,train,mvu_11f9ba02a4de561cf65efde5,MP,esc559,3,2024-08-15,durable_boundary,interpersonal_style,,1,0,0,1,0,False,False,,
p12,train,mvu_d8362a147a2186c036207e4d,MP,esc559,3,2024-08-15,enduring_interest,career_development_motivation,,2,0,0,2,0,False,False,,
p12,train,mvu_414a864c08d0ff3ea8983ee8,MP,esc1149,4,2024-09-12,durable_health_constraint,current_work_social_incident_anxiety,,4,0,0,4,0,False,False,,
p12,train,mvu_e5b7b9dc6e95ba4888f486d4,MP,esc1149,4,2024-09-12,stable_relationship_role,workplace_hierarchy_complexity,,1,0,0,1,0,False,False,,
p12,train,mvu_edf417c559cd115410d79fc8,MP,esc1149,4,2024-09-12,durable_boundary,interpersonal_coping_strategy,,2,0,0,2,0,False,False,,
p12,train,mvu_d5a54f02591c991db367b43e,ME,esc1149,4,2024-09-12,life_event,,occurred,4,0,0,4,0,False,False,,
p12,train,mvu_fd3264bb916bf681589547d9,ME,esc1149,4,2024-09-12,relationship_event,,ongoing_stage,2,0,0,2,0,False,False,,
p12,train,mvu_4e1e4785b47d0fb8281cdcab,ME,esc1149,4,2024-09-12,meaningful_experience,,occurred,2,0,0,2,0,False,False,,
p12,train,mvu_cd4722e565a1ad3a60b40e31,MP,p12_conv_1,5,2024-09-15,durable_health_constraint,current_panic_attack_experience,,3,0,0,3,0,False,False,,
p12,train,mvu_fc968b42c9dd5a367ee30f25,MP,p12_conv_1,5,2024-09-15,durable_health_constraint,ongoing_work_focus_difficulty,,1,0,0,1,0,False,False,,
p12,train,mvu_922c6dcf90cdf1f0557833c3,MP,p12_conv_1,5,2024-09-15,durable_boundary,workplace_communication_apprehension,,1,0,0,1,0,False,False,,
p12,train,mvu_ad3bfe8a99a2c18ffe05c359,MP,p12_conv_1,5,2024-09-15,enduring_interest,exploring_new_hobby_for_stress_relief,,2,0,0,2,0,False,False,,
p12,train,mvu_7446363083625140fc174017,ME,p12_conv_1,5,2024-09-15,transient_state,,occurred,1,0,0,1,0,False,False,,
p12,train,mvu_65547e55fbddf68462713822,MP,p12_conv_2,6,2024-10-05,durable_health_constraint,current_work_performance_feedback_anxiety,,1,0,0,1,0,False,False,,
p12,train,mvu_41164bca31ca5f11a8db1aa1,MP,p12_conv_2,6,2024-10-05,durable_health_constraint,ongoing_work_stress_and_overwhelm,,1,0,0,1,0,False,False,,
p12,train,mvu_4730fbcf04766c6f355f32cc,MP,p12_conv_2,6,2024-10-05,durable_health_constraint,persistent_sleep_issue,,1,0,0,1,0,False,False,,
p12,train,mvu_6a4b7307094534deaeda6786,ME,p12_conv_2,6,2024-10-05,coping_attempt,,occurred,1,0,0,1,0,False,False,,
p12,train,mvu_bb27dd7171100bc066a0c509,ME,p12_conv_2,6,2024-10-05,meaningful_experience,,ongoing_stage,1,0,0,1,0,False,False,,
p12,train,mvu_a032c41e2a4d0e61b3130f5d,ME,p12_conv_2,6,2024-10-05,support_experience,,occurred,1,0,0,1,0,False,False,,
p12,train,mvu_2efcf4d0a87bb0f4f34b80a1,MP,p12_conv_3,7,2024-10-10,durable_health_constraint,ongoing_work_stress_and_overwhelm,,2,0,0,2,0,False,False,,
p12,train,mvu_25ee19822fc6b2b9a36c6b5d,MP,p12_conv_3,7,2024-10-10,durable_boundary,workplace_communication_apprehension,,1,0,0,1,0,True,True,citation_sufficient,retain_reassertion_subject_to_per_prefix_ontology_and_time_review
p12,train,mvu_ad93d98421e751213d8b1da6,ME,p12_conv_3,7,2024-10-10,state_change,,occurred,1,0,0,1,0,False,False,,
p12,train,mvu_89d5930ca589bdf499358b91,ME,p12_conv_3,7,2024-10-10,coping_attempt,,ongoing_stage,1,0,0,1,0,False,False,,
p12,train,mvu_5c55419123bdd7611c8eeada,ME,p12_conv_3,7,2024-10-10,meaningful_experience,,occurred,1,0,0,1,0,False,False,,
p12,train,mvu_4a80c92f29c1e1d67ad1ac9c,MP,p12_conv_4,8,2024-11-01,stable_relationship_role,current_friend_falling_out,,1,0,0,1,0,False,False,,
p12,train,mvu_8610c4c8d090e624fd2f4dc4,MP,p12_conv_4,8,2024-11-01,durable_boundary,interpersonal_coping_strategy,,1,0,0,1,0,False,False,,
p12,train,mvu_fe73485b880785a6a02a6f1c,MP,p12_conv_5,9,2024-11-10,durable_health_constraint,ongoing_work_conflict_experience,,3,0,0,3,0,False,False,,
p12,train,mvu_f709c26fc7310d6cbcb8bc09,MP,p12_conv_5,9,2024-11-10,durable_health_constraint,persistent_sleep_issue,,2,0,0,2,0,False,False,,
p12,train,mvu_6ab416963e18a898c12e57b8,MP,p12_conv_5,9,2024-11-10,durable_boundary,workplace_recognition_apprehension,,1,0,0,1,0,False,False,,
p12,train,mvu_44708ab780d0aff9cbb89172,ME,p12_conv_5,9,2024-11-10,relationship_event,,occurred,1,0,0,1,0,False,False,,
p12,train,mvu_71d1aac34d8591b3c9f7f301,ME,p12_conv_5,9,2024-11-10,coping_attempt,,occurred,1,0,0,1,0,False,False,,
p12,train,mvu_33a04e2172ed5b2c97195cd7,MP,p12_conv_6,10,2024-11-15,durable_health_constraint,current_anxiety_in_networking_situations,,4,0,0,4,0,False,False,,
p12,train,mvu_2bc9ac37bf544bf1eb248d09,MP,p12_conv_6,10,2024-11-15,enduring_interest,openness_to_future_social_events,,1,0,0,1,0,False,False,,
p12,train,mvu_dbd124d1f9ff3bc097f61d60,ME,p12_conv_6,10,2024-11-15,meaningful_experience,,occurred,2,0,0,2,0,False,False,,
p12,train,mvu_e6c87c6f083b165d4cbc2735,ME,p12_conv_6,10,2024-11-15,coping_attempt,,occurred,1,0,0,1,0,False,False,,
p12,train,mvu_9e6874d808a40d49ab8e8415,ME,p12_conv_6,10,2024-11-15,support_experience,,occurred,1,0,0,1,0,False,False,,
p12,train,mvu_7b306772579bbcf397eebce8,ME,p12_conv_6,10,2024-11-15,state_change,,occurred,1,0,0,1,0,False,False,,
p12,train,mvu_1a8cb51a93ba00eab8250adb,ME,p12_conv_6,10,2024-11-15,life_event,,occurred,2,0,0,2,0,False,False,,
p12,train,mvu_bc0ed86e3cc40458a86f2277,MP,p12_conv_7,11,2025-01-01,enduring_interest,new_friendship_for_emotional_support,,3,0,0,3,0,False,False,,
p12,train,mvu_e2d75b11059051744caf5f06,ME,p12_conv_7,11,2025-01-01,relationship_event,,occurred,1,0,0,1,0,False,False,,
p12,train,mvu_010d5f3e1dc4fce2f501bbb8,ME,p12_conv_7,11,2025-01-01,meaningful_experience,,occurred,1,0,0,1,0,False,False,,
p12,train,mvu_989559c89e4b95c3f0498ee4,ME,p12_conv_7,11,2025-01-01,coping_attempt,,ongoing_stage,1,0,0,1,0,False,False,,
p12,train,mvu_464520bb3b6abb9e40112a9c,ME,p12_conv_7,11,2025-01-01,support_experience,,ongoing_stage,2,0,0,2,0,False,False,,
p12,train,mvu_e6d5c519b0c08b0f71d4ae1a,MP,p12_conv_8,12,2025-01-12,stable_relationship_role,current_ex_partner_contact_initiated,,3,0,0,3,0,False,False,,
p12,train,mvu_58bb2671fc0811bbc734d4eb,MP,p12_conv_8,12,2025-01-12,durable_health_constraint,emotional_conflict_after_ex_contact,,2,0,0,2,0,False,False,,
p12,train,mvu_0d544e0a7f27d24e4e7c607e,MP,p12_conv_8,12,2025-01-12,enduring_interest,seeking_clarity_from_ex_relationship,,1,0,0,1,0,False,False,,
p12,train,mvu_67d90ffd365811bc8b7917c1,ME,p12_conv_8,12,2025-01-12,relationship_event,,occurred,2,0,0,2,0,False,False,,
p12,train,mvu_08f5b9746351d1c25b2e09ec,ME,p12_conv_8,12,2025-01-12,meaningful_experience,,occurred,1,0,0,1,0,False,False,,
p12,train,mvu_c4a5c494ef59f9fb970161da,ME,p12_conv_8,12,2025-01-12,coping_attempt,,occurred,1,0,0,1,0,False,False,,
p12,train,mvu_ab7b9c4f68a62ab9e43c6cd3,ME,p12_conv_8,12,2025-01-12,state_change,,occurred,1,0,0,1,0,False,False,,
p12,train,mvu_dbf2d2f2dbe8d5c64999fd8b,ME,p12_conv_8,12,2025-01-12,coping_attempt,,occurred,1,0,0,1,0,False,False,,
p12,train,mvu_9f02755a93ef9e6edeb14653,MP,p12_conv_9,13,2025-02-20,durable_health_constraint,current_work_recognition_experience,,1,0,0,1,0,False,False,,
p12,train,mvu_dfc88d56242be5c53ec6d499,ME,p12_conv_9,13,2025-02-20,meaningful_experience,,occurred,1,0,0,1,0,False,False,,
p12,train,mvu_62b310d20cef4359366bc89e,ME,p12_conv_9,13,2025-02-20,state_onset,,occurred,1,0,0,1,0,False,False,,
p12,train,mvu_8eb7503be020868a9a6085fb,ME,p12_conv_9,13,2025-02-20,coping_attempt,,ongoing_stage,1,0,0,1,0,False,False,,
p12,train,mvu_83ac0a8c54a047c2eb4a8d0b,MP,p12_conv_10,14,2025-03-10,durable_health_constraint,ongoing_work_overcommitment_pattern,,2,0,0,2,0,False,False,,
p12,train,mvu_93622b30b38d49ec66e590f6,MP,p12_conv_10,14,2025-03-10,durable_health_constraint,emotional_concern_about_losing_connections,,1,0,0,1,0,False,False,,
p12,train,mvu_d15803ea948fc7f1ee66c99d,MP,p12_conv_10,14,2025-03-10,stable_relationship_role,therapist_aware_of_work_stress,,1,0,0,1,0,False,False,,
p12,train,mvu_28e59ad6ce3adddc7c6617ba,MP,p12_conv_10,14,2025-03-10,enduring_interest,motivation_to_address_accumulated_stress,,1,0,0,1,0,False,False,,
p12,train,mvu_22906009dea7ab2ae7dc32a3,ME,p12_conv_10,14,2025-03-10,life_event,,occurred,2,0,0,2,0,False,False,,
p12,train,mvu_d6f1f1a808a2238152869f2c,ME,p12_conv_10,14,2025-03-10,coping_attempt,,ongoing_stage,1,0,0,1,0,False,False,,
p12,train,mvu_c90db01d0ca895d61966977e,ME,p12_conv_10,14,2025-03-10,meaningful_experience,,ongoing_stage,1,0,0,1,0,False,False,,
p12,train,mvu_14c057ed8fc3561f6da96445,MP,p12_conv_11,15,2025-04-05,durable_health_constraint,current_work_performance_feedback_anxiety,,4,0,0,4,0,False,False,,
p12,train,mvu_c143053084ea1290cc9c0a91,MP,p12_conv_11,15,2025-04-05,enduring_interest,coping_through_creative_activity,,1,0,0,1,0,False,False,,
p12,train,mvu_a245f3899482184d7ee55ede,MP,p12_conv_11,15,2025-04-05,enduring_interest,resuming_yoga_for_stress_relief,,1,0,0,1,0,False,False,,
p12,train,mvu_21b5d310de303008b87e7d44,MP,p12_conv_12,16,2025-06-15,durable_health_constraint,current_work_stress_despite_recognition,,1,0,0,1,0,False,False,,
p12,train,mvu_9446e563c5ea1b7e93b594be,MP,p12_conv_12,16,2025-06-15,enduring_interest,focus_on_rebuilding_personal_life,,1,0,0,1,0,False,False,,
p12,train,mvu_8378027b1d56c4addcc23b96,ME,p12_conv_12,16,2025-06-15,relationship_event,,occurred,1,0,0,1,0,False,False,,
p12,train,mvu_4ab335a2930d67b63ff5aea1,ME,p12_conv_12,16,2025-06-15,meaningful_experience,,ongoing_stage,1,0,0,1,0,False,False,,
p12,train,mvu_704e0ec4a395d58b930dbb07,ME,p12_conv_12,16,2025-06-15,transient_state,,ongoing_stage,1,0,0,1,0,False,False,,
p12,train,mvu_13908adbcc43e20f4b3db5d4,ME,p12_conv_12,16,2025-06-15,coping_attempt,,ongoing_stage,1,0,0,1,0,False,False,,
p12,train,mvu_ca3d9cac274abe8b301d753f,ME,p12_conv_12,16,2025-06-15,state_change,,occurred,1,0,0,1,0,False,False,,
p12,train,mvu_cf2b14e5ef51e8c5b18292a8,MP,p12_conv_13,17,2025-07-10,enduring_interest,current_self_care_routine_engagement,,1,0,0,1,0,False,False,,
p12,train,mvu_de4a1d8343b41d14a500ef9c,MP,p12_conv_13,17,2025-07-10,durable_health_constraint,self_care_consistency_difficulty,,1,0,0,1,0,False,False,,
p12,train,mvu_a4e89e4a3a4d9a3065c08933,MP,p12_conv_13,17,2025-07-10,enduring_interest,meditation_for_peace,,1,0,0,1,0,False,False,,
p12,train,mvu_cfe62083ca1ef3842e138040,MP,p12_conv_13,17,2025-07-10,durable_health_constraint,fear_of_long_term_self_care_failure,,1,0,0,1,0,False,False,,
p12,train,mvu_819f607fafadc7fc2b6698a4,MP,p12_conv_13,17,2025-07-10,enduring_interest,goal_to_change_personal_pattern,,1,0,0,1,0,False,False,,
p12,train,mvu_4f77d181d2ba69081741efd0,ME,p12_conv_13,17,2025-07-10,coping_attempt,,ongoing_stage,1,0,0,1,0,False,False,,
p12,train,mvu_0dee7fc2cc60c9f37935205b,ME,p12_conv_13,17,2025-07-10,meaningful_experience,,occurred,1,0,0,1,0,False,False,,
p12,train,mvu_079f1a01d62e7f7d3568f55c,ME,p12_conv_13,17,2025-07-10,meaningful_experience,,occurred,1,0,0,1,0,False,False,,
p12,train,mvu_baf7fbb4d83ea9fb3cbc4ab1,MP,p12_conv_14,18,2025-08-25,durable_health_constraint,current_work_stress_level,,2,0,0,2,0,False,False,,
p12,train,mvu_8c4073b74fb0170794c24354,MP,p12_conv_14,18,2025-08-25,durable_health_constraint,ongoing_work_overcommitment_pattern,,2,0,0,2,0,False,False,,
p12,train,mvu_3304be253239e7eca197f42b,MP,p12_conv_14,18,2025-08-25,enduring_interest,current_job_search_motivation,,2,0,0,2,0,False,False,,
p12,train,mvu_992a58f63f6ee1b347061afc,MP,p12_conv_14,18,2025-08-25,durable_health_constraint,emotional_concern_about_missing_family_events,,1,0,0,1,0,False,False,,
p12,train,mvu_744cbb91a8a07fdcf20016db,MP,p12_conv_14,18,2025-08-25,durable_health_constraint,self_care_consistency_difficulty,,1,0,0,1,0,False,False,,
p12,train,mvu_559b5fa66347d4c9de45ae09,ME,p12_conv_14,18,2025-08-25,life_event,,occurred,1,0,0,1,0,False,False,,
p12,train,mvu_9bef968000a230697619f6ef,ME,p12_conv_14,18,2025-08-25,state_onset,,occurred,2,0,0,2,0,False,False,,
p12,train,mvu_1ec284cb3e71cd5f83d37054,ME,p12_conv_14,18,2025-08-25,coping_attempt,,ongoing_stage,2,0,0,2,0,False,False,,
p12,train,mvu_16fd18efbcab67374ca1cd72,ME,p12_conv_14,18,2025-08-25,meaningful_experience,,occurred,1,0,0,1,0,False,False,,
p12,train,mvu_4f91abff261f085607d40a28,MP,p12_conv_15,19,2025-09-25,stable_relationship_role,current_friend_relocation,,3,0,0,3,0,False,False,,
p12,train,mvu_303913447c5cf2d7d29ce713,MP,p12_conv_15,19,2025-09-25,enduring_interest,maintaining_long_distance_friendship,,1,0,0,1,0,False,False,,
p12,train,mvu_3612fff313121ee68911b6d3,MP,p12_conv_15,19,2025-09-25,durable_health_constraint,emotional_distress_from_friend_relocation,,2,0,0,2,0,False,False,,
p12,train,mvu_19bc9beea9335e36318239ad,MP,p12_conv_15,19,2025-09-25,stable_relationship_role,existing_supportive_friend_local,,1,0,0,1,0,False,False,,
p12,train,mvu_86e45283169ee8779db3ee96,MP,p12_conv_15,19,2025-09-25,durable_boundary,tendency_to_isolate_under_stress,,1,0,0,1,0,False,False,,
p12,train,mvu_944eb2a059973df797f43554,ME,p12_conv_15,19,2025-09-25,relationship_event,,occurred,1,0,0,1,0,False,False,,
p12,train,mvu_7c07e1046aff4bbfcae895f8,ME,p12_conv_15,19,2025-09-25,meaningful_experience,,occurred,2,0,0,2,0,False,False,,
p12,train,mvu_f167e3267a5065381569cfd2,ME,p12_conv_15,19,2025-09-25,coping_attempt,,occurred,1,0,0,1,0,False,False,,
p12,train,mvu_ce411cb55a2537fbcc0937a7,ME,p12_conv_15,19,2025-09-25,support_experience,,occurred,2,0,0,2,0,False,False,,
p12,train,mvu_418310194740a8098b41091b,ME,p12_conv_15,19,2025-09-25,life_event,,occurred,2,0,0,2,0,False,False,,
p13,train,mvu_01be2c70a0991f0b3a81694d,ME,esc585,0,2024-07-01,life_event,,occurred,1,0,0,1,0,False,False,,
p13,train,mvu_a07cadf9031a499748cba1b4,ME,esc585,0,2024-07-01,state_onset,,occurred,1,0,0,1,0,False,False,,
p13,train,mvu_e44789f0f7de7e464d57fd86,ME,esc585,0,2024-07-01,coping_attempt,,occurred,1,0,0,1,0,False,False,,
p13,train,mvu_49e11451080c31242ff77344,ME,esc585,0,2024-07-01,meaningful_experience,,occurred,2,0,0,2,0,False,False,,
p13,train,mvu_7c2cfbdf9a2fd98a3848024d,ME,esc585,0,2024-07-01,support_experience,,occurred,1,0,0,1,0,False,False,,
p13,train,mvu_83b32497d2243a22d4b2127f,MP,esc410,1,2024-07-06,enduring_interest,pet_ownership_interest,,3,0,0,3,0,False,False,,
p13,train,mvu_55971a52fea5cd5fb9a206d5,MP,esc410,1,2024-07-06,stable_relationship_role,romantic_partner,,2,0,0,2,0,False,False,,
p13,train,mvu_205f376c97a15cadd47ad42c,ME,esc410,1,2024-07-06,life_event,,occurred,1,0,0,1,0,False,False,,
p13,train,mvu_e253e80572d7fdfcc19554e0,ME,esc410,1,2024-07-06,state_onset,,occurred,1,0,0,1,0,False,False,,
p13,train,mvu_8dd91932611c4c37991fca14,ME,esc410,1,2024-07-06,support_experience,,occurred,2,0,0,2,0,False,False,,
p13,train,mvu_7f97935f83b17d405621b636,ME,esc410,1,2024-07-06,life_event,,occurred,1,0,0,1,0,False,False,,
p13,train,mvu_2de256027975a41e92e646d9,MP,p13_conv_1,2,2024-08-15,enduring_interest,pet_ownership_interest,,1,0,0,1,0,True,True,citation_partial,suppress_unsupported_new_version_without_automatic_fallback
p13,train,mvu_43d5a1d41ef44268d90ec118,MP,p13_conv_1,2,2024-08-15,stable_relationship_role,romantic_partner,,1,0,0,1,0,True,True,citation_partial,suppress_unsupported_new_version_without_automatic_fallback
p13,train,mvu_768fa1bd687665d2bac1fcc4,ME,p13_conv_1,2,2024-08-15,life_event,,occurred,1,0,0,1,0,False,False,,
p13,train,mvu_454c75d776d582f2ede8ac1e,ME,p13_conv_1,2,2024-08-15,relationship_event,,occurred,1,0,0,1,0,False,False,,
p13,train,mvu_e03c2ad17d1f0c5e20f4f3b9,ME,p13_conv_1,2,2024-08-15,meaningful_experience,,occurred,1,0,0,1,0,False,False,,
p13,train,mvu_ea976b3ec114d0a575d7e5ae,ME,p13_conv_1,2,2024-08-15,coping_attempt,,occurred,2,0,0,2,0,False,False,,
p13,train,mvu_125e98637e16a3dfbc928843,MP,p13_conv_2,3,2024-11-10,stable_relationship_role,romantic_partner,,1,0,0,1,0,False,False,,
p13,train,mvu_bd6e784413367984aaff30df,ME,p13_conv_2,3,2024-11-10,relationship_event,,occurred,2,0,0,2,0,False,False,,
p13,train,mvu_596ebe1a98f5edec54adc694,ME,p13_conv_2,3,2024-11-10,life_event,,occurred,1,0,0,1,0,False,False,,
p13,train,mvu_b8e8a086b3a525be235a85a0,ME,p13_conv_2,3,2024-11-10,life_event,,occurred,1,0,0,1,0,False,False,,
p13,train,mvu_99dd6075aa6c2832d34facb1,ME,p13_conv_2,3,2024-11-10,coping_attempt,,occurred,1,0,0,1,0,False,False,,
p13,train,mvu_b1a854a309ab2be807b00c76,ME,p13_conv_2,3,2024-11-10,coping_attempt,,occurred,1,0,0,1,0,False,False,,
p13,train,mvu_e578a16630afd0df5e39c993,ME,p13_conv_2,3,2024-11-10,meaningful_experience,,ongoing_stage,2,0,0,2,0,False,False,,
p13,train,mvu_9994a7921c5d069d24a6f2f8,ME,p13_conv_2,3,2024-11-10,transient_state,,ongoing_stage,1,0,0,1,0,False,False,,
p13,train,mvu_156aa44a980a52e48d232c2f,ME,p13_conv_2,3,2024-11-10,support_experience,,occurred,1,0,0,1,0,False,False,,
p13,train,mvu_c68311c23b306bd3e0d0f914,ME,p13_conv_3,4,2024-12-01,life_event,,occurred,2,0,0,2,0,False,False,,
p13,train,mvu_eb9c181cf6c1dc7e8e0cc0a8,ME,p13_conv_3,4,2024-12-01,state_onset,,occurred,2,0,0,2,0,False,False,,
p13,train,mvu_886110a51927803df2e39ad3,ME,p13_conv_3,4,2024-12-01,life_event,,occurred,1,0,0,1,0,False,False,,
p13,train,mvu_928c239752a948ecb159f4a3,ME,p13_conv_3,4,2024-12-01,transient_state,,ongoing_stage,2,0,0,2,0,False,False,,
p13,train,mvu_7b7fe914f67f8df76d2d5745,ME,p13_conv_3,4,2024-12-01,coping_attempt,,ongoing_stage,2,0,0,2,0,False,False,,
p13,train,mvu_25c347257e583d90aecb47ca,ME,p13_conv_3,4,2024-12-01,meaningful_experience,,ongoing_stage,3,0,0,3,0,False,False,,
p13,train,mvu_d009520a6a64afe44b217ec6,MP,p13_conv_4,5,2024-12-20,enduring_interest,pet_ownership_interest,,1,0,0,1,0,True,True,citation_partial,suppress_unsupported_new_version_without_automatic_fallback
p13,train,mvu_f67a4bc7f4c000cd11889ada,MP,p13_conv_4,5,2024-12-20,stable_relationship_role,romantic_partner,,1,0,0,1,0,True,True,citation_partial,suppress_unsupported_new_version_without_automatic_fallback
p13,train,mvu_e43ea3dbf6ab020e90e04194,ME,p13_conv_4,5,2024-12-20,transient_state,,occurred,1,0,0,1,0,False,False,,
p13,train,mvu_fe376dcf6e0c3128433b2cf6,ME,p13_conv_4,5,2024-12-20,support_experience,,occurred,1,0,0,1,0,False,False,,
p13,train,mvu_01236e3b854932a68f0c4b74,ME,p13_conv_4,5,2024-12-20,meaningful_experience,,occurred,1,0,0,1,0,False,False,,
p13,train,mvu_91017ac3ccd04eb0daad1ecf,ME,p13_conv_4,5,2024-12-20,relationship_event,,occurred,1,0,0,1,0,False,False,,
p13,train,mvu_574c29fee0530f0180963401,MP,p13_conv_5,6,2025-01-05,durable_health_constraint,panic_attack_history,,1,0,0,1,0,False,False,,
p13,train,mvu_1e24357ee3664935fda9ec61,MP,p13_conv_5,6,2025-01-05,enduring_interest,pet_ownership_interest,,1,0,0,1,0,False,False,,
p13,train,mvu_b43437db29baf9ad2abb19dc,MP,p13_conv_5,6,2025-01-05,stable_relationship_role,romantic_partner,,1,0,0,1,0,True,True,citation_partial,suppress_unsupported_new_version_without_automatic_fallback
p13,train,mvu_a2c833f19be8253d1c6fbdb7,ME,p13_conv_5,6,2025-01-05,state_onset,,occurred,1,0,0,1,0,False,False,,
p13,train,mvu_e2fd7ae1cff6a875627ecb82,ME,p13_conv_5,6,2025-01-05,support_experience,,ongoing_stage,1,0,0,1,0,False,False,,
p13,train,mvu_5b0c192b5a1bf4cb9eb45419,ME,p13_conv_5,6,2025-01-05,meaningful_experience,,occurred,1,0,0,1,0,False,False,,
p13,train,mvu_de7a45a08c6d6f2e12fc70a0,ME,p13_conv_5,6,2025-01-05,relationship_event,,ongoing_stage,1,0,0,1,0,False,False,,
p13,train,mvu_3f263630361c9c7b6bee36e7,MP,p13_conv_6,7,2025-01-15,occupation,current_employment_status,,1,0,0,1,0,False,False,,
p13,train,mvu_ae3585d7b8f91ae91b8d6549,MP,p13_conv_6,7,2025-01-15,enduring_interest,pet_ownership_interest,,1,0,0,1,0,True,False,,
p13,train,mvu_0e8ddf10627f276745a43fbe,ME,p13_conv_6,7,2025-01-15,relationship_event,,occurred,1,0,0,1,0,False,False,,
p13,train,mvu_c8f1c8853b20982d00ad96a2,ME,p13_conv_6,7,2025-01-15,life_event,,ongoing_stage,1,0,0,1,0,False,False,,
p13,train,mvu_6535d34436f8ab05bdd52730,ME,p13_conv_6,7,2025-01-15,relationship_event,,ongoing_stage,1,0,0,1,0,False,False,,
p13,train,mvu_e5dff268ca5a79a0397ab6f7,ME,p13_conv_6,7,2025-01-15,coping_attempt,,ongoing_stage,1,0,0,1,0,False,False,,
p13,train,mvu_4fe5cc726782572acccf45f7,ME,p13_conv_6,7,2025-01-15,meaningful_experience,,ongoing_stage,1,0,0,1,0,False,False,,
p13,train,mvu_bf2290a3e0cd791e5a4ecdba,MP,p13_conv_7,8,2025-02-07,stable_relationship_role,romantic_partner,,1,0,0,1,0,True,False,,
p13,train,mvu_ddbff64dcc40815399b90a5e,MP,p13_conv_7,8,2025-02-07,stable_relationship_role,sibling_relationship,,2,0,0,2,0,False,False,,
p13,train,mvu_1b7301fd7c679acafadbdbba,ME,p13_conv_7,8,2025-02-07,relationship_event,,occurred,1,0,0,1,0,False,False,,
p13,train,mvu_b3d5290c0a10700b44897ed3,ME,p13_conv_7,8,2025-02-07,meaningful_experience,,ongoing_stage,1,0,0,1,0,False,False,,
p13,train,mvu_2d4b7e714df61e59c4a2a209,ME,p13_conv_7,8,2025-02-07,coping_attempt,,ongoing_stage,1,0,0,1,0,False,False,,
p13,train,mvu_9597a65ea417bfc7bb3ecde4,ME,p13_conv_7,8,2025-02-07,support_experience,,ongoing_stage,1,0,0,1,0,False,False,,
p13,train,mvu_ef21d037c16803069d03f1d9,ME,p13_conv_7,8,2025-02-07,meaningful_experience,,ongoing_stage,1,0,0,1,0,False,False,,
p13,train,mvu_ac10863b3a0cd33cac8c415c,ME,p13_conv_7,8,2025-02-07,life_event,,ongoing_stage,1,0,0,1,0,False,False,,
p13,train,mvu_b63f5b48f37c91b1c2a8e220,ME,p13_conv_7,8,2025-02-07,support_experience,,occurred,1,0,0,1,0,False,False,,
p13,train,mvu_d9d4961dcc4fa6dd251bbf99,ME,p13_conv_8,9,2025-02-15,state_onset,,occurred,1,0,0,1,0,False,False,,
p13,train,mvu_4c5b0504d7447898fa0222bf,ME,p13_conv_8,9,2025-02-15,relationship_event,,ongoing_stage,1,0,0,1,0,False,False,,
p13,train,mvu_5276118944cc89ce6fc65f75,ME,p13_conv_8,9,2025-02-15,support_experience,,ongoing_stage,1,0,0,1,0,False,False,,
p13,train,mvu_a2c9203a1cb747927571a64e,ME,p13_conv_8,9,2025-02-15,meaningful_experience,,ongoing_stage,1,0,0,1,0,False,False,,
p13,train,mvu_be9615092cc8b42eb7378402,MP,p13_conv_9,10,2025-03-05,occupation,current_employment_status,,1,0,0,1,0,True,False,,
p13,train,mvu_ff29587de42086b23e8f2fab,MP,p13_conv_9,10,2025-03-05,stable_relationship_role,romantic_partner,,1,0,0,1,0,True,False,,
p13,train,mvu_df94d9e1d3e16ecf0d896d52,MP,p13_conv_9,10,2025-03-05,stable_relationship_role,sibling_relationship,,1,0,0,1,0,True,False,,
p13,train,mvu_da118197013ac3e7040156e3,MP,p13_conv_9,10,2025-03-05,enduring_interest,pet_ownership_interest,,1,0,0,1,0,True,False,,
p13,train,mvu_5ad7b2d7de5eda658b8bdd5d,ME,p13_conv_9,10,2025-03-05,coping_attempt,,ongoing_stage,1,0,0,1,0,False,False,,
p13,train,mvu_4252c0e507ffda926723c3da,ME,p13_conv_9,10,2025-03-05,coping_attempt,,ongoing_stage,1,0,0,1,0,False,False,,
p13,train,mvu_ecd1949381137489eee946a4,ME,p13_conv_9,10,2025-03-05,support_experience,,occurred,1,0,0,1,0,False,False,,
p13,train,mvu_943f2bffa87d98d2e0090883,MP,p13_conv_10,11,2025-03-15,stable_relationship_role,romantic_partner,,1,0,0,1,0,True,False,,
p13,train,mvu_86b01e28d4cf710ff3448b1c,ME,p13_conv_10,11,2025-03-15,relationship_event,,occurred,1,0,0,1,0,False,False,,
p13,train,mvu_b3e3a707fffdd2ba4ee99dcd,ME,p13_conv_10,11,2025-03-15,support_experience,,ongoing_stage,1,0,0,1,0,False,False,,
p13,train,mvu_0a7e21fb880e28dd99f7e9ac,ME,p13_conv_10,11,2025-03-15,meaningful_experience,,ongoing_stage,1,0,0,1,0,False,False,,
p13,train,mvu_da163d6faa8d495bd28ef56a,MP,esc785,12,2025-04-21,stable_relationship_role,friend_with_history_of_conflict,,2,0,0,2,0,False,False,,
p13,train,mvu_5afb7276c344113642b1bd2d,MP,esc785,12,2025-04-21,durable_boundary,emotional_tolerance_limit_reached,,2,0,0,2,0,False,False,,
p13,train,mvu_a07bcce7b8b49cc5397260d9,ME,esc785,12,2025-04-21,relationship_event,,occurred,1,0,0,1,0,False,False,,
p13,train,mvu_35d4686b155eb6495af6bc94,ME,esc785,12,2025-04-21,relationship_event,,occurred,1,0,0,1,0,False,False,,
p13,train,mvu_db84ff41ddb3231ff2e4fe36,ME,esc785,12,2025-04-21,state_onset,,occurred,2,0,0,2,0,False,False,,
p13,train,mvu_f69240857782d1a7de8fd8b6,ME,esc785,12,2025-04-21,state_change,,occurred,2,0,0,2,0,False,False,,
p13,train,mvu_8846c66a0bafabcf2e312374,ME,esc785,12,2025-04-21,support_experience,,occurred,1,0,0,1,0,False,False,,
p13,train,mvu_3d1095a010fe7ff30218aaf5,MP,p13_conv_11,13,2025-05-20,stable_relationship_role,romantic_partner,,4,0,0,4,0,False,False,,
p13,train,mvu_6cbcd1ecc584dfb0dc0045e8,MP,p13_conv_11,13,2025-05-20,occupation,current_employment_status,,2,0,0,2,0,False,False,,
p13,train,mvu_f41b41aea4abdebf1a819b6c,ME,p13_conv_11,13,2025-05-20,meaningful_experience,,occurred,3,0,0,3,0,False,False,,
p13,train,mvu_33046f290223600162551264,ME,p13_conv_11,13,2025-05-20,state_onset,,ongoing_stage,1,0,0,1,0,False,False,,
p13,train,mvu_8c1871f240df080e040555a8,ME,p13_conv_11,13,2025-05-20,relationship_event,,ongoing_stage,3,0,0,3,0,False,False,,
p13,train,mvu_a37fa5a1f6cec8498e472b08,ME,p13_conv_11,13,2025-05-20,coping_attempt,,occurred,1,0,0,1,0,False,False,,
p13,train,mvu_f9a37812aa7353d7acb6f0cc,ME,p13_conv_11,13,2025-05-20,coping_attempt,,ongoing_stage,2,0,0,2,0,False,False,,
p13,train,mvu_1fd703f5f8ef02e42b0ed130,ME,p13_conv_11,13,2025-05-20,support_experience,,occurred,2,0,0,2,0,False,False,,
p13,train,mvu_051261a734ed44e720ec582d,MP,esc1198,14,2025-06-10,stable_relationship_role,sibling_relationship,,1,0,0,1,0,False,False,,
p13,train,mvu_2389ffbdde25d5ed2de3403a,ME,esc1198,14,2025-06-10,transient_state,,occurred,1,0,0,1,0,False,False,,
p13,train,mvu_fd8939f3fac2dbc23e74d38d,ME,esc1198,14,2025-06-10,coping_attempt,,occurred,1,0,0,1,0,False,False,,
p13,train,mvu_c344c704d66f6f6979b28df9,ME,esc1198,14,2025-06-10,coping_attempt,,occurred,1,0,0,1,0,False,False,,
p13,train,mvu_b0980d1c65291064d6b0a51c,ME,esc1198,14,2025-06-10,coping_attempt,,occurred,1,0,0,1,0,False,False,,
p13,train,mvu_69916bfcf7f94ac4140dba67,ME,esc1198,14,2025-06-10,coping_attempt,,occurred,1,0,0,1,0,False,False,,
p13,train,mvu_3f241251bebda0e2caaa63fe,ME,esc1198,14,2025-06-10,coping_attempt,,occurred,1,0,0,1,0,False,False,,
p13,train,mvu_79e0d1274c27493dafe9774c,ME,esc1198,14,2025-06-10,state_change,,occurred,1,0,0,1,0,False,False,,
p13,train,mvu_2f0025672ac794a42b105ddf,ME,esc1198,14,2025-06-10,meaningful_experience,,occurred,1,0,0,1,0,False,False,,
p13,train,mvu_bc25786ac4990471aea04d42,MP,p13_conv_12,15,2025-06-30,occupation,current_employment_status,,3,0,0,3,0,False,False,,
p13,train,mvu_c7a580944278d8b02027e81b,MP,p13_conv_12,15,2025-06-30,enduring_interest,pet_ownership_interest,,2,0,0,2,0,False,False,,
p13,train,mvu_65c21e1794e28d7100550fab,ME,p13_conv_12,15,2025-06-30,coping_attempt,,ongoing_stage,1,0,0,1,0,False,False,,
p13,train,mvu_94a0ed8e1f615d606bf7754d,ME,p13_conv_12,15,2025-06-30,relationship_event,,occurred,1,0,0,1,0,False,False,,
p13,train,mvu_e6ec34f2cc9e1ba719de84ed,ME,p13_conv_12,15,2025-06-30,action_observed_outcome,,occurred,1,0,0,1,0,False,False,,
p13,train,mvu_8d99afa25f7b8fcccf2c7c4a,ME,p13_conv_12,15,2025-06-30,meaningful_experience,,ongoing_stage,2,0,0,2,0,False,False,,
p13,train,mvu_5f281bc625ee039556da3b68,ME,p13_conv_12,15,2025-06-30,transient_state,,ongoing_stage,3,0,0,3,0,False,False,,
p13,train,mvu_297eb845c988c83056fc8ba0,MP,p13_conv_13,16,2025-07-01,stable_relationship_role,estranged_college_friend,,1,0,0,1,0,False,False,,
p13,train,mvu_c103a8554b65326b9c5c1e54,MP,p13_conv_14,17,2025-07-05,stable_relationship_role,estranged_college_friend,,6,0,0,6,0,False,False,,
p13,train,mvu_b975f65c2a55e788ff091773,MP,p13_conv_14,17,2025-07-05,occupation,current_employment_status,,1,0,0,1,0,False,False,,
p13,train,mvu_8e78a5acc5bf52f6f1b8ac3d,ME,p13_conv_14,17,2025-07-05,relationship_event,,occurred,3,0,0,3,0,False,False,,
p13,train,mvu_a327aa9bb003880068d5c783,ME,p13_conv_14,17,2025-07-05,meaningful_experience,,occurred,1,0,0,1,0,False,False,,
p13,train,mvu_a85e1a267784601903962104,ME,p13_conv_14,17,2025-07-05,support_experience,,ongoing_stage,2,0,0,2,0,False,False,,
p13,train,mvu_ab5e04f523a0728cbe326c94,ME,p13_conv_14,17,2025-07-05,coping_attempt,,ongoing_stage,1,0,0,1,0,False,False,,
p13,train,mvu_d2b810451f67c3dfba84c0a3,ME,p13_conv_15,18,2025-08-01,state_onset,,occurred,1,0,0,1,0,False,False,,
p13,train,mvu_e6ba28465c161917fd16aac8,MP,esc27,19,2025-08-10,occupation,current_employment_status,,5,0,0,5,0,False,False,,
p13,train,mvu_15f281171c48f41099c512df,ME,p13_conv_16,20,2025-08-12,state_change,,occurred,1,0,0,1,0,False,False,,
p13,train,mvu_3bee53f67390f5ffb0d0dd9d,ME,p13_conv_16,20,2025-08-12,relationship_event,,ongoing_stage,2,0,0,2,0,False,False,,
p13,train,mvu_5593b1e64ea994eedd7bc267,MP,p13_conv_17,21,2025-08-25,enduring_interest,creative_writing_interest,,3,0,0,3,0,False,False,,
p13,train,mvu_62001cfbf2c54d823c4b0745,ME,p13_conv_17,21,2025-08-25,meaningful_experience,,occurred,2,0,0,2,0,False,False,,
p13,train,mvu_42e220ff807039a3db4f83e3,ME,p13_conv_17,21,2025-08-25,coping_attempt,,ongoing_stage,2,0,0,2,0,False,False,,
p13,train,mvu_09d7ea97fc3de2bfa946e132,ME,p13_conv_17,21,2025-08-25,relationship_event,,occurred,2,0,0,2,0,False,False,,
p13,train,mvu_d905582be8e07bc397fa9392,ME,p13_conv_17,21,2025-08-25,life_event,,ongoing_stage,3,0,0,3,0,False,False,,
p13,train,mvu_fa378d6df7b147a6965bcc84,ME,p13_conv_18,22,2025-09-15,meaningful_experience,,occurred,4,0,0,4,0,False,False,,
p13,train,mvu_3cbd9f971dc5e4e8855f234b,ME,p13_conv_18,22,2025-09-15,state_change,,occurred,2,0,0,2,0,False,False,,
p14,test,mvu_6e314d1bda24c0e80c084f21,MP,esc548,0,2024-06-10,stable_relationship_role,romantic_partner_employment_situation_impact,,4,0,0,4,0,False,False,,
p14,test,mvu_abb75aa87bc79693ba7e0558,ME,esc548,0,2024-06-10,relationship_event,,occurred,2,0,0,2,0,False,False,,
p14,test,mvu_895a4bed73a3ccdad45ab789,ME,esc548,0,2024-06-10,meaningful_experience,,ongoing_stage,2,0,0,2,0,False,False,,
p14,test,mvu_758b79476b098b7c870ee209,ME,esc548,0,2024-06-10,coping_attempt,,ongoing_stage,1,0,0,1,0,False,False,,
p14,test,mvu_2b4eba09492e58b95e64bb94,MP,esc942,1,2024-07-05,stable_relationship_role,parent_of_school_child,,1,0,0,1,0,False,False,,
p14,test,mvu_1ac3b8e0f5b03d0e1211a1bb,MP,esc942,1,2024-07-05,enduring_interest,educational_technology_interest,,1,0,0,1,0,False,False,,
p14,test,mvu_6f30de8fdb0eabe39ff1e98a,MP,esc942,1,2024-07-05,occupation,seeker_occupation,,1,0,0,1,0,False,False,,
p14,test,mvu_75a49fb2cabb822b7a65eb9e,ME,esc942,1,2024-07-05,transient_state,,ongoing_stage,1,0,0,1,0,False,False,,
p14,test,mvu_157ea3cd91591a1a97929da9,ME,esc942,1,2024-07-05,meaningful_experience,,occurred,1,0,0,1,0,False,False,,
p14,test,mvu_b3228c608a3c905310ac6469,ME,esc942,1,2024-07-05,coping_attempt,,ongoing_stage,1,0,0,1,0,False,False,,
p14,test,mvu_32881811950e74a6d0b5ccbd,ME,esc942,1,2024-07-05,state_onset,,occurred,1,0,0,1,0,False,False,,
p14,test,mvu_820f69c8030344f591310a3d,ME,esc942,1,2024-07-05,coping_attempt,,ongoing_stage,1,0,0,1,0,False,False,,
p14,test,mvu_3f450945f64fcb9c16e706c2,MP,esc912,2,2024-08-12,durable_health_constraint,pregnancy_status,,3,0,0,3,0,False,False,,
p14,test,mvu_46d7128ed117af07523781a3,MP,esc912,2,2024-08-12,enduring_interest,coping_mechanism_religion,,1,0,0,1,0,False,False,,
p14,test,mvu_c20257f398ae12bf1ed4b351,MP,esc912,2,2024-08-12,stable_relationship_role,mental_health_support_engagement,,2,0,0,2,0,False,False,,
p14,test,mvu_faabd33e391789cffe3c7e23,ME,esc912,2,2024-08-12,life_event,,occurred,1,0,0,1,0,False,False,,
p14,test,mvu_43e512ff61e475791470d064,ME,esc912,2,2024-08-12,coping_attempt,,ongoing_stage,2,0,0,2,0,False,False,,
p14,test,mvu_47c535d354159d82d833b79d,ME,esc912,2,2024-08-12,coping_attempt,,ongoing_stage,1,0,0,1,0,False,False,,
p14,test,mvu_b36fec98ed01895951af141b,ME,esc912,2,2024-08-12,relationship_event,,ongoing_stage,1,0,0,1,0,False,False,,
p14,test,mvu_8c46af42f2c7492372ea6d9d,MP,esc769,3,2024-09-18,stable_relationship_role,friend_with_alcohol_use_concerns,,2,0,0,2,0,False,False,,
p14,test,mvu_3dc477929b865fbafb415bf1,MP,esc769,3,2024-09-18,stable_relationship_role,friend_experiences_verbal_abuse_in_relationship,,1,0,0,1,0,False,False,,
p14,test,mvu_b55d57a93d733891bbe03bfc,MP,esc769,3,2024-09-18,durable_health_constraint,concern_about_friend_s_child_custody_risk,,1,0,0,1,0,False,False,,
p14,test,mvu_05fd78551a60b7c4888bee77,MP,esc769,3,2024-09-18,enduring_interest,advocacy_for_friend_wellbeing,,3,0,0,3,0,False,False,,
p14,test,mvu_2f187846f72e4f5d031d1592,ME,esc769,3,2024-09-18,support_experience,,ongoing_stage,4,0,0,4,0,False,False,,
p14,test,mvu_f4733304a4c4c43d8f246c70,ME,esc769,3,2024-09-18,relationship_event,,occurred,1,0,0,1,0,False,False,,
p14,test,mvu_31c4dda294bd06785ff4c680,ME,esc769,3,2024-09-18,meaningful_experience,,occurred,1,0,0,1,0,False,False,,
p14,test,mvu_e702f5abb3ff010c872c969b,MP,esc1015,4,2024-09-25,durable_health_constraint,sleep_initiation_difficulty,,3,0,0,3,0,False,False,,
p14,test,mvu_0f4781fc5146c8340b1263b7,ME,esc1015,4,2024-09-25,coping_attempt,,ongoing_stage,4,0,0,4,0,False,False,,
p14,test,mvu_892945078946a002cb3cea60,ME,esc1015,4,2024-09-25,meaningful_experience,,occurred,3,0,0,3,0,False,False,,
p14,test,mvu_354565952b9019631468a512,ME,esc1015,4,2024-09-25,state_onset,,ongoing_stage,3,0,0,3,0,False,False,,
p14,test,mvu_3195679d7d8e9d204ff36494,ME,p14_conv_1,5,2024-10-03,relationship_event,,occurred,2,0,0,2,0,False,False,,
p14,test,mvu_60f9b542c85dfb29ce738a9c,ME,p14_conv_1,5,2024-10-03,meaningful_experience,,occurred,1,0,0,1,0,False,False,,
p14,test,mvu_3d6b0d9306a9a13dae2b024d,ME,p14_conv_1,5,2024-10-03,coping_attempt,,occurred,2,0,0,2,0,False,False,,
p14,test,mvu_4b2764671a879981665e3635,MP,p14_conv_2,6,2024-10-08,durable_health_constraint,pregnancy_complication_diagnosed,,1,0,0,1,0,False,False,,
p14,test,mvu_b6816e795e53699fa69b8fc1,ME,p14_conv_2,6,2024-10-08,state_onset,,occurred,1,0,0,1,0,False,False,,
p14,test,mvu_f02572b31db29043f8a1150c,ME,p14_conv_2,6,2024-10-08,relationship_event,,ongoing_stage,2,0,0,2,0,False,False,,
p14,test,mvu_902b02c1483716b10ef21524,ME,p14_conv_2,6,2024-10-08,coping_attempt,,occurred,1,0,0,1,0,False,False,,
p14,test,mvu_36033c602bff11f7f56b3320,MP,p14_conv_3,7,2024-10-20,durable_health_constraint,pregnancy_complication_diagnosed,,1,0,0,1,0,True,False,,
p14,test,mvu_16f2d51af6610fac9639ba51,MP,p14_conv_3,7,2024-10-20,stable_relationship_role,romantic_partner_employment_situation_impact,,2,0,0,2,0,True,False,,
p14,test,mvu_d121777c5e7cb18f7bb48404,ME,p14_conv_3,7,2024-10-20,relationship_event,,occurred,2,0,0,2,0,False,False,,
p14,test,mvu_c386188c24fe30049a7515e1,ME,p14_conv_3,7,2024-10-20,coping_attempt,,ongoing_stage,1,0,0,1,0,False,False,,
p14,test,mvu_2265b088e5477f132de86541,ME,p14_conv_3,7,2024-10-20,support_experience,,occurred,1,0,0,1,0,False,False,,
p14,test,mvu_e41f804912644fcc08e985db,MP,p14_conv_4,8,2024-10-28,stable_relationship_role,parent_of_school_child,,3,0,0,3,0,False,False,,
p14,test,mvu_e293b0d3c945ca9bec4e1f07,MP,p14_conv_4,8,2024-10-28,stable_relationship_role,romantic_partner_employment_situation_impact,,2,0,0,2,0,False,False,,
p14,test,mvu_d254d9e942539700040744a1,MP,p14_conv_4,8,2024-10-28,enduring_preference,enduring_preference_reading,,1,0,0,1,0,False,False,,
p14,test,mvu_e8342bcf2f0b8c9a92c018f0,ME,p14_conv_4,8,2024-10-28,relationship_event,,ongoing_stage,2,0,0,2,0,False,False,,
p14,test,mvu_9713d41594404cfc946d7d4f,MP,p14_conv_5,9,2024-11-05,durable_health_constraint,pregnancy_complication_diagnosed,,1,0,0,1,0,True,False,,
p14,test,mvu_3d21c6e4121c9fb06ce4550f,MP,p14_conv_5,9,2024-11-05,stable_relationship_role,romantic_partner_employment_situation_impact,,1,0,0,1,0,True,False,,
p14,test,mvu_cbc6a6eef34f4817e7802d51,ME,p14_conv_5,9,2024-11-05,state_onset,,occurred,1,0,0,1,0,False,False,,
p14,test,mvu_5e7e7644bdc3500941c80896,ME,p14_conv_5,9,2024-11-05,relationship_event,,occurred,1,0,0,1,0,False,False,,
p14,test,mvu_6c04dba02fbb90aa6910459e,MP,p14_conv_6,10,2024-12-01,durable_health_constraint,pregnancy_complication_diagnosed,,1,0,0,1,0,False,False,,
p14,test,mvu_08c857ff3c89bf30da63bd64,MP,p14_conv_6,10,2024-12-01,stable_relationship_role,romantic_partner_communication_difficulty,,2,0,0,2,0,False,False,,
p14,test,mvu_914519287a2450f196cde743,MP,p14_conv_6,10,2024-12-01,stable_relationship_role,friend_emotional_distance,,2,0,0,2,0,False,False,,
p14,test,mvu_e6f77347fc6e1db14c942cbc,MP,p14_conv_6,10,2024-12-01,stable_relationship_role,supportive_teacher_relationship,,1,0,0,1,0,False,False,,
p14,test,mvu_d3ca6fa042479c6553104cea,MP,p14_conv_6,10,2024-12-01,enduring_interest,value_of_small_supportive_actions,,1,0,0,1,0,False,False,,
p14,test,mvu_393c1f9cf75f05d191c35bcd,ME,p14_conv_6,10,2024-12-01,state_onset,,occurred,1,0,0,1,0,False,False,,
p14,test,mvu_0e7a4420c0997345177f7c9a,ME,p14_conv_6,10,2024-12-01,relationship_event,,occurred,2,0,0,2,0,False,False,,
p14,test,mvu_0d4be22ab2f92d32a5802641,ME,p14_conv_6,10,2024-12-01,relationship_event,,ongoing_stage,2,0,0,2,0,False,False,,
p14,test,mvu_32a64a483e3bc7208750120c,ME,p14_conv_6,10,2024-12-01,support_experience,,ongoing_stage,1,0,0,1,0,False,False,,
p14,test,mvu_9db0a953432dfabdb8fefbdb,ME,p14_conv_6,10,2024-12-01,meaningful_experience,,occurred,1,0,0,1,0,False,False,,
p14,test,mvu_87914c574d9ee248cfcc7076,ME,p14_conv_6,10,2024-12-01,coping_attempt,,ongoing_stage,1,0,0,1,0,False,False,,
p14,test,mvu_a205575bf1a998af6114c67d,MP,p14_conv_7,11,2024-12-15,durable_health_constraint,pregnancy_complication_diagnosed,,3,0,0,3,0,False,False,,
p14,test,mvu_226b217bc37d65d23ce51c85,MP,p14_conv_7,11,2024-12-15,stable_relationship_role,romantic_partner_employment_situation_impact,,2,0,0,2,0,False,False,,
p14,test,mvu_c0b3b7b3c4b6f7720f09d8b8,MP,p14_conv_7,11,2024-12-15,stable_relationship_role,friend_emotional_distance,,2,0,0,2,0,False,False,,
p14,test,mvu_b83a3980102e660d2e1fb660,ME,p14_conv_7,11,2024-12-15,life_event,,occurred,2,0,0,2,0,False,False,,
p14,test,mvu_d069d8dcf085f7b7c85a9011,ME,p14_conv_7,11,2024-12-15,state_onset,,occurred,2,0,0,2,0,False,False,,
p14,test,mvu_9f9b484c16ebd92c1d47a223,ME,p14_conv_7,11,2024-12-15,relationship_event,,occurred,1,0,0,1,0,False,False,,
p14,test,mvu_5afc4e5ac698fca75b58e4b2,ME,p14_conv_7,11,2024-12-15,transient_state,,occurred,1,0,0,1,0,False,False,,
p14,test,mvu_b764ede42bf6547a8d9f1c34,ME,p14_conv_7,11,2024-12-15,transient_state,,occurred,1,0,0,1,0,False,False,,
p14,test,mvu_2104f01a5cb7773e78f404a9,ME,p14_conv_7,11,2024-12-15,transient_state,,occurred,1,0,0,1,0,False,False,,
p14,test,mvu_e85d9a5df36256c4da6dc0e7,ME,p14_conv_7,11,2024-12-15,coping_attempt,,ongoing_stage,2,0,0,2,0,False,False,,
p14,test,mvu_7efb345655b383babf9c5527,MP,p14_conv_8,12,2025-01-05,stable_relationship_role,romantic_partner_communication_difficulty,,4,0,0,4,0,False,False,,
p14,test,mvu_4bbb6d72d83d3781f2f8955b,MP,p14_conv_8,12,2025-01-05,durable_health_constraint,pregnancy_related_anxiety,,2,0,0,2,0,False,False,,
p14,test,mvu_eff6357620625832a2e48f4c,MP,p14_conv_8,12,2025-01-05,enduring_interest,coping_through_shared_positive_routines,,2,0,0,2,0,False,False,,
p14,test,mvu_1c271c8b17779bbd9b8f3e19,ME,p14_conv_8,12,2025-01-05,relationship_event,,ongoing_stage,4,0,0,4,0,False,False,,
p14,test,mvu_36ec0c4fe0a8f07fb9ba2488,MP,p14_conv_9,13,2025-01-10,durable_health_constraint,pregnancy_complication_diagnosed,,1,0,0,1,0,False,False,,
p14,test,mvu_9fe59abcb5d15fadb6ec9142,MP,p14_conv_9,13,2025-01-10,durable_health_constraint,pregnancy_related_anxiety,,1,0,0,1,0,False,False,,
p14,test,mvu_46e74e3afd60e7cb5d27ac64,MP,p14_conv_9,13,2025-01-10,stable_relationship_role,romantic_partner_communication_difficulty,,2,0,0,2,0,False,False,,
p14,test,mvu_2d6f4183c9608394b909a8f8,MP,p14_conv_9,13,2025-01-10,stable_relationship_role,romantic_partner_employment_situation_impact,,1,0,0,1,0,False,False,,
p14,test,mvu_2a7a6c14cb19643521cfaddc,MP,p14_conv_9,13,2025-01-10,stable_relationship_role,friend_emotional_distance,,1,0,0,1,0,False,False,,
p14,test,mvu_28b07e5b317b85b9ac11d53e,MP,p14_conv_9,13,2025-01-10,occupation,seeker_occupation,,1,0,0,1,0,False,False,,
p14,test,mvu_bef3450250d91864ac02b4c9,MP,p14_conv_9,13,2025-01-10,enduring_interest,value_of_small_supportive_actions,,1,0,0,1,0,False,False,,
p14,test,mvu_5a26c1632694175c033a7b78,ME,p14_conv_9,13,2025-01-10,life_event,,occurred,1,0,0,1,0,False,False,,
p14,test,mvu_dd7a9fe190d937a647955f5e,ME,p14_conv_9,13,2025-01-10,relationship_event,,ongoing_stage,2,0,0,2,0,False,False,,
p14,test,mvu_7b4ea452ddf476b112f61a96,ME,p14_conv_9,13,2025-01-10,support_experience,,occurred,2,0,0,2,0,False,False,,
p14,test,mvu_7c7db180dc5b4ddab4416f8c,ME,p14_conv_9,13,2025-01-10,coping_attempt,,ongoing_stage,1,0,0,1,0,False,False,,
p14,test,mvu_bd66f1a04ff61744d3528b7b,ME,p14_conv_9,13,2025-01-10,relationship_event,,ongoing_stage,1,0,0,1,0,False,False,,
p14,test,mvu_2c27a5d9975e4b9fa6a32d30,MP,p14_conv_10,14,2025-04-15,stable_relationship_role,child_self_esteem_struggles,,3,0,0,3,0,False,False,,
p14,test,mvu_f7c487a233c418f6b20d22d5,MP,p14_conv_10,14,2025-04-15,durable_health_constraint,seeker_anxiety_impacting_presence,,2,0,0,2,0,False,False,,
p14,test,mvu_3c602f63e89767d83ffebbed,ME,p14_conv_10,14,2025-04-15,relationship_event,,occurred,2,0,0,2,0,False,False,,
p14,test,mvu_2805ff1cdf5fe801ec6c253e,ME,p14_conv_10,14,2025-04-15,coping_attempt,,ongoing_stage,2,0,0,2,0,False,False,,
p14,test,mvu_695c1a6dd7b33dc2054eebce,ME,p14_conv_10,14,2025-04-15,support_experience,,ongoing_stage,1,0,0,1,0,False,False,,
p14,test,mvu_e7928a44b8a4eb0bfce9510d,MP,p14_conv_11,15,2025-05-20,stable_relationship_role,romantic_partner_support_post_delivery,,2,0,0,2,0,False,False,,
p14,test,mvu_9f09c2c9915d85a50fda8fe0,MP,p14_conv_11,15,2025-05-20,stable_relationship_role,older_child_adjusting_to_new_sibling,,1,0,0,1,0,False,False,,
p14,test,mvu_dc404694080e7b974cd52fd2,MP,p14_conv_11,15,2025-05-20,enduring_interest,support_group_engagement_for_emotional_wellbeing,,1,0,0,1,0,False,False,,
p14,test,mvu_a7320ceaff4b04febe79388e,ME,p14_conv_11,15,2025-05-20,life_event,,occurred,1,0,0,1,0,False,False,,
p14,test,mvu_37ed0ebd360f58230089a69f,ME,p14_conv_11,15,2025-05-20,relationship_event,,ongoing_stage,2,0,0,2,0,False,False,,
p14,test,mvu_2bf1dbd0b52670e8bbcaa7b4,ME,p14_conv_11,15,2025-05-20,state_onset,,occurred,2,0,0,2,0,False,False,,
p14,test,mvu_72285d5c890b0dd25dd05727,ME,p14_conv_11,15,2025-05-20,coping_attempt,,ongoing_stage,1,0,0,1,0,False,False,,
p14,test,mvu_2d732dd20601c246930573d5,MP,p14_conv_12,16,2025-09-28,enduring_interest,value_of_shared_positive_routines_with_partner,,1,0,0,1,0,False,False,,
p14,test,mvu_ce3dfde75e435010e41f88ad,ME,p14_conv_12,16,2025-09-28,meaningful_experience,,occurred,3,0,0,3,0,False,False,,
p14,test,mvu_575a344f7ad6c41fcc5c7e91,ME,p14_conv_12,16,2025-09-28,relationship_event,,occurred,1,0,0,1,0,False,False,,
p14,test,mvu_d013c236a44e0e3067184f80,ME,p14_conv_12,16,2025-09-28,coping_attempt,,occurred,2,0,0,2,0,False,False,,
p14,test,mvu_207bdaec9f2ee88b3440f5fa,ME,p14_conv_12,16,2025-09-28,state_change,,occurred,2,0,0,2,0,False,False,,
p14,test,mvu_f0921eb78461a2cf2f8fe9e9,ME,p14_conv_12,16,2025-09-28,support_experience,,ongoing_stage,1,0,0,1,0,False,False,,
p15,dev,mvu_13bcf015c0d0a234c251f302,MP,p15_conv_1,0,2024-03-12,education,current_academic_program,,1,0,0,1,0,False,False,,
p15,dev,mvu_e4e690277775e3942213dfa4,ME,p15_conv_1,0,2024-03-12,state_onset,,occurred,1,0,0,1,0,False,False,,
p15,dev,mvu_d39f706a53304fafe077a6c6,ME,p15_conv_1,0,2024-03-12,transient_state,,ongoing_stage,1,0,0,1,0,False,False,,
p15,dev,mvu_df459b15632f7440a6d688b9,ME,p15_conv_1,0,2024-03-12,meaningful_experience,,occurred,1,0,0,1,0,False,False,,
p15,dev,mvu_c27b1f98c7119d996b7709e3,ME,p15_conv_1,0,2024-03-12,coping_attempt,,ongoing_stage,1,0,0,1,0,False,False,,
p15,dev,mvu_e9c80e2edbc039abd1578d21,MP,esc1138,1,2024-06-10,education,current_academic_program,,1,0,0,1,0,True,True,citation_partial,suppress_unsupported_new_version_without_automatic_fallback
p15,dev,mvu_2ae933d1ca05cf7132d6a3d5,MP,esc1138,1,2024-06-10,identity,age,,1,0,0,1,0,False,False,,
p15,dev,mvu_e1f63fc2a47cb013b8b95b39,MP,esc1138,1,2024-06-10,stable_relationship_role,relationship_status,,1,0,0,1,0,False,False,,
p15,dev,mvu_cafa3f541134140a7d9d0ea6,MP,esc1138,1,2024-06-10,stable_relationship_role,family_role,,1,0,0,1,0,False,False,,
p15,dev,mvu_8e266d8d852c8ed9d56ca8f6,ME,esc1138,1,2024-06-10,relationship_event,,occurred,3,0,0,3,0,False,False,,
p15,dev,mvu_bd015a5c89c22dbac9d69204,ME,esc1138,1,2024-06-10,relationship_event,,ongoing_stage,1,0,0,1,0,False,False,,
p15,dev,mvu_dc51dfa367719ca736ae7d20,ME,esc1138,1,2024-06-10,life_event,,occurred,1,0,0,1,0,False,False,,
p15,dev,mvu_575f407edd47053c2c28fd95,ME,esc1138,1,2024-06-10,meaningful_experience,,ongoing_stage,2,0,0,2,0,False,False,,
p15,dev,mvu_eeec96ad2537edfe7fa756b3,ME,esc1138,1,2024-06-10,coping_attempt,,occurred,1,0,0,1,0,False,False,,
p15,dev,mvu_1bef0a9dc1895f53b1d61b24,ME,esc1138,1,2024-06-10,coping_attempt,,occurred,2,0,0,2,0,False,False,,
p15,dev,mvu_c4a96348716f71713a1a0b30,ME,esc1138,1,2024-06-10,coping_attempt,,occurred,1,0,0,1,0,False,False,,
p15,dev,mvu_7a4b192641d6a4c0d0d561fb,ME,esc1006,2,2024-07-01,relationship_event,,occurred,1,0,0,1,0,False,False,,
p15,dev,mvu_5dc07d22b7bef75bf7b47f9f,ME,esc1006,2,2024-07-01,state_onset,,occurred,1,0,0,1,0,False,False,,
p15,dev,mvu_61fc301976075c007bfd56ef,ME,esc1006,2,2024-07-01,coping_attempt,,occurred,1,0,0,1,0,False,False,,
p15,dev,mvu_9c51d3958175f95d4f1b3cd9,ME,esc1006,2,2024-07-01,meaningful_experience,,ongoing_stage,1,0,0,1,0,False,False,,
p15,dev,mvu_71bc97b4fb5db72e9f7751e9,ME,esc1006,2,2024-07-01,meaningful_experience,,ongoing_stage,1,0,0,1,0,False,False,,
p15,dev,mvu_0b3f37b4da4ad5d2304350b2,ME,esc1006,2,2024-07-01,coping_attempt,,occurred,1,0,0,1,0,False,False,,
p15,dev,mvu_c276880727013d66df3ecbcd,ME,esc1006,2,2024-07-01,meaningful_experience,,ongoing_stage,1,0,0,1,0,False,False,,
p15,dev,mvu_f4afb0224c8c679567e7fbde,ME,esc1006,2,2024-07-01,coping_attempt,,occurred,1,0,0,1,0,False,False,,
p15,dev,mvu_922a580eae0f072043c47539,MP,esc119,3,2024-09-15,education,current_academic_program,,1,0,0,1,0,True,True,citation_partial,suppress_unsupported_new_version_without_automatic_fallback
p15,dev,mvu_9073b413636264a59b0438ec,MP,esc119,3,2024-09-15,enduring_preference,therapy_experience_attitude,,1,0,0,1,0,False,False,,
p15,dev,mvu_24d2ac54c87b62fe259285e9,MP,esc119,3,2024-09-15,enduring_preference,preference_for_free_therapy_access,,1,0,0,1,0,False,False,,
p15,dev,mvu_140b833a3639e21427c06eb5,ME,esc119,3,2024-09-15,transient_state,,ongoing_stage,1,0,0,1,0,False,False,,
p15,dev,mvu_5ce0f9bcc6ce49fb0bdb9d98,ME,esc119,3,2024-09-15,coping_attempt,,occurred,1,0,0,1,0,False,False,,
p15,dev,mvu_101ec1506570d40145919d3a,ME,esc119,3,2024-09-15,coping_attempt,,occurred,1,0,0,1,0,False,False,,
p15,dev,mvu_7fefa2a5eee3df3b7cb2127b,ME,esc119,3,2024-09-15,meaningful_experience,,occurred,1,0,0,1,0,False,False,,
p15,dev,mvu_241ac2ec0d7865cdc6a5e921,ME,p15_conv_2,4,2024-09-20,relationship_event,,occurred,2,0,0,2,0,False,False,,
p15,dev,mvu_de901b588a73487dd8ed8f81,ME,p15_conv_2,4,2024-09-20,coping_attempt,,occurred,1,0,0,1,0,False,False,,
p15,dev,mvu_bd3645573f5029180ffe7c47,ME,p15_conv_2,4,2024-09-20,meaningful_experience,,ongoing_stage,2,0,0,2,0,False,False,,
p15,dev,mvu_a1cffcfdefb7a278503fa00b,ME,p15_conv_2,4,2024-09-20,coping_attempt,,occurred,2,0,0,2,0,False,False,,
p15,dev,mvu_cea00e8b9600a11000bd5261,ME,p15_conv_2,4,2024-09-20,coping_attempt,,occurred,2,0,0,2,0,False,False,,
p15,dev,mvu_053b35a8ef2937f65c35fff5,ME,p15_conv_3,5,2024-10-10,transient_state,,ongoing_stage,3,0,0,3,0,False,False,,
p15,dev,mvu_bec10aa5aaf6239f3c7c4a3d,ME,p15_conv_3,5,2024-10-10,transient_state,,ongoing_stage,1,0,0,1,0,False,False,,
p15,dev,mvu_dd02bd2b7d850790c62ddf6d,ME,p15_conv_3,5,2024-10-10,transient_state,,ongoing_stage,2,0,0,2,0,False,False,,
p15,dev,mvu_b0b19433b4757843591b9cee,ME,p15_conv_3,5,2024-10-10,other_occurred_event,,occurred,1,0,0,1,0,False,False,,
p15,dev,mvu_7a0d57ea78d7b294f608fcd2,ME,p15_conv_3,5,2024-10-10,coping_attempt,,occurred,2,0,0,2,0,False,False,,
p15,dev,mvu_39381549bd92a3ee8b8e1883,MP,p15_conv_4,6,2024-10-18,education,current_academic_program,,1,0,0,1,0,True,True,citation_partial,suppress_unsupported_new_version_without_automatic_fallback
p15,dev,mvu_1b91a64274394786266cec8e,ME,p15_conv_4,6,2024-10-18,meaningful_experience,,occurred,3,0,0,3,0,False,False,,
p15,dev,mvu_5cf5da63edf9c8c04a0dcf51,ME,p15_conv_4,6,2024-10-18,state_onset,,occurred,2,0,0,2,0,False,False,,
p15,dev,mvu_a76af87b9e9dec16419e4d4f,ME,p15_conv_4,6,2024-10-18,life_event,,occurred,1,0,0,1,0,False,False,,
p15,dev,mvu_08dda071577d8f9fe4586cc1,ME,p15_conv_4,6,2024-10-18,coping_attempt,,occurred,1,0,0,1,0,False,False,,
p15,dev,mvu_d25b034f134f91a6a6bd6a6d,ME,p15_conv_5,7,2024-10-28,coping_attempt,,occurred,3,0,0,3,0,False,False,,
p15,dev,mvu_cfdc0b1489c26fbd15e03d2c,ME,p15_conv_5,7,2024-10-28,state_onset,,occurred,3,0,0,3,0,False,False,,
p15,dev,mvu_af795440ce35fe47fb5b892c,ME,p15_conv_5,7,2024-10-28,support_experience,,occurred,3,0,0,3,0,False,False,,
p15,dev,mvu_cb0b067eb6e176e6a015b23c,MP,p15_conv_6,8,2024-10-30,education,current_academic_program,,1,0,0,1,0,True,True,citation_partial,suppress_unsupported_new_version_without_automatic_fallback
p15,dev,mvu_0b4963043930a236a1b61a84,ME,p15_conv_6,8,2024-10-30,meaningful_experience,,occurred,2,0,0,2,0,False,False,,
p15,dev,mvu_1d3074d46ccc36ea78304269,ME,p15_conv_6,8,2024-10-30,coping_attempt,,occurred,1,0,0,1,0,False,False,,
p15,dev,mvu_7c9eb711c7c882c2b41afe78,ME,p15_conv_6,8,2024-10-30,coping_attempt,,occurred,1,0,0,1,0,False,False,,
p15,dev,mvu_7cfa5bb6c0fc2bd7a77aa11d,MP,p15_conv_7,9,2024-11-05,education,current_academic_program,,1,0,0,1,0,True,True,citation_partial,suppress_unsupported_new_version_without_automatic_fallback
p15,dev,mvu_e2adb9d0dda715d48b23b8c1,ME,p15_conv_7,9,2024-11-05,relationship_event,,occurred,2,0,0,2,0,False,False,,
p15,dev,mvu_bf9b32481e885eadbd8fc428,ME,p15_conv_7,9,2024-11-05,state_onset,,occurred,2,0,0,2,0,False,False,,
p15,dev,mvu_bca9bbff77809689ecca326b,ME,p15_conv_7,9,2024-11-05,coping_attempt,,occurred,1,0,0,1,0,False,False,,
p15,dev,mvu_b7116ba6574d4de511c3d010,ME,p15_conv_7,9,2024-11-05,support_experience,,occurred,1,0,0,1,0,False,False,,
p15,dev,mvu_4202c02d157f38ea994f2adf,ME,p15_conv_7,9,2024-11-05,meaningful_experience,,occurred,1,0,0,1,0,False,False,,
p15,dev,mvu_1608c8ecef19b44e93397d6f,MP,p15_conv_8,10,2024-12-01,education,current_academic_program,,1,0,0,1,0,True,True,citation_partial,suppress_unsupported_new_version_without_automatic_fallback
p15,dev,mvu_deba277bd751a8d5ab2387ec,MP,p15_conv_8,10,2024-12-01,stable_relationship_role,relationship_status,,1,0,0,1,0,True,True,citation_partial,suppress_unsupported_new_version_without_automatic_fallback
p15,dev,mvu_2efff425fd6841a5894ea810,ME,p15_conv_8,10,2024-12-01,relationship_event,,ongoing_stage,1,0,0,1,0,False,False,,
p15,dev,mvu_0615aecb3891471afbba3dc4,ME,p15_conv_8,10,2024-12-01,state_onset,,ongoing_stage,1,0,0,1,0,False,False,,
p15,dev,mvu_cdab5c954e5b8b5d78f6eb6f,ME,p15_conv_8,10,2024-12-01,coping_attempt,,occurred,1,0,0,1,0,False,False,,
p15,dev,mvu_2fa1406d950bbd09a784dceb,ME,p15_conv_8,10,2024-12-01,support_experience,,occurred,1,0,0,1,0,False,False,,
p15,dev,mvu_383014219b1868b5a345e82e,ME,p15_conv_9,11,2024-12-20,meaningful_experience,,occurred,2,0,0,2,0,False,False,,
p15,dev,mvu_75ec9fa5f191ed62520eec3d,ME,p15_conv_9,11,2024-12-20,state_onset,,occurred,1,0,0,1,0,False,False,,
p15,dev,mvu_7cc70042c95bc5697103dac0,ME,p15_conv_9,11,2024-12-20,relationship_event,,occurred,1,0,0,1,0,False,False,,
p15,dev,mvu_0e5936269557bc934b58a4fc,ME,p15_conv_9,11,2024-12-20,state_change,,occurred,1,0,0,1,0,False,False,,
p15,dev,mvu_bca7c55121fe851fcdaf4798,ME,p15_conv_9,11,2024-12-20,relationship_event,,occurred,1,0,0,1,0,False,False,,
p15,dev,mvu_4387ca453f80f726c181564b,ME,p15_conv_9,11,2024-12-20,relationship_event,,ongoing_stage,2,0,0,2,0,False,False,,
p15,dev,mvu_ace2b9c9ba5ddcd9f5bffb54,ME,p15_conv_9,11,2024-12-20,coping_attempt,,occurred,2,0,0,2,0,False,False,,
p15,dev,mvu_b8125f24b2521004b3b1fd2c,MP,p15_conv_10,12,2025-01-05,education,current_academic_program,,1,0,0,1,0,True,True,citation_partial,suppress_unsupported_new_version_without_automatic_fallback
p15,dev,mvu_bb9114084e505b1c5def1bc7,ME,p15_conv_10,12,2025-01-05,support_experience,,occurred,3,0,0,3,0,False,False,,
p15,dev,mvu_c29c1507d5d9cdc230c66549,ME,p15_conv_10,12,2025-01-05,meaningful_experience,,occurred,3,0,0,3,0,False,False,,
p15,dev,mvu_eaf7c0c32561e33ec46f734c,ME,p15_conv_10,12,2025-01-05,state_change,,occurred,2,0,0,2,0,False,False,,
p15,dev,mvu_5e007c7db1fd57daec1fa8bd,ME,p15_conv_10,12,2025-01-05,coping_attempt,,occurred,1,0,0,1,0,False,False,,
p15,dev,mvu_7ef465a0185b9aebd8ce6963,ME,p15_conv_10,12,2025-01-05,meaningful_experience,,occurred,1,0,0,1,0,False,False,,
p15,dev,mvu_c2c526fcee332ba78c2fbaff,MP,p15_conv_11,13,2025-02-10,stable_relationship_role,partner_name,,3,0,0,3,0,False,False,,
p15,dev,mvu_09f49285006305cc618b5a22,ME,p15_conv_11,13,2025-02-10,relationship_event,,occurred,1,0,0,1,0,False,False,,
p15,dev,mvu_070875c612d2afd11b9362d1,ME,p15_conv_11,13,2025-02-10,state_onset,,occurred,2,0,0,2,0,False,False,,
p15,dev,mvu_0b3111ec9431d7a3e668ec4a,ME,p15_conv_11,13,2025-02-10,coping_attempt,,occurred,2,0,0,2,0,False,False,,
p15,dev,mvu_b81d84b3b9778ca1642c0fdf,MP,p15_conv_12,14,2025-02-15,education,current_academic_program,,1,0,0,1,0,True,True,citation_partial,suppress_unsupported_new_version_without_automatic_fallback
p15,dev,mvu_99efa7c71fbb0ac02215c1a8,ME,p15_conv_12,14,2025-02-15,meaningful_experience,,occurred,1,0,0,1,0,False,False,,
p15,dev,mvu_12442da6f3936da3d411a792,ME,p15_conv_12,14,2025-02-15,life_event,,occurred,1,0,0,1,0,False,False,,
p15,dev,mvu_2661b6d624865791d4d99041,ME,p15_conv_12,14,2025-02-15,state_onset,,occurred,1,0,0,1,0,False,False,,
p15,dev,mvu_03df56005fd10f506f2918ae,ME,p15_conv_12,14,2025-02-15,coping_attempt,,occurred,1,0,0,1,0,False,False,,
p15,dev,mvu_990fc8ca8d5aa4e24bb61b0b,ME,p15_conv_12,14,2025-02-15,other_occurred_event,,occurred,1,0,0,1,0,False,False,,
p15,dev,mvu_bf9edd832dfde04dbe602531,MP,p15_conv_13,15,2025-03-05,education,current_academic_program,,1,0,0,1,0,True,False,,
p15,dev,mvu_c1e53d4c3a179368fd264678,ME,p15_conv_13,15,2025-03-05,life_event,,occurred,1,0,0,1,0,False,False,,
p15,dev,mvu_acd01db1d3c37c36f66a75fd,ME,p15_conv_13,15,2025-03-05,meaningful_experience,,occurred,1,0,0,1,0,False,False,,
p15,dev,mvu_d2632f4694ef9577d01bfe8b,ME,p15_conv_13,15,2025-03-05,coping_attempt,,ongoing_stage,1,0,0,1,0,False,False,,
p15,dev,mvu_d3233428b00534b7189b44dc,ME,p15_conv_13,15,2025-03-05,meaningful_experience,,occurred,1,0,0,1,0,False,False,,
p15,dev,mvu_115c50ef83953aec6db7d8bd,MP,p15_conv_14,16,2025-03-20,education,current_academic_program,,1,0,0,1,0,True,False,,
p15,dev,mvu_35cc91dc9c89688dcfba5c9f,MP,p15_conv_14,16,2025-03-20,stable_relationship_role,partner_name,,1,0,0,1,0,True,False,,
p15,dev,mvu_8c310173cf8e32b8d9b5f288,ME,p15_conv_14,16,2025-03-20,relationship_event,,ongoing_stage,1,0,0,1,0,False,False,,
p15,dev,mvu_c49f0dce88d46d6d19316063,ME,p15_conv_14,16,2025-03-20,life_event,,occurred,1,0,0,1,0,False,False,,
p15,dev,mvu_688a02e48cb7df76dedfc382,ME,p15_conv_14,16,2025-03-20,coping_attempt,,occurred,1,0,0,1,0,False,False,,
p15,dev,mvu_d98a2e58aaa9862b174cb001,ME,p15_conv_14,16,2025-03-20,meaningful_experience,,occurred,1,0,0,1,0,False,False,,
p15,dev,mvu_36e1a069c425113093495755,ME,p15_conv_14,16,2025-03-20,coping_attempt,,ongoing_stage,1,0,0,1,0,False,False,,
p15,dev,mvu_aa91a4b1ba5256747797d859,ME,esc1263,17,2025-03-25,transient_state,,ongoing_stage,3,0,0,3,0,False,False,,
p15,dev,mvu_b3b1cb06bb93754950949f89,ME,esc1263,17,2025-03-25,meaningful_experience,,occurred,1,0,0,1,0,False,False,,
p15,dev,mvu_357bb0f993208cb845851a57,ME,esc1263,17,2025-03-25,coping_attempt,,occurred,2,0,0,2,0,False,False,,
p15,dev,mvu_dab78ae6042a4d720cbf398c,ME,esc1263,17,2025-03-25,state_onset,,occurred,1,0,0,1,0,False,False,,
p15,dev,mvu_3f926043b3134d0f7dc38fe9,MP,p15_conv_15,18,2025-04-12,education,current_academic_program,,1,0,0,1,0,True,False,,
p15,dev,mvu_0c9f9882272e58e3778fcda1,MP,p15_conv_15,18,2025-04-12,stable_relationship_role,partner_name,,1,0,0,1,0,True,False,,
p15,dev,mvu_b635117220baa1cac18afc59,ME,p15_conv_15,18,2025-04-12,relationship_event,,occurred,1,0,0,1,0,False,False,,
p15,dev,mvu_117cad1305a82355f132af36,ME,p15_conv_15,18,2025-04-12,life_event,,occurred,1,0,0,1,0,False,False,,
p15,dev,mvu_bff7bda79fed3958dacad152,ME,p15_conv_15,18,2025-04-12,meaningful_experience,,occurred,1,0,0,1,0,False,False,,
p15,dev,mvu_88a2d59ee4c4191a9d492f0f,ME,p15_conv_15,18,2025-04-12,coping_attempt,,occurred,1,0,0,1,0,False,False,,
p15,dev,mvu_eed243b8cbf6b39a051ec962,ME,esc86,19,2025-04-20,coping_attempt,,ongoing_stage,2,0,0,2,0,False,False,,
p15,dev,mvu_1806ce7b51f2ea7051efe23d,ME,esc86,19,2025-04-20,transient_state,,ongoing_stage,1,0,0,1,0,False,False,,
p15,dev,mvu_e9b152303f634a5c8407ade2,ME,esc86,19,2025-04-20,relationship_event,,occurred,1,0,0,1,0,False,False,,
p15,dev,mvu_c8197030a876d94c69ddd958,MP,p15_conv_16,20,2025-04-22,stable_relationship_role,partner_name,,1,0,0,1,0,True,False,,
p15,dev,mvu_bef86329c6533eb8b74bdd51,MP,p15_conv_16,20,2025-04-22,education,current_academic_program,,1,0,0,1,0,True,False,,
p15,dev,mvu_24e005b64cae0611c9ad15a8,ME,p15_conv_16,20,2025-04-22,relationship_event,,occurred,1,0,0,1,0,False,False,,
p15,dev,mvu_c972f0fcc875bec8be21d910,ME,p15_conv_16,20,2025-04-22,meaningful_experience,,occurred,1,0,0,1,0,False,False,,
p15,dev,mvu_9fa61b7209b6839d1dfd8540,ME,p15_conv_17,21,2025-05-10,transient_state,,ongoing_stage,3,0,0,3,0,False,False,,
p15,dev,mvu_d312cf968fac80e8a23b4b69,ME,p15_conv_17,21,2025-05-10,state_change,,occurred,1,0,0,1,0,False,False,,
p15,dev,mvu_b12c3d8a6ab3d9ba391432e4,ME,p15_conv_17,21,2025-05-10,relationship_event,,occurred,1,0,0,1,0,False,False,,
p15,dev,mvu_3994bafbfc3da6e612273fdd,ME,p15_conv_17,21,2025-05-10,transient_state,,ongoing_stage,1,0,0,1,0,False,False,,
p15,dev,mvu_f69705647dc22ec0ca8589c1,ME,p15_conv_17,21,2025-05-10,coping_attempt,,ongoing_stage,1,0,0,1,0,False,False,,
p15,dev,mvu_74603be6835d84e99ff33239,ME,p15_conv_17,21,2025-05-10,coping_attempt,,occurred,1,0,0,1,0,False,False,,
p15,dev,mvu_95a097d4478c8dc738557485,ME,p15_conv_17,21,2025-05-10,support_experience,,occurred,1,0,0,1,0,False,False,,
p16,train,mvu_5784cad00533cfb285d589a0,ME,esc371,0,2024-06-10,transient_state,,ongoing_stage,1,0,0,1,0,False,False,,
p16,train,mvu_30ecc3afb11c3f4b78ab686e,ME,esc371,0,2024-06-10,relationship_event,,occurred,1,0,0,1,0,False,False,,
p16,train,mvu_06ae83b00d11c7170c184f4c,ME,esc371,0,2024-06-10,coping_attempt,,occurred,1,0,0,1,0,False,False,,
p16,train,mvu_2ff95f662baa5b6f658d9502,ME,esc371,0,2024-06-10,coping_attempt,,occurred,2,0,0,2,0,False,False,,
p16,train,mvu_b93136522d1807fa8a3cf8d1,ME,esc371,0,2024-06-10,support_experience,,occurred,2,0,0,2,0,False,False,,
p16,train,mvu_4a63dd0e3fc6439f3d1b7018,MP,esc915,1,2024-07-20,durable_health_constraint,emotional_response_to_loss,,2,0,0,2,0,False,False,,
p16,train,mvu_2767949c252797c016e02f1d,MP,esc915,1,2024-07-20,location,residence,,1,0,0,1,0,False,False,,
p16,train,mvu_b96822ef7480e1194743a88d,MP,esc915,1,2024-07-20,stable_relationship_role,family_residence,,1,0,0,1,0,False,False,,
p16,train,mvu_bcd0427e0e4dbb1dd3bcf19f,ME,esc915,1,2024-07-20,life_event,,occurred,1,0,0,1,0,False,False,,
p16,train,mvu_97c2d16624869652188039c1,ME,esc915,1,2024-07-20,state_onset,,occurred,2,0,0,2,0,False,False,,
p16,train,mvu_9e5dd2d60370df0813ba3a21,ME,esc915,1,2024-07-20,support_experience,,occurred,2,0,0,2,0,False,False,,
p16,train,mvu_7162fde730c128398f50a685,ME,esc915,1,2024-07-20,coping_attempt,,ongoing_stage,1,0,0,1,0,False,False,,
p16,train,mvu_70d17336d012a7a6f527a072,ME,esc915,1,2024-07-20,coping_attempt,,ongoing_stage,2,0,0,2,0,False,False,,
p16,train,mvu_2aa0e9daea52575c926ad648,MP,p16_conv_1,2,2024-07-25,durable_health_constraint,emotional_response_to_loss,,1,0,0,1,0,True,True,citation_partial,suppress_unsupported_new_version_without_automatic_fallback
p16,train,mvu_5f0e8a30fb588aedcaf79680,MP,p16_conv_1,2,2024-07-25,stable_relationship_role,family_residence,,1,0,0,1,0,True,True,citation_unrelated,suppress_unsupported_new_version_without_automatic_fallback
p16,train,mvu_c80cff6f76ad2bb4d0efe647,MP,p16_conv_1,2,2024-07-25,location,residence,,1,0,0,1,0,True,True,citation_unrelated,suppress_unsupported_new_version_without_automatic_fallback
p16,train,mvu_9604aa92b1c11fa0e52fab72,ME,p16_conv_1,2,2024-07-25,life_event,,occurred,1,0,0,1,0,False,False,,
p16,train,mvu_80b0f21f770a044ba722e8b0,ME,p16_conv_1,2,2024-07-25,relationship_event,,occurred,1,0,0,1,0,False,False,,
p16,train,mvu_40e75c0f5a1c573dae90839b,ME,p16_conv_1,2,2024-07-25,meaningful_experience,,occurred,1,0,0,1,0,False,False,,
p16,train,mvu_4421e4ace145f98018c377b0,ME,p16_conv_1,2,2024-07-25,coping_attempt,,occurred,1,0,0,1,0,False,False,,
p16,train,mvu_eaa4ab081161891ba687c853,ME,p16_conv_1,2,2024-07-25,coping_attempt,,ongoing_stage,1,0,0,1,0,False,False,,
p16,train,mvu_a5f78e15bcca5a74a5d5fd51,ME,esc538,3,2024-09-01,relationship_event,,occurred,1,0,0,1,0,False,False,,
p16,train,mvu_eb56c7b63295e29c47f58ebb,ME,esc538,3,2024-09-01,coping_attempt,,occurred,1,0,0,1,0,False,False,,
p16,train,mvu_58c54894adf99152e8c8aaf2,ME,esc538,3,2024-09-01,state_onset,,occurred,1,0,0,1,0,False,False,,
p16,train,mvu_d260c8202843f70f54fd8e71,ME,esc538,3,2024-09-01,coping_attempt,,ongoing_stage,1,0,0,1,0,False,False,,
p16,train,mvu_74c9df463d315f2ffb860178,ME,esc538,3,2024-09-01,meaningful_experience,,occurred,1,0,0,1,0,False,False,,
p16,train,mvu_ba13254c716f0eb72969b48f,ME,esc538,3,2024-09-01,state_change,,occurred,1,0,0,1,0,False,False,,
p16,train,mvu_6a5925aac83f9bd1ffda3b2e,MP,esc228,4,2024-09-10,stable_relationship_role,current_relationship_status,,1,0,0,1,0,False,False,,
p16,train,mvu_2668a6d4be0540575e9b06fa,MP,esc228,4,2024-09-10,enduring_preference,relationship_expectation,,1,0,0,1,0,False,False,,
p16,train,mvu_183121ee8d1cd8d24ccb0e0c,MP,esc228,4,2024-09-10,durable_health_constraint,emotional_response_to_relationship_stagnation,,1,0,0,1,0,False,False,,
p16,train,mvu_9e78093d6c61fa483dfeeb9d,MP,esc228,4,2024-09-10,durable_boundary,decision_boundary_regarding_relationship,,1,0,0,1,0,False,False,,
p16,train,mvu_c1bdbb244035e129d2d6bc94,ME,esc228,4,2024-09-10,coping_attempt,,ongoing_stage,1,0,0,1,0,False,False,,
p16,train,mvu_1459c38c05aa2bf2dcd47cca,ME,p16_conv_2,5,2024-10-01,relationship_event,,occurred,1,0,0,1,0,False,False,,
p16,train,mvu_45b1a092d04d6cd320df7f58,ME,p16_conv_2,5,2024-10-01,meaningful_experience,,occurred,1,0,0,1,0,False,False,,
p16,train,mvu_efc4043241ff57121ad6fac0,MP,p16_conv_3,6,2024-10-15,stable_relationship_role,current_relationship_status,,2,0,0,2,0,False,False,,
p16,train,mvu_788bb693b652028cd82f8a49,ME,p16_conv_3,6,2024-10-15,relationship_event,,occurred,2,0,0,2,0,False,False,,
p16,train,mvu_00e130cc99313e5c5d619bc1,ME,p16_conv_3,6,2024-10-15,support_experience,,occurred,1,0,0,1,0,False,False,,
p16,train,mvu_ca047ca1b9edea6cdc30b176,ME,p16_conv_3,6,2024-10-15,support_experience,,occurred,1,0,0,1,0,False,False,,
p16,train,mvu_d535d73f52d13da4b84d6113,ME,p16_conv_3,6,2024-10-15,meaningful_experience,,occurred,1,0,0,1,0,False,False,,
p16,train,mvu_634d4324a3f34c2ca1b522c1,ME,p16_conv_3,6,2024-10-15,coping_attempt,,occurred,1,0,0,1,0,False,False,,
p16,train,mvu_ccd71d64822af6a3558ea477,ME,p16_conv_3,6,2024-10-15,state_onset,,occurred,1,0,0,1,0,False,False,,
p16,train,mvu_7dc869475dca1241045ea7c2,MP,p16_conv_4,7,2024-11-05,durable_health_constraint,emotional_response_to_breakup,,1,0,0,1,0,False,False,,
p16,train,mvu_ba7a228704d811d0e3a55ded,MP,p16_conv_4,7,2024-11-05,occupation,current_job_role,,2,0,0,2,0,False,False,,
p16,train,mvu_1e3876bd2281d15775f8684d,MP,p16_conv_4,7,2024-11-05,stable_relationship_role,supervisor_workplace_dynamic,,3,0,0,3,0,False,False,,
p16,train,mvu_e7ff966f3a7b0593b76b9b87,ME,p16_conv_4,7,2024-11-05,relationship_event,,occurred,1,0,0,1,0,False,False,,
p16,train,mvu_ee49b754fed16e0b1ad03a97,ME,p16_conv_4,7,2024-11-05,life_event,,occurred,1,0,0,1,0,False,False,,
p16,train,mvu_6ad925936de75a51b50c8203,ME,p16_conv_4,7,2024-11-05,support_experience,,occurred,1,0,0,1,0,False,False,,
p16,train,mvu_0fbf3a593333b8a67efce41a,ME,p16_conv_4,7,2024-11-05,coping_attempt,,ongoing_stage,1,0,0,1,0,False,False,,
p16,train,mvu_01723071945434ed59b077f3,ME,p16_conv_4,7,2024-11-05,coping_attempt,,ongoing_stage,2,0,0,2,0,False,False,,
p16,train,mvu_926af09f155068cd756fdf68,ME,p16_conv_4,7,2024-11-05,meaningful_experience,,ongoing_stage,2,0,0,2,0,False,False,,
p16,train,mvu_6fd6f026057b5be01b3a1288,MP,p16_conv_5,8,2024-11-20,occupation,current_job_role,,1,0,0,1,0,True,True,citation_partial,suppress_unsupported_new_version_without_automatic_fallback
p16,train,mvu_dd569c1682b1e37a28dbeed6,MP,p16_conv_5,8,2024-11-20,stable_relationship_role,supervisor_workplace_dynamic,,3,0,0,3,0,True,True,citation_sufficient,retain_reassertion_subject_to_per_prefix_ontology_and_time_review
p16,train,mvu_511281da873b312e12ebb26b,MP,p16_conv_5,8,2024-11-20,stable_relationship_role,workplace_coping_relationship,,1,0,0,1,0,False,False,,
p16,train,mvu_18b19550df5dabaccb5c8f2b,MP,p16_conv_5,8,2024-11-20,location,residence,,1,0,0,1,0,True,True,citation_unrelated,suppress_unsupported_new_version_without_automatic_fallback
p16,train,mvu_3fdedf3cd1f34a1f00d52b34,MP,p16_conv_5,8,2024-11-20,stable_relationship_role,family_residence,,1,0,0,1,0,True,True,citation_unrelated,suppress_unsupported_new_version_without_automatic_fallback
p16,train,mvu_c2747efd014da1fdfe69effe,ME,p16_conv_5,8,2024-11-20,state_onset,,occurred,1,0,0,1,0,False,False,,
p16,train,mvu_ec540a1b2a37e25dfb48e194,ME,p16_conv_5,8,2024-11-20,coping_attempt,,occurred,1,0,0,1,0,False,False,,
p16,train,mvu_ee26c4fe2bb9af6a366aa142,ME,p16_conv_5,8,2024-11-20,state_change,,occurred,1,0,0,1,0,False,False,,
p16,train,mvu_774e307c1e2604331f581da8,ME,p16_conv_5,8,2024-11-20,coping_attempt,,ongoing_stage,2,0,0,2,0,False,False,,
p16,train,mvu_ae80e3efc362bd68c8d1f1cd,ME,p16_conv_6,9,2024-12-10,relationship_event,,occurred,1,0,0,1,0,False,False,,
p16,train,mvu_81f790a1e4069937a47c897c,ME,p16_conv_6,9,2024-12-10,state_onset,,occurred,2,0,0,2,0,False,False,,
p16,train,mvu_117f74b94dbd5ae2b72e669f,ME,p16_conv_6,9,2024-12-10,life_event,,occurred,1,0,0,1,0,False,False,,
p16,train,mvu_349d3ffa2a40fbab46c8d9da,ME,p16_conv_6,9,2024-12-10,coping_attempt,,ongoing_stage,3,0,0,3,0,False,False,,
p16,train,mvu_1348ba27c7320f892fe88032,MP,esc13,10,2024-12-25,enduring_interest,current_hobby_piano,,1,0,0,1,0,False,False,,
p16,train,mvu_f72d43e6f3682348db913b24,MP,esc13,10,2024-12-25,enduring_interest,current_hobby_stenography,,1,0,0,1,0,False,False,,
p16,train,mvu_f9d69c451ebda936da0c7307,MP,esc13,10,2024-12-25,enduring_interest,leisure_reading,,1,0,0,1,0,False,False,,
p16,train,mvu_65e00e8e57aebab4a14d3828,MP,esc13,10,2024-12-25,stable_relationship_role,family_geographic_distribution,,1,0,0,1,0,False,False,,
p16,train,mvu_cd3e9393fae53e3fb13690d1,MP,esc13,10,2024-12-25,durable_boundary,personal_dictionary_backup_practice,,1,0,0,1,0,False,False,,
p16,train,mvu_a4ad4b1bbf7a2f200f2e8835,ME,esc13,10,2024-12-25,meaningful_experience,,occurred,1,0,0,1,0,False,False,,
p16,train,mvu_de7ed272e6ef7ac5f0713d46,ME,esc13,10,2024-12-25,support_experience,,occurred,1,0,0,1,0,False,False,,
p16,train,mvu_edce3a5b8641e160861e9768,ME,esc13,10,2024-12-25,coping_attempt,,ongoing_stage,1,0,0,1,0,False,False,,
p16,train,mvu_5b70d6b82778c97a7f1074af,ME,esc13,10,2024-12-25,transient_state,,occurred,1,0,0,1,0,False,False,,
p16,train,mvu_09c8f47f37970d2cf6654c38,ME,esc13,10,2024-12-25,state_change,,occurred,1,0,0,1,0,False,False,,
p16,train,mvu_f2da683f910a5f72846a13f0,MP,p16_conv_7,11,2025-01-05,durable_health_constraint,emotional_response_to_workplace_stress,,3,0,0,3,0,False,False,,
p16,train,mvu_a6ed59b324a720eed4f18694,ME,p16_conv_7,11,2025-01-05,support_experience,,ongoing_stage,2,0,0,2,0,False,False,,
p16,train,mvu_162ca5477ab937a81c136d9a,ME,p16_conv_7,11,2025-01-05,state_change,,occurred,1,0,0,1,0,False,False,,
p16,train,mvu_7b02d301062c651d8ed03a85,MP,p16_conv_8,12,2025-01-15,stable_relationship_role,current_friend_emily,,3,0,0,3,0,False,False,,
p16,train,mvu_210c98c167d912f2e599b962,ME,p16_conv_8,12,2025-01-15,relationship_event,,occurred,2,0,0,2,0,False,False,,
p16,train,mvu_df8d5e8480cdee2403c3b5e4,ME,p16_conv_8,12,2025-01-15,coping_attempt,,ongoing_stage,1,0,0,1,0,False,False,,
p16,train,mvu_f0f43bbcb8ceec123dcb80d4,ME,p16_conv_8,12,2025-01-15,meaningful_experience,,occurred,1,0,0,1,0,False,False,,
p16,train,mvu_368520c6172d936d52bfbfd2,ME,p16_conv_8,12,2025-01-15,life_event,,occurred,1,0,0,1,0,False,False,,
p16,train,mvu_d0407b8b227e36f43e14be18,MP,p16_conv_9,13,2025-02-01,stable_relationship_role,current_friend_emily,,3,0,0,3,0,False,False,,
p16,train,mvu_95879c53b388148e0b24b6c4,ME,p16_conv_9,13,2025-02-01,relationship_event,,occurred,1,0,0,1,0,False,False,,
p16,train,mvu_a7c48877cf44e21c7abf16a8,ME,p16_conv_9,13,2025-02-01,meaningful_experience,,occurred,1,0,0,1,0,False,False,,
p16,train,mvu_6d96cc6d92d884ea5064b5a8,ME,p16_conv_9,13,2025-02-01,coping_attempt,,occurred,1,0,0,1,0,False,False,,
p16,train,mvu_852604a42823cc7b5bab1ea6,MP,p16_conv_10,14,2025-02-14,stable_relationship_role,current_relationship_status,,2,0,0,2,0,True,False,,
p16,train,mvu_ca8ef929f5233ad7a464d79b,MP,p16_conv_10,14,2025-02-14,stable_relationship_role,supervisor_workplace_dynamic,,1,0,0,1,0,True,False,,
p16,train,mvu_c3137d65f1856d2c485eebf1,ME,p16_conv_10,14,2025-02-14,transient_state,,occurred,1,0,0,1,0,False,False,,
p16,train,mvu_17aeb30f02e85c750ed7055f,ME,p16_conv_10,14,2025-02-14,relationship_event,,occurred,1,0,0,1,0,False,False,,
p16,train,mvu_55ca8a7af59e717d8e8c07ec,ME,p16_conv_10,14,2025-02-14,coping_attempt,,occurred,1,0,0,1,0,False,False,,
p16,train,mvu_de054d9ee1c17f8b6923ba3a,ME,p16_conv_10,14,2025-02-14,meaningful_experience,,occurred,2,0,0,2,0,False,False,,
p16,train,mvu_38636599bb3dc111a5134c36,ME,p16_conv_10,14,2025-02-14,state_change,,occurred,1,0,0,1,0,False,False,,
p16,train,mvu_fd72b0bcb44b996f18a7343b,ME,p16_conv_11,15,2025-03-10,coping_attempt,,occurred,2,0,0,2,0,False,False,,
p16,train,mvu_7043236fa3ba19142a39ce93,ME,p16_conv_11,15,2025-03-10,meaningful_experience,,occurred,1,0,0,1,0,False,False,,
p16,train,mvu_f133ac9f9fef28eab6e18556,ME,p16_conv_11,15,2025-03-10,coping_attempt,,occurred,1,0,0,1,0,False,False,,
p16,train,mvu_b36e18a5d3c86489939e8d07,ME,p16_conv_11,15,2025-03-10,support_experience,,occurred,1,0,0,1,0,False,False,,
p16,train,mvu_f8e24c71de47b990763cdc27,ME,p16_conv_12,16,2025-03-25,meaningful_experience,,occurred,2,0,0,2,0,False,False,,
p16,train,mvu_c571c13ff2d1ded5c9ef5569,ME,p16_conv_12,16,2025-03-25,coping_attempt,,ongoing_stage,2,0,0,2,0,False,False,,
p16,train,mvu_3ea42c1af3e319739e1b025d,MP,p16_conv_13,17,2025-04-22,enduring_interest,current_hobby_painting,,1,0,0,1,0,False,False,,
p16,train,mvu_e4fc0e259aba079d8caff594,ME,p16_conv_13,17,2025-04-22,life_event,,occurred,1,0,0,1,0,False,False,,
p16,train,mvu_2ade3761a2a690e3411ca6d1,ME,p16_conv_13,17,2025-04-22,meaningful_experience,,ongoing_stage,2,0,0,2,0,False,False,,
p16,train,mvu_61ac08b5df18b4116876c611,ME,p16_conv_13,17,2025-04-22,coping_attempt,,ongoing_stage,2,0,0,2,0,False,False,,
p16,train,mvu_1c55772de16285105cad60e9,ME,p16_conv_13,17,2025-04-22,state_onset,,occurred,1,0,0,1,0,False,False,,
p16,train,mvu_e132f1721dd64ddc9f2882cc,MP,p16_conv_14,18,2025-05-01,durable_health_constraint,emotional_response_to_family_illness,,1,0,0,1,0,False,False,,
p16,train,mvu_7cfc4673b4d0be038cb591cc,MP,p16_conv_15,19,2025-05-18,stable_relationship_role,current_relationship_status,,1,0,0,1,0,True,False,,
p16,train,mvu_59d1436cbd1e76e53e2424a0,MP,p16_conv_15,19,2025-05-18,enduring_preference,relationship_expectation,,1,0,0,1,0,False,False,,
p16,train,mvu_821f0c28b5bf14d4b00a6578,ME,p16_conv_15,19,2025-05-18,relationship_event,,occurred,1,0,0,1,0,False,False,,
p16,train,mvu_3101a3be2e6a27a628300cb5,ME,p16_conv_15,19,2025-05-18,meaningful_experience,,occurred,1,0,0,1,0,False,False,,
p16,train,mvu_d5efdc76dff547a3c1ed44eb,ME,p16_conv_15,19,2025-05-18,coping_attempt,,ongoing_stage,1,0,0,1,0,False,False,,
p16,train,mvu_e34b01a054f3aa29844e74cb,MP,p16_conv_16,20,2025-06-05,stable_relationship_role,current_friend_emily,,1,0,0,1,0,False,False,,
p16,train,mvu_abb8cc3860eedaf1a2539601,MP,p16_conv_16,20,2025-06-05,durable_health_constraint,emotional_response_to_family_illness,,2,0,0,2,0,False,False,,
p16,train,mvu_6384c99b437a15b96dc401cb,MP,p16_conv_16,20,2025-06-05,durable_health_constraint,emotional_response_to_ex_contact,,2,0,0,2,0,False,False,,
p16,train,mvu_2eb6c1a3900bbda0362fa801,ME,p16_conv_16,20,2025-06-05,relationship_event,,occurred,1,0,0,1,0,False,False,,
p16,train,mvu_68f76cd2a1a5701cb494d225,ME,p16_conv_16,20,2025-06-05,state_onset,,occurred,1,0,0,1,0,False,False,,
p16,train,mvu_1336ac231c669a535fd4d323,ME,p16_conv_16,20,2025-06-05,coping_attempt,,ongoing_stage,1,0,0,1,0,False,False,,
p16,train,mvu_df8a380d6144fd30f377a5a9,ME,p16_conv_16,20,2025-06-05,relationship_event,,occurred,1,0,0,1,0,False,False,,
p16,train,mvu_fb76595da60132a607a3dba2,ME,p16_conv_17,21,2025-06-08,state_onset,,occurred,3,0,0,3,0,False,False,,
p16,train,mvu_5c974f21d1a489657cf83358,ME,p16_conv_17,21,2025-06-08,coping_attempt,,ongoing_stage,1,0,0,1,0,False,False,,
p16,train,mvu_589eb00a03dfda0710303ddd,ME,p16_conv_17,21,2025-06-08,meaningful_experience,,occurred,2,0,0,2,0,False,False,,
p16,train,mvu_137076fd1c278fd4ea4d747b,MP,p16_conv_18,22,2025-07-28,enduring_interest,current_hobby_painting,,2,0,0,2,0,False,False,,
p16,train,mvu_f9c0982441eb0ecbafb701a9,ME,p16_conv_18,22,2025-07-28,relationship_event,,occurred,4,0,0,4,0,False,False,,
p16,train,mvu_9c7c2ca4b1f47cbe7acb08da,ME,p16_conv_18,22,2025-07-28,meaningful_experience,,occurred,1,0,0,1,0,False,False,,
p16,train,mvu_708012617864834f02d16e55,ME,p16_conv_18,22,2025-07-28,state_onset,,occurred,1,0,0,1,0,False,False,,
p16,train,mvu_9ddfb4a4c7c72d86fdfe40f3,ME,p16_conv_18,22,2025-07-28,coping_attempt,,ongoing_stage,1,0,0,1,0,False,False,,
p16,train,mvu_f6e739d501ec4da2abd28975,ME,p16_conv_18,22,2025-07-28,transient_state,,occurred,1,0,0,1,0,False,False,,
p16,train,mvu_1746cf7cab4bc9d841f4c563,ME,p16_conv_18,22,2025-07-28,meaningful_experience,,occurred,1,0,0,1,0,False,False,,
p16,train,mvu_b41c56903c30c8360db4bfa2,MP,p16_conv_19,23,2025-08-30,occupation,current_job_role,,3,0,0,3,0,False,False,,
p16,train,mvu_0238215569a6010d9716f835,MP,p16_conv_19,23,2025-08-30,durable_health_constraint,emotional_response_to_workplace_stress,,2,0,0,2,0,False,False,,
p16,train,mvu_575fe1f182d447e9173172f1,MP,p16_conv_19,23,2025-08-30,durable_health_constraint,emotional_response_to_family_illness,,1,0,0,1,0,False,False,,
p16,train,mvu_eb53b52e27aad49c5272987c,MP,p16_conv_19,23,2025-08-30,stable_relationship_role,family_geographic_distribution,,1,0,0,1,0,False,False,,
p16,train,mvu_050c278becc15046815f75dd,MP,p16_conv_19,23,2025-08-30,enduring_interest,current_hobby_painting,,1,0,0,1,0,False,False,,
p16,train,mvu_3d6e6dc67caad467b6d44928,MP,p16_conv_19,23,2025-08-30,stable_relationship_role,current_friend_emily,,1,0,0,1,0,False,False,,
p16,train,mvu_ed65c093a81c15215116b0bd,ME,p16_conv_19,23,2025-08-30,coping_attempt,,ongoing_stage,1,0,0,1,0,False,False,,
p16,train,mvu_6cbb6d1cceb15412a691d89f,ME,p16_conv_19,23,2025-08-30,support_experience,,ongoing_stage,1,0,0,1,0,False,False,,
p16,train,mvu_ad57332d73cf665741dd5dff,ME,p16_conv_19,23,2025-08-30,meaningful_experience,,occurred,1,0,0,1,0,False,False,,
p16,train,mvu_f5d3e04f16da73630fb0c412,ME,p16_conv_19,23,2025-08-30,coping_attempt,,ongoing_stage,1,0,0,1,0,False,False,,
p16,train,mvu_8450b722a345fc21c6fe2c0c,ME,p16_conv_19,23,2025-08-30,state_change,,occurred,1,0,0,1,0,False,False,,
p16,train,mvu_d128db0629a11b7823070bfd,MP,p16_conv_20,24,2025-09-12,stable_relationship_role,supervisor_workplace_dynamic,,3,0,0,3,0,False,False,,
p16,train,mvu_97302e8c20f4fcd169f354dd,MP,p16_conv_20,24,2025-09-12,durable_health_constraint,emotional_response_to_workplace_stress,,3,0,0,3,0,False,False,,
p16,train,mvu_a3bb2829e94bd79d1ab71ec2,MP,p16_conv_20,24,2025-09-12,enduring_interest,current_hobby_painting,,2,0,0,2,0,False,False,,
p16,train,mvu_cfc8557082efe2d59e8c346f,MP,p16_conv_20,24,2025-09-12,durable_health_constraint,emotional_response_to_ex_contact,,2,0,0,2,0,False,False,,
p16,train,mvu_e23f3bc286f1f04f2571b43a,MP,p16_conv_20,24,2025-09-12,durable_health_constraint,emotional_response_to_family_illness,,3,0,0,3,0,False,False,,
p16,train,mvu_737aca2c50c21fb49a1e2788,MP,p16_conv_20,24,2025-09-12,stable_relationship_role,family_geographic_distribution,,1,0,0,1,0,False,False,,
p16,train,mvu_e1828afa3aaaf6da779c4b7c,ME,p16_conv_20,24,2025-09-12,relationship_event,,occurred,1,0,0,1,0,False,False,,
p16,train,mvu_244e0cbfeeec2d3c8e75f57c,ME,p16_conv_20,24,2025-09-12,meaningful_experience,,occurred,1,0,0,1,0,False,False,,
p16,train,mvu_c3db0bd0c0b44fe31a00f658,ME,p16_conv_20,24,2025-09-12,coping_attempt,,ongoing_stage,1,0,0,1,0,False,False,,
p16,train,mvu_9df425b3fd1dca995b739fa9,ME,p16_conv_20,24,2025-09-12,relationship_event,,occurred,1,0,0,1,0,False,False,,
p16,train,mvu_c9e8b4945ef94bb8f25ca61c,ME,p16_conv_20,24,2025-09-12,life_event,,ongoing_stage,2,0,0,2,0,False,False,,
p16,train,mvu_3b9cfd446f39c6e03828488e,ME,p16_conv_20,24,2025-09-12,support_experience,,occurred,1,0,0,1,0,False,False,,
p17,train,mvu_7d26860c1ad261d88b24677a,MP,esc85,0,2024-06-10,education,current_education_level_or_program,,1,0,0,1,0,False,False,,
p17,train,mvu_7d06b3f3dcfa129036a5bc73,MP,esc85,0,2024-06-10,durable_health_constraint,experiencing_stress_and_sadness,,2,0,0,2,0,False,False,,
p17,train,mvu_9cdc31a944402e4d465d5e1b,ME,esc85,0,2024-06-10,transient_state,,ongoing_stage,1,0,0,1,0,False,False,,
p17,train,mvu_09798956574798fc085776d0,ME,esc85,0,2024-06-10,coping_attempt,,ongoing_stage,1,0,0,1,0,False,False,,
p17,train,mvu_26b186d723e516e4d2bf983f,ME,esc85,0,2024-06-10,transient_state,,ongoing_stage,1,0,0,1,0,False,False,,
p17,train,mvu_28916a7faaa4da726e95ee59,MP,esc215,1,2024-06-25,education,field_of_study,,1,0,0,1,0,False,False,,
p17,train,mvu_af512ff0c6db336aae351aba,ME,esc215,1,2024-06-25,coping_attempt,,occurred,1,0,0,1,0,False,False,,
p17,train,mvu_2c13a74754507ca6be58909f,ME,esc215,1,2024-06-25,meaningful_experience,,occurred,1,0,0,1,0,False,False,,
p17,train,mvu_b1684c8cef1d21b2d02ca3bc,ME,esc215,1,2024-06-25,coping_attempt,,occurred,3,0,0,3,0,False,False,,
p17,train,mvu_20c0c80f105421f6072df033,ME,esc215,1,2024-06-25,meaningful_experience,,occurred,2,0,0,2,0,False,False,,
p17,train,mvu_5bd40b2228c1f920272e9e9c,ME,esc67,2,2024-07-12,relationship_event,,occurred,5,0,0,5,0,False,False,,
p17,train,mvu_059e7a7dc8dade746465ad86,ME,esc67,2,2024-07-12,transient_state,,occurred,3,0,0,3,0,False,False,,
p17,train,mvu_32c3beea37563b587b2ae643,MP,esc629,3,2024-07-15,durable_health_constraint,experiencing_stress_and_sadness,,4,0,0,4,0,True,True,citation_partial,suppress_unsupported_new_version_without_automatic_fallback
p17,train,mvu_cc2f9355739ec428ecd8f984,MP,esc629,3,2024-07-15,education,current_education_level_or_program,,1,0,0,1,0,True,True,citation_partial,suppress_unsupported_new_version_without_automatic_fallback
p17,train,mvu_040381d0bbe38b63a439a70c,MP,esc629,3,2024-07-15,education,field_of_study,,1,0,0,1,0,True,True,citation_partial,suppress_unsupported_new_version_without_automatic_fallback
p17,train,mvu_3bf9f1f537ed9d4cf8b551d2,MP,esc629,3,2024-07-15,enduring_interest,religious_involvement,,2,0,0,2,0,False,False,,
p17,train,mvu_2119024149cf97cdec719450,ME,esc629,3,2024-07-15,transient_state,,ongoing_stage,3,0,0,3,0,False,False,,
p17,train,mvu_5fe9781c302ecc88da86197a,ME,esc629,3,2024-07-15,state_onset,,occurred,1,0,0,1,0,False,False,,
p17,train,mvu_cb60bcd226d6f7187ae84705,ME,esc629,3,2024-07-15,support_experience,,occurred,1,0,0,1,0,False,False,,
p17,train,mvu_fc38ad0b61cd973fb1a44840,ME,esc629,3,2024-07-15,meaningful_experience,,ongoing_stage,3,0,0,3,0,False,False,,
p17,train,mvu_f297b173ff006ee2187f56c1,MP,p17_conv_1,4,2024-07-25,durable_health_constraint,experiencing_stress_and_sadness,,1,0,0,1,0,True,True,citation_partial,suppress_unsupported_new_version_without_automatic_fallback
p17,train,mvu_21114fd8b0b9fea9296340fe,MP,p17_conv_1,4,2024-07-25,education,current_education_level_or_program,,1,0,0,1,0,True,True,citation_unrelated,suppress_unsupported_new_version_without_automatic_fallback
p17,train,mvu_41297a926fe922e314db0051,MP,p17_conv_1,4,2024-07-25,education,field_of_study,,1,0,0,1,0,True,True,citation_unrelated,suppress_unsupported_new_version_without_automatic_fallback
p17,train,mvu_dcc7e8a90e1350ce2374556f,MP,p17_conv_1,4,2024-07-25,enduring_interest,religious_involvement,,1,0,0,1,0,True,True,citation_unrelated,suppress_unsupported_new_version_without_automatic_fallback
p17,train,mvu_f3a4021f87647421523b712a,ME,p17_conv_1,4,2024-07-25,meaningful_experience,,ongoing_stage,1,0,0,1,0,False,False,,
p17,train,mvu_343bbf1fd641d1ccee1f77eb,ME,p17_conv_1,4,2024-07-25,state_change,,occurred,1,0,0,1,0,False,False,,
p17,train,mvu_67770be7c90e7feb4958b3c3,ME,p17_conv_1,4,2024-07-25,coping_attempt,,ongoing_stage,1,0,0,1,0,False,False,,
p17,train,mvu_4a4043f8314af2a19a1bd0a6,ME,p17_conv_1,4,2024-07-25,support_experience,,occurred,1,0,0,1,0,False,False,,
p17,train,mvu_b88ea7ea27eb690789fbebe2,MP,esc904,5,2024-08-05,durable_health_constraint,experiencing_stress_and_sadness,,4,0,0,4,0,True,False,,
p17,train,mvu_9f0b3807f2ff3a34179bd094,MP,esc904,5,2024-08-05,stable_relationship_role,marital_status_spouse_present,,3,0,0,3,0,False,False,,
p17,train,mvu_acfcbf58aca500938d059f13,MP,esc904,5,2024-08-05,durable_boundary,emotional_withholding_tendency,,2,0,0,2,0,False,False,,
p17,train,mvu_29394b751ad1c063722af58f,ME,esc904,5,2024-08-05,relationship_event,,occurred,1,0,0,1,0,False,False,,
p17,train,mvu_ebf0e2e886de93501f63db68,ME,esc904,5,2024-08-05,state_onset,,occurred,1,0,0,1,0,False,False,,
p17,train,mvu_955c6b000272b64d609dc937,ME,esc904,5,2024-08-05,coping_attempt,,ongoing_stage,2,0,0,2,0,False,False,,
p17,train,mvu_b0a8b80c84b88d6dc1a128a1,ME,esc904,5,2024-08-05,meaningful_experience,,occurred,1,0,0,1,0,False,False,,
p17,train,mvu_676f67729c24389b0ab79000,MP,p17_conv_2,6,2024-10-15,durable_health_constraint,experiencing_stress_and_sadness,,1,0,0,1,0,True,False,,
p17,train,mvu_337a313268268745ca8223b3,MP,p17_conv_2,6,2024-10-15,stable_relationship_role,marital_status_spouse_present,,1,0,0,1,0,True,False,,
p17,train,mvu_1da007a27fd99aa6c2506fd0,ME,p17_conv_2,6,2024-10-15,relationship_event,,occurred,1,0,0,1,0,False,False,,
p17,train,mvu_52c4d4448fca7b4bf082a096,ME,p17_conv_2,6,2024-10-15,relationship_event,,ongoing_stage,1,0,0,1,0,False,False,,
p17,train,mvu_2a927ac6adaaf95a0f2eb466,ME,p17_conv_2,6,2024-10-15,meaningful_experience,,occurred,1,0,0,1,0,False,False,,
p17,train,mvu_404aa8bb746a68c904758af8,MP,p17_conv_3,7,2024-10-20,durable_health_constraint,experiencing_stress_and_sadness,,3,0,0,3,0,False,False,,
p17,train,mvu_63be7695c6459a99e21df969,MP,p17_conv_3,7,2024-10-20,stable_relationship_role,marital_status_spouse_present,,2,0,0,2,0,False,False,,
p17,train,mvu_7d0748e434a549f68e9b8c15,ME,p17_conv_3,7,2024-10-20,relationship_event,,occurred,1,0,0,1,0,False,False,,
p17,train,mvu_ee698dfd6133224863931b71,ME,p17_conv_3,7,2024-10-20,support_experience,,occurred,2,0,0,2,0,False,False,,
p17,train,mvu_8d6777cd5f52b53795875626,ME,p17_conv_3,7,2024-10-20,meaningful_experience,,occurred,1,0,0,1,0,False,False,,
p17,train,mvu_b6ba4fd9d5554a9159dd61d5,ME,p17_conv_3,7,2024-10-20,life_event,,occurred,1,0,0,1,0,False,False,,
p17,train,mvu_f65e6df3be50a219a705f1ca,ME,p17_conv_3,7,2024-10-20,relationship_event,,occurred,1,0,0,1,0,False,False,,
p17,train,mvu_a33e223b4140a29229f32814,MP,p17_conv_4,8,2024-10-28,stable_relationship_role,marital_status_spouse_present,,3,0,0,3,0,False,False,,
p17,train,mvu_5971cad8cb4e214759dd691e,MP,p17_conv_4,8,2024-10-28,durable_health_constraint,experiencing_stress_and_sadness,,3,0,0,3,0,False,False,,
p17,train,mvu_4138c1bceda5928a69ecf2db,ME,p17_conv_4,8,2024-10-28,relationship_event,,occurred,2,0,0,2,0,False,False,,
p17,train,mvu_8f9b635b3c1e59f8ab227dff,ME,p17_conv_4,8,2024-10-28,coping_attempt,,ongoing_stage,2,0,0,2,0,False,False,,
p17,train,mvu_e5740669820a4728e4b4640a,MP,p17_conv_5,9,2024-11-05,durable_health_constraint,experiencing_stress_and_sadness,,4,0,0,4,0,True,False,,
p17,train,mvu_0fea9c99fab39fa314fa77e4,MP,p17_conv_5,9,2024-11-05,stable_relationship_role,marital_status_spouse_present,,3,0,0,3,0,True,False,,
p17,train,mvu_28f415de41e277db2c74bf21,MP,p17_conv_5,9,2024-11-05,enduring_interest,desire_for_meaningful_connections,,3,0,0,3,0,False,False,,
p17,train,mvu_a3a9c86f84683f842f675b50,MP,p17_conv_5,9,2024-11-05,education,field_of_study,,1,0,0,1,0,True,False,,
p17,train,mvu_e5e3ea82214624215ce753db,MP,p17_conv_5,9,2024-11-05,education,current_education_level_or_program,,1,0,0,1,0,True,False,,
p17,train,mvu_4d1895361e52c6152d71b853,ME,p17_conv_5,9,2024-11-05,relationship_event,,occurred,2,0,0,2,0,False,False,,
p17,train,mvu_276babdb24dbbaca0a35a7c0,ME,p17_conv_5,9,2024-11-05,life_event,,occurred,1,0,0,1,0,False,False,,
p17,train,mvu_7ff79527ff4c32e6f81e40b5,ME,p17_conv_5,9,2024-11-05,meaningful_experience,,ongoing_stage,2,0,0,2,0,False,False,,
p17,train,mvu_a8bf91525a85e5524b42d7f8,ME,p17_conv_5,9,2024-11-05,coping_attempt,,ongoing_stage,1,0,0,1,0,False,False,,
p17,train,mvu_b90219f0a3cb18c0cffba804,MP,p17_conv_6,10,2025-01-01,enduring_interest,research_interest_in_renewable_energy,,1,0,0,1,0,False,False,,
p17,train,mvu_9b03dfd378f01031a0e742f4,ME,p17_conv_6,10,2025-01-01,state_onset,,occurred,1,0,0,1,0,False,False,,
p17,train,mvu_6b028470d93524bfdf7d7381,ME,p17_conv_6,10,2025-01-01,transient_state,,occurred,1,0,0,1,0,False,False,,
p17,train,mvu_70712655cded543b816c0dc4,ME,p17_conv_6,10,2025-01-01,coping_attempt,,occurred,1,0,0,1,0,False,False,,
p17,train,mvu_82c5dcee2ec9cadb401d243a,ME,p17_conv_6,10,2025-01-01,relationship_event,,ongoing_stage,1,0,0,1,0,False,False,,
p17,train,mvu_2a4c97f2bbb0b97cf80a79a2,ME,p17_conv_6,10,2025-01-01,coping_attempt,,occurred,1,0,0,1,0,False,False,,
p17,train,mvu_f968c19345ef442ddb87b51e,MP,p17_conv_7,11,2025-01-05,durable_health_constraint,experiencing_stress_and_sadness,,3,0,0,3,0,False,False,,
p17,train,mvu_66196bb36faf87ab0e78dcfc,MP,p17_conv_7,11,2025-01-05,education,current_research_focus_uncertainty,,1,0,0,1,0,False,False,,
p17,train,mvu_144bf2217811b739a859b616,MP,p17_conv_7,11,2025-01-05,stable_relationship_role,marital_status_spouse_present,,1,0,0,1,0,False,False,,
p17,train,mvu_6926bd9b10a457c1f151f9e4,MP,p17_conv_7,11,2025-01-05,enduring_interest,desire_for_meaningful_connections,,3,0,0,3,0,False,False,,
p17,train,mvu_90937e850bb698d0972f4a12,ME,p17_conv_7,11,2025-01-05,relationship_event,,occurred,1,0,0,1,0,False,False,,
p17,train,mvu_a4b81392033cd7bcc707c3e2,ME,p17_conv_7,11,2025-01-05,coping_attempt,,ongoing_stage,1,0,0,1,0,False,False,,
p17,train,mvu_4d771cc5fa2540ec13761738,ME,p17_conv_7,11,2025-01-05,coping_attempt,,ongoing_stage,2,0,0,2,0,False,False,,
p17,train,mvu_2b48c8043fdb42cf4e842587,ME,p17_conv_7,11,2025-01-05,meaningful_experience,,ongoing_stage,2,0,0,2,0,False,False,,
p17,train,mvu_630cfca166c1fb3dff3da55d,MP,p17_conv_8,12,2025-04-10,education,current_research_focus_uncertainty,,3,0,0,3,0,False,False,,
p17,train,mvu_0fc65cb406993c532520d0b7,MP,p17_conv_8,12,2025-04-10,durable_health_constraint,experiencing_stress_and_sadness,,3,0,0,3,0,False,False,,
p17,train,mvu_4551b332b1ef5ea64f5c73c2,MP,p17_conv_8,12,2025-04-10,stable_relationship_role,marital_status_spouse_present,,2,0,0,2,0,False,False,,
p17,train,mvu_85accbf62e51ea3e208bafa9,MP,p17_conv_8,12,2025-04-10,enduring_interest,desire_for_meaningful_connections,,4,0,0,4,0,False,False,,
p17,train,mvu_17baeb689c40659864143e79,ME,p17_conv_8,12,2025-04-10,life_event,,occurred,2,0,0,2,0,False,False,,
p17,train,mvu_171030588dc2f05ad08de86a,ME,p17_conv_8,12,2025-04-10,relationship_event,,ongoing_stage,2,0,0,2,0,False,False,,
p17,train,mvu_f55f8205941bba38c1440f78,ME,p17_conv_8,12,2025-04-10,support_experience,,occurred,2,0,0,2,0,False,False,,
p17,train,mvu_79439d709e4c7ed2230f39ff,ME,p17_conv_8,12,2025-04-10,meaningful_experience,,occurred,2,0,0,2,0,False,False,,
p18,dev,mvu_cf220d41c423b152554bb558,MP,esc982,0,2024-07-01,durable_health_constraint,sleeping_problem,,2,0,0,2,0,False,False,,
p18,dev,mvu_7ce8fd503a1ff1e11cc233c4,ME,esc1252,1,2024-10-01,relationship_event,,occurred,1,0,0,1,0,False,False,,
p18,dev,mvu_0506ef4aa5498802b8fd7e82,MP,p18_conv_1,2,2024-11-05,durable_health_constraint,sleeping_problem,,1,0,0,1,0,True,True,citation_unrelated,suppress_unsupported_new_version_without_automatic_fallback
p18,dev,mvu_53856ca3a7a8ea7404b364f7,ME,p18_conv_1,2,2024-11-05,relationship_event,,ongoing_stage,1,0,0,1,0,False,False,,
p18,dev,mvu_f77c4b86dd7a22fa34a4ac07,ME,p18_conv_1,2,2024-11-05,life_event,,ongoing_stage,1,0,0,1,0,False,False,,
p18,dev,mvu_1c78c8cc441579c2ae0edc46,ME,p18_conv_1,2,2024-11-05,coping_attempt,,occurred,1,0,0,1,0,False,False,,
p18,dev,mvu_a67f7cac52b03d53facf6fde,ME,p18_conv_1,2,2024-11-05,coping_attempt,,occurred,1,0,0,1,0,False,False,,
p18,dev,mvu_8bdc9686e9eb453c747ea28b,MP,p18_conv_2,3,2025-01-05,stable_relationship_role,caregiver_role_for_mother,,2,0,0,2,0,False,False,,
p18,dev,mvu_346b546a0e323ca9aa6c9a73,MP,p18_conv_2,3,2025-01-05,stable_relationship_role,relationship_with_sister,,1,0,0,1,0,False,False,,
p18,dev,mvu_8e55423dc3a1c6647257e5f0,MP,p18_conv_2,3,2025-01-05,enduring_interest,coping_strategy_reading,,1,0,0,1,0,False,False,,
p18,dev,mvu_33dbc6e1a3eda71cc38626f3,ME,p18_conv_2,3,2025-01-05,relationship_event,,occurred,1,0,0,1,0,False,False,,
p18,dev,mvu_a1cad277acaee5bc1978ae45,ME,p18_conv_2,3,2025-01-05,meaningful_experience,,occurred,1,0,0,1,0,False,False,,
p18,dev,mvu_008ede66713dc03a64f97b17,ME,p18_conv_2,3,2025-01-05,coping_attempt,,ongoing_stage,1,0,0,1,0,False,False,,
p18,dev,mvu_1dd6ba8ead0c43d48d60520b,ME,p18_conv_2,3,2025-01-05,support_experience,,ongoing_stage,1,0,0,1,0,False,False,,
p18,dev,mvu_3af686acb746faefbf0de11c,ME,esc552,4,2025-01-15,meaningful_experience,,occurred,3,0,0,3,0,False,False,,
p18,dev,mvu_ebb9760a9ba34ede8fc49f66,ME,esc552,4,2025-01-15,meaningful_experience,,occurred,1,0,0,1,0,False,False,,
p18,dev,mvu_cccf4883d3049fd8844abaa7,MP,p18_conv_3,5,2025-03-02,stable_relationship_role,caregiver_role_for_mother,,1,0,0,1,0,True,False,,
p18,dev,mvu_77c22622d831ae6ed8213294,MP,p18_conv_3,5,2025-03-02,stable_relationship_role,relationship_with_sister,,1,0,0,1,0,True,False,,
p18,dev,mvu_a4819eb6729b92375db49057,ME,p18_conv_3,5,2025-03-02,state_change,,occurred,1,0,0,1,0,False,False,,
p18,dev,mvu_943376266bb489fdda09e0e0,ME,p18_conv_3,5,2025-03-02,coping_attempt,,ongoing_stage,1,0,0,1,0,False,False,,
p18,dev,mvu_dc536632b148829e5ef7a6c7,ME,p18_conv_3,5,2025-03-02,support_experience,,occurred,1,0,0,1,0,False,False,,
p18,dev,mvu_cbbf28c5c3c0719bb7a77e8f,MP,p18_conv_4,6,2025-04-15,stable_relationship_role,caregiver_role_for_mother,,1,0,0,1,0,True,False,,
p18,dev,mvu_c6ec56b751585fcea17383b5,MP,p18_conv_4,6,2025-04-15,stable_relationship_role,relationship_with_sister,,1,0,0,1,0,True,False,,
p18,dev,mvu_812a697994cf6d06b67a787a,ME,p18_conv_4,6,2025-04-15,relationship_event,,occurred,1,0,0,1,0,False,False,,
p18,dev,mvu_2af0cfe428ef5f85f8286631,ME,p18_conv_4,6,2025-04-15,state_onset,,occurred,1,0,0,1,0,False,False,,
p18,dev,mvu_272c9351ec3124c8f0bdd6e8,ME,p18_conv_4,6,2025-04-15,coping_attempt,,occurred,1,0,0,1,0,False,False,,
p18,dev,mvu_6849cb765ce381f84c2692d5,ME,p18_conv_4,6,2025-04-15,meaningful_experience,,ongoing_stage,1,0,0,1,0,False,False,,
p18,dev,mvu_ed5201c8111fe92dddb513a3,ME,esc1198,7,2025-04-20,meaningful_experience,,occurred,1,0,0,1,0,False,False,,
p18,dev,mvu_777d9dfe978014735ca1921c,ME,esc1198,7,2025-04-20,meaningful_experience,,occurred,1,0,0,1,0,False,False,,
p18,dev,mvu_9913c647d8cb725c4c7cf6cf,MP,p18_conv_5,8,2025-05-10,enduring_interest,career_change_interest_project_management,,2,0,0,2,0,False,False,,
p18,dev,mvu_7e0270ab1ed753bdf7d810fa,ME,p18_conv_5,8,2025-05-10,coping_attempt,,occurred,2,0,0,2,0,False,False,,
p18,dev,mvu_d33767d2c5a1569b5a2b31dd,ME,p18_conv_5,8,2025-05-10,support_experience,,occurred,2,0,0,2,0,False,False,,
p18,dev,mvu_4d953f62f30cdcac99f9e428,ME,p18_conv_5,8,2025-05-10,relationship_event,,occurred,1,0,0,1,0,False,False,,
p18,dev,mvu_0f2f27c49fbe0fd6566f2c1c,ME,p18_conv_5,8,2025-05-10,meaningful_experience,,occurred,1,0,0,1,0,False,False,,
p18,dev,mvu_46662d9332a9e4efac0f2bec,ME,p18_conv_6,9,2025-06-15,relationship_event,,occurred,2,0,0,2,0,False,False,,
p18,dev,mvu_19d02e7962d73d1dcb551453,ME,p18_conv_6,9,2025-06-15,coping_attempt,,ongoing_stage,2,0,0,2,0,False,False,,
p18,dev,mvu_40f31ee411a819f96c196d2e,ME,p18_conv_6,9,2025-06-15,meaningful_experience,,occurred,2,0,0,2,0,False,False,,
p18,dev,mvu_554108be7ce59e5d43f35cdf,MP,p18_conv_7,10,2025-06-20,stable_relationship_role,relationship_with_partner_jane,,3,0,0,3,0,False,False,,
p18,dev,mvu_c0d1a8ee6241b91221eb65d7,ME,p18_conv_7,10,2025-06-20,life_event,,occurred,1,0,0,1,0,False,False,,
p18,dev,mvu_2a5893fc0d07d7ec6297bdac,ME,p18_conv_7,10,2025-06-20,relationship_event,,occurred,1,0,0,1,0,False,False,,
p18,dev,mvu_e80ad1e10956318be606240e,ME,p18_conv_7,10,2025-06-20,relationship_event,,ongoing_stage,3,0,0,3,0,False,False,,
p18,dev,mvu_1d47ddf465144f32879ae48f,ME,p18_conv_7,10,2025-06-20,coping_attempt,,occurred,1,0,0,1,0,False,False,,
p18,dev,mvu_465d719b83c6ef89fa26e7f3,ME,p18_conv_7,10,2025-06-20,support_experience,,occurred,1,0,0,1,0,False,False,,
p18,dev,mvu_d6edf3f91eeac03724ba4dbf,ME,p18_conv_7,10,2025-06-20,coping_attempt,,occurred,1,0,0,1,0,False,False,,
p18,dev,mvu_c0c3e2adccf5beda46332f36,ME,p18_conv_7,10,2025-06-20,action_observed_outcome,,occurred,1,0,0,1,0,False,False,,
p18,dev,mvu_70ea3b1f8e878f3127ca81e7,ME,p18_conv_7,10,2025-06-20,life_event,,occurred,1,0,0,1,0,False,False,,
p18,dev,mvu_0cf013e0bb061a6fc4361a27,ME,p18_conv_8,11,2025-07-25,relationship_event,,occurred,1,0,0,1,0,False,False,,
p18,dev,mvu_d78170292b4156159e897d0d,ME,p18_conv_8,11,2025-07-25,meaningful_experience,,ongoing_stage,1,0,0,1,0,False,False,,
p18,dev,mvu_adf2443c0cad787283363553,ME,p18_conv_8,11,2025-07-25,state_onset,,occurred,1,0,0,1,0,False,False,,
p18,dev,mvu_1cb9fafa1dd79f8ccd227642,ME,p18_conv_8,11,2025-07-25,relationship_event,,ongoing_stage,1,0,0,1,0,False,False,,
p18,dev,mvu_e47a900f656d13d8cf313c2b,ME,p18_conv_8,11,2025-07-25,coping_attempt,,occurred,1,0,0,1,0,False,False,,
p18,dev,mvu_8414b965250dff895718b119,ME,p18_conv_8,11,2025-07-25,transient_state,,ongoing_stage,1,0,0,1,0,False,False,,
p18,dev,mvu_9ee544af526222425ee4d1ab,ME,p18_conv_8,11,2025-07-25,meaningful_experience,,ongoing_stage,1,0,0,1,0,False,False,,
p18,dev,mvu_6e9a1d335d49c4a66cde63e1,MP,p18_conv_9,12,2025-08-12,stable_relationship_role,relationship_with_sister,,1,0,0,1,0,False,False,,
p18,dev,mvu_14f614417925220b0047d813,ME,p18_conv_9,12,2025-08-12,relationship_event,,occurred,1,0,0,1,0,False,False,,
p18,dev,mvu_80200a5a38434d3b5fb6a92f,ME,p18_conv_9,12,2025-08-12,life_event,,occurred,1,0,0,1,0,False,False,,
p18,dev,mvu_f9f3648fa0ca52987022313a,ME,p18_conv_9,12,2025-08-12,meaningful_experience,,ongoing_stage,1,0,0,1,0,False,False,,
p18,dev,mvu_717b3bfe6f15d180ed595733,ME,p18_conv_9,12,2025-08-12,coping_attempt,,occurred,1,0,0,1,0,False,False,,
p18,dev,mvu_2871e8f2036b925d59068092,MP,esc326,13,2025-09-11,location,current_location,,2,0,0,2,0,False,False,,
p18,dev,mvu_3f172ceff074c100be94f749,MP,esc326,13,2025-09-11,occupation,new_job_location_california,,2,0,0,2,0,False,False,,
p18,dev,mvu_39f46a28d299740188fe7793,MP,esc326,13,2025-09-11,stable_relationship_role,family_relocation_plans,,1,0,0,1,0,False,False,,
p18,dev,mvu_4b4702a492da7f813ed7cbe6,MP,esc326,13,2025-09-11,stable_relationship_role,daily_care_for_mother,,1,0,0,1,0,False,False,,
p18,dev,mvu_9afc35989a90c041ab5954b6,MP,esc326,13,2025-09-11,enduring_preference,social_isolation_concern_california,,1,0,0,1,0,False,False,,
p18,dev,mvu_91c3a815cbf1234e67e963c8,MP,esc326,13,2025-09-11,enduring_preference,financial_incentive_new_job,,2,0,0,2,0,False,False,,
p18,dev,mvu_01c4c43c79a7c5e48719fbda,ME,esc326,13,2025-09-11,life_event,,occurred,1,0,0,1,0,False,False,,
p18,dev,mvu_aeefefd0e63f273c13648694,ME,esc326,13,2025-09-11,relationship_event,,ongoing_stage,2,0,0,2,0,False,False,,
p18,dev,mvu_ad3934b1231fa4b6d67452f1,ME,esc326,13,2025-09-11,state_onset,,occurred,1,0,0,1,0,False,False,,
p2,train,mvu_972b29b02275000286396037,MP,esc1091,0,2024-05-16,education,current_academic_load,,2,0,0,2,0,False,False,,
p2,train,mvu_10e30bccd12871f5d60d8e32,MP,esc1091,0,2024-05-16,durable_health_constraint,experiencing_academic_stress,,2,0,0,2,0,False,False,,
p2,train,mvu_f714bc8eb4b53d6fed7bb32e,MP,esc1091,0,2024-05-16,stable_relationship_role,family_attitude_toward_academics,,1,0,0,1,0,False,False,,
p2,train,mvu_e9b530e10d78469fa9d093fc,ME,esc1091,0,2024-05-16,coping_attempt,,occurred,2,0,0,2,0,False,False,,
p2,train,mvu_cddf34a2214cef6f1313416a,ME,esc1091,0,2024-05-16,support_experience,,ongoing_stage,2,0,0,2,0,False,False,,
p2,train,mvu_d48574341ef82f8f4ac0e569,MP,esc150,1,2024-07-25,enduring_interest,writing_as_emotional_outlet,,1,0,0,1,0,False,False,,
p2,train,mvu_19d1a2b4e3431d038c5de65e,ME,esc150,1,2024-07-25,meaningful_experience,,occurred,1,0,0,1,0,False,False,,
p2,train,mvu_bf120cf8488d76fef4e2db63,ME,esc150,1,2024-07-25,coping_attempt,,occurred,1,0,0,1,0,False,False,,
p2,train,mvu_74f0bebd3bb2a5ed74922e48,ME,esc150,1,2024-07-25,state_change,,occurred,1,0,0,1,0,False,False,,
p2,train,mvu_47a104d6d5646b97b98ca8df,MP,esc955,2,2024-09-01,stable_relationship_role,family_attitude_toward_academics,,1,0,0,1,0,True,True,citation_partial,suppress_unsupported_new_version_without_automatic_fallback
p2,train,mvu_7e037fc09d5ec374100200e1,MP,esc955,2,2024-09-01,enduring_interest,values_friendship_as_emotional_support,,1,0,0,1,0,False,False,,
p2,train,mvu_60b426e40e3b0d69b1b34b82,ME,esc955,2,2024-09-01,relationship_event,,occurred,1,0,0,1,0,False,False,,
p2,train,mvu_df0037372b2aa69be6d2428b,ME,esc955,2,2024-09-01,relationship_event,,occurred,1,0,0,1,0,False,False,,
p2,train,mvu_56a34eb05ea7e8074880ad54,ME,esc955,2,2024-09-01,support_experience,,ongoing_stage,1,0,0,1,0,False,False,,
p2,train,mvu_6ea997aa6cda82f7830efcc5,ME,esc955,2,2024-09-01,meaningful_experience,,occurred,1,0,0,1,0,False,False,,
p2,train,mvu_c777900036f4425828423b71,MP,esc611,3,2024-09-12,stable_relationship_role,friend_support_in_relationship_matters,,2,0,0,2,0,False,False,,
p2,train,mvu_c6672c7a27e51a3712fda785,MP,esc611,3,2024-09-12,enduring_preference,prefers_direct_communication_in_relationships,,2,0,0,2,0,False,False,,
p2,train,mvu_c85bcf96c5350dcf119548ee,ME,esc611,3,2024-09-12,relationship_event,,occurred,1,0,0,1,0,False,False,,
p2,train,mvu_9b18718daf01c96dac72edfb,ME,esc611,3,2024-09-12,relationship_event,,occurred,2,0,0,2,0,False,False,,
p2,train,mvu_d599e85f6585629a48cce32c,ME,esc611,3,2024-09-12,state_change,,occurred,1,0,0,1,0,False,False,,
p2,train,mvu_db7b62679c933cd3755926cb,ME,esc611,3,2024-09-12,relationship_event,,ongoing_stage,1,0,0,1,0,False,False,,
p2,train,mvu_c98f0c355e7d5380a3a52190,ME,esc611,3,2024-09-12,coping_attempt,,occurred,1,0,0,1,0,False,False,,
p2,train,mvu_5aaebc54ac828e99dda44680,ME,esc611,3,2024-09-12,support_experience,,occurred,1,0,0,1,0,False,False,,
p2,train,mvu_714cae74ff46c942bcbc89d3,ME,esc611,3,2024-09-12,meaningful_experience,,occurred,1,0,0,1,0,False,False,,
p2,train,mvu_c4eec5a781fcf6c82817a07c,MP,p2_conv_1,4,2024-10-05,stable_relationship_role,ex_romantic_partner_nate,,1,0,0,1,0,False,False,,
p2,train,mvu_bd1142fb3a4dbda99e73557e,ME,p2_conv_1,4,2024-10-05,relationship_event,,occurred,1,0,0,1,0,False,False,,
p2,train,mvu_7dd8e7dec968b5b2adafaffc,ME,p2_conv_1,4,2024-10-05,meaningful_experience,,ongoing_stage,1,0,0,1,0,False,False,,
p2,train,mvu_da2cebef13a04f196c6ba2eb,ME,p2_conv_1,4,2024-10-05,coping_attempt,,ongoing_stage,1,0,0,1,0,False,False,,
p2,train,mvu_af53beebedcbe2dfd3591deb,ME,p2_conv_2,5,2024-10-10,life_event,,occurred,1,0,0,1,0,False,False,,
p2,train,mvu_4690e101ee2f9ee011bf92b4,ME,p2_conv_2,5,2024-10-10,relationship_event,,ongoing_stage,1,0,0,1,0,False,False,,
p2,train,mvu_82898f71b9e1ba223fac88c2,ME,p2_conv_2,5,2024-10-10,meaningful_experience,,occurred,1,0,0,1,0,False,False,,
p2,train,mvu_94368d22f9b434715e5dc67f,ME,p2_conv_2,5,2024-10-10,support_experience,,occurred,1,0,0,1,0,False,False,,
p2,train,mvu_d0cc9c3c62aa2cab00017226,MP,p2_conv_3,6,2024-10-15,durable_health_constraint,experiencing_academic_stress,,1,0,0,1,0,True,True,citation_partial,suppress_unsupported_new_version_without_automatic_fallback
p2,train,mvu_b47c21cead4c073cbb7d81d4,MP,p2_conv_3,6,2024-10-15,stable_relationship_role,ex_romantic_partner_nate,,1,0,0,1,0,True,True,citation_partial,suppress_unsupported_new_version_without_automatic_fallback
p2,train,mvu_e4fed752efc43cce3376c9cc,MP,p2_conv_3,6,2024-10-15,education,current_academic_load,,1,0,0,1,0,True,True,citation_partial,suppress_unsupported_new_version_without_automatic_fallback
p2,train,mvu_802d1185895537340f606303,MP,p2_conv_3,6,2024-10-15,durable_health_constraint,overthinking_and_self_doubt,,1,0,0,1,0,False,False,,
p2,train,mvu_054061dbc078f109066945c9,ME,p2_conv_3,6,2024-10-15,relationship_event,,occurred,1,0,0,1,0,False,False,,
p2,train,mvu_e91f613321c9a98d7c8613dc,ME,p2_conv_3,6,2024-10-15,life_event,,occurred,1,0,0,1,0,False,False,,
p2,train,mvu_7931d601dede9a309f46c461,ME,p2_conv_3,6,2024-10-15,state_onset,,ongoing_stage,1,0,0,1,0,False,False,,
p2,train,mvu_d25a3e22ec22160fdbca9ff0,ME,p2_conv_3,6,2024-10-15,coping_attempt,,occurred,1,0,0,1,0,False,False,,
p2,train,mvu_2d6624b3cffc84dff8e06f9c,ME,p2_conv_3,6,2024-10-15,meaningful_experience,,occurred,1,0,0,1,0,False,False,,
p2,train,mvu_3afb284598fdbe673f56aa61,ME,p2_conv_4,7,2024-10-28,relationship_event,,occurred,2,0,0,2,0,False,False,,
p2,train,mvu_e3078ce5c4418806de852cf4,ME,p2_conv_4,7,2024-10-28,transient_state,,ongoing_stage,1,0,0,1,0,False,False,,
p2,train,mvu_007d2c88dd888ace447f9833,ME,p2_conv_5,8,2024-11-01,transient_state,,ongoing_stage,1,0,0,1,0,False,False,,
p2,train,mvu_32d2c0ba862088496b85ad2a,ME,p2_conv_5,8,2024-11-01,relationship_event,,occurred,1,0,0,1,0,False,False,,
p2,train,mvu_5f19fd19eb99d94005f82327,ME,p2_conv_5,8,2024-11-01,state_change,,occurred,1,0,0,1,0,False,False,,
p2,train,mvu_2aad2c8d0a21fc36785b4a58,ME,p2_conv_5,8,2024-11-01,coping_attempt,,occurred,1,0,0,1,0,False,False,,
p2,train,mvu_e8a148bf271adcc1e3eaa3a0,ME,p2_conv_5,8,2024-11-01,meaningful_experience,,occurred,1,0,0,1,0,False,False,,
p2,train,mvu_3da2e2c70453200e3145fcdc,MP,p2_conv_6,9,2024-11-10,education,current_academic_load,,1,0,0,1,0,True,True,citation_partial,suppress_unsupported_new_version_without_automatic_fallback
p2,train,mvu_fb2fc5f5efe0d8699de54db7,MP,p2_conv_6,9,2024-11-10,stable_relationship_role,ex_romantic_partner_nate,,1,0,0,1,0,True,True,citation_partial,suppress_unsupported_new_version_without_automatic_fallback
p2,train,mvu_d45880cb27a333ec3b1a1e0f,MP,p2_conv_6,9,2024-11-10,durable_health_constraint,experiencing_academic_stress,,1,0,0,1,0,True,True,citation_sufficient,retain_reassertion_subject_to_per_prefix_ontology_and_time_review
p2,train,mvu_5f0059300da010bc4a30fdd3,MP,p2_conv_6,9,2024-11-10,stable_relationship_role,family_attitude_toward_academics,,1,0,0,1,0,True,True,citation_unrelated,suppress_unsupported_new_version_without_automatic_fallback
p2,train,mvu_3d09742e17dad06b181814fa,MP,p2_conv_6,9,2024-11-10,stable_relationship_role,friend_support_in_relationship_matters,,1,0,0,1,0,True,True,citation_unrelated,suppress_unsupported_new_version_without_automatic_fallback
p2,train,mvu_71efdec87a16ae27d6f41ee7,MP,p2_conv_6,9,2024-11-10,durable_health_constraint,overthinking_and_self_doubt,,1,0,0,1,0,True,True,citation_partial,suppress_unsupported_new_version_without_automatic_fallback
p2,train,mvu_5413534913aa887e2025fab3,MP,p2_conv_6,9,2024-11-10,enduring_preference,prefers_direct_communication_in_relationships,,1,0,0,1,0,True,True,citation_unrelated,suppress_unsupported_new_version_without_automatic_fallback
p2,train,mvu_ad8fac56af8c961d3890dba9,MP,p2_conv_6,9,2024-11-10,enduring_interest,values_friendship_as_emotional_support,,1,0,0,1,0,True,True,citation_partial,suppress_unsupported_new_version_without_automatic_fallback
p2,train,mvu_427fb9b94170379525c4fe7b,MP,p2_conv_6,9,2024-11-10,enduring_interest,writing_as_emotional_outlet,,1,0,0,1,0,True,True,citation_partial,suppress_unsupported_new_version_without_automatic_fallback
p2,train,mvu_439713ac6463a2e0103d2989,ME,p2_conv_6,9,2024-11-10,relationship_event,,occurred,1,0,0,1,0,False,False,,
p2,train,mvu_9ffdc9045bda76ef79d9e2f9,ME,p2_conv_6,9,2024-11-10,life_event,,occurred,1,0,0,1,0,False,False,,
p2,train,mvu_3c63e84a0f38ffda2cf55541,ME,p2_conv_6,9,2024-11-10,relationship_event,,occurred,1,0,0,1,0,False,False,,
p2,train,mvu_e6d5f1bdcef2d290e417e257,ME,p2_conv_6,9,2024-11-10,support_experience,,ongoing_stage,1,0,0,1,0,False,False,,
p2,train,mvu_33305bda2fac38b9888e1707,ME,p2_conv_6,9,2024-11-10,meaningful_experience,,ongoing_stage,1,0,0,1,0,False,False,,
p2,train,mvu_ddce91ddb9145d0310cca135,ME,p2_conv_6,9,2024-11-10,state_onset,,occurred,1,0,0,1,0,False,False,,
p2,train,mvu_5ae66733fc0112d9c3ab3a25,MP,p2_conv_7,10,2024-11-15,education,current_academic_load,,1,0,0,1,0,True,True,citation_unrelated,suppress_unsupported_new_version_without_automatic_fallback
p2,train,mvu_b0cdd1d56d1e7a0c4edd8b03,MP,p2_conv_7,10,2024-11-15,durable_health_constraint,overthinking_and_self_doubt,,1,0,0,1,0,True,True,citation_partial,suppress_unsupported_new_version_without_automatic_fallback
p2,train,mvu_eedc2d8a3dfe689aeb852e90,MP,p2_conv_7,10,2024-11-15,enduring_interest,writing_as_emotional_outlet,,1,0,0,1,0,True,True,citation_sufficient,retain_reassertion_subject_to_per_prefix_ontology_and_time_review
p2,train,mvu_09ffd446c99087219b0ed2d7,MP,p2_conv_7,10,2024-11-15,education,engaged_in_creative_writing_workshop,,1,0,0,1,0,False,False,,
p2,train,mvu_af412607aca1f91db10aab09,MP,p2_conv_7,10,2024-11-15,stable_relationship_role,seeks_emotional_support_from_trusted_individual,,1,0,0,1,0,False,False,,
p2,train,mvu_cd5a32e47dc6fee247dae687,ME,p2_conv_7,10,2024-11-15,coping_attempt,,occurred,1,0,0,1,0,False,False,,
p2,train,mvu_87d7e9814b10a421f6977620,ME,p2_conv_7,10,2024-11-15,support_experience,,ongoing_stage,1,0,0,1,0,False,False,,
p2,train,mvu_c3ba3b3da2d7b55e06921803,ME,p2_conv_7,10,2024-11-15,meaningful_experience,,ongoing_stage,1,0,0,1,0,False,False,,
p2,train,mvu_12bdc34467f740492846ada8,MP,p2_conv_8,11,2024-11-25,durable_health_constraint,experiencing_imposter_syndrome,,3,0,0,3,0,False,False,,
p2,train,mvu_2307321ef5baa0b4836b1e2b,ME,p2_conv_8,11,2024-11-25,state_onset,,occurred,1,0,0,1,0,False,False,,
p2,train,mvu_8ef356fb6a36c446e4d6d2f2,ME,p2_conv_8,11,2024-11-25,coping_attempt,,ongoing_stage,1,0,0,1,0,False,False,,
p2,train,mvu_12ee095ad72c69e481c3f042,ME,p2_conv_9,12,2024-12-01,life_event,,occurred,1,0,0,1,0,False,False,,
p2,train,mvu_e237cff56de0ba69bdd756ca,ME,p2_conv_9,12,2024-12-01,meaningful_experience,,ongoing_stage,1,0,0,1,0,False,False,,
p2,train,mvu_b4bd0349bbf841169e1f5e9f,ME,p2_conv_9,12,2024-12-01,coping_attempt,,ongoing_stage,1,0,0,1,0,False,False,,
p2,train,mvu_f1016ca83303e33cbea1b2c1,ME,p2_conv_9,12,2024-12-01,coping_attempt,,ongoing_stage,1,0,0,1,0,False,False,,
p2,train,mvu_5adb2429b343a3a056a952d4,ME,p2_conv_9,12,2024-12-01,meaningful_experience,,ongoing_stage,1,0,0,1,0,False,False,,
p2,train,mvu_d90cedff711f2e22fa429c90,ME,p2_conv_9,12,2024-12-01,support_experience,,occurred,2,0,0,2,0,False,False,,
p2,train,mvu_fc3e0f3849db1d17a74aec1b,ME,p2_conv_9,12,2024-12-01,state_change,,occurred,1,0,0,1,0,False,False,,
p2,train,mvu_a312d00d8a496511c0940be6,MP,p2_conv_10,13,2024-12-10,education,current_academic_load,,1,0,0,1,0,True,True,citation_partial,suppress_unsupported_new_version_without_automatic_fallback
p2,train,mvu_785a6f6f9e719c52ef13fc57,MP,p2_conv_10,13,2024-12-10,education,engaged_in_creative_writing_workshop,,1,0,0,1,0,True,True,citation_sufficient,retain_reassertion_subject_to_per_prefix_ontology_and_time_review
p2,train,mvu_0b55cc210437012c774c23ac,MP,p2_conv_10,13,2024-12-10,durable_health_constraint,experiencing_imposter_syndrome,,1,0,0,1,0,False,False,,
p2,train,mvu_814c3692ae886160303cdddb,MP,p2_conv_10,13,2024-12-10,stable_relationship_role,seeks_emotional_support_from_trusted_individual,,1,0,0,1,0,True,True,citation_partial,suppress_unsupported_new_version_without_automatic_fallback
p2,train,mvu_1b226d5be32a7c7602cde3f1,MP,p2_conv_10,13,2024-12-10,enduring_interest,values_friendship_as_emotional_support,,1,0,0,1,0,True,True,citation_partial,suppress_unsupported_new_version_without_automatic_fallback
p2,train,mvu_f75e73bcbc3c39ee5fb93f83,MP,p2_conv_10,13,2024-12-10,enduring_interest,writing_as_emotional_outlet,,1,0,0,1,0,False,False,,
p2,train,mvu_6afd26eabff12fe3550a065b,ME,p2_conv_10,13,2024-12-10,meaningful_experience,,occurred,2,0,0,2,0,False,False,,
p2,train,mvu_c8da36ab41b1d4da5464dd8d,ME,p2_conv_10,13,2024-12-10,support_experience,,ongoing_stage,1,0,0,1,0,False,False,,
p2,train,mvu_1f71ea33aaef0a42b072fefb,ME,p2_conv_10,13,2024-12-10,coping_attempt,,ongoing_stage,1,0,0,1,0,False,False,,
p2,train,mvu_a5fbef2cdd13335da45b783f,MP,p2_conv_11,14,2024-12-18,durable_health_constraint,experiencing_academic_stress,,1,0,0,1,0,True,True,citation_sufficient,retain_reassertion_subject_to_per_prefix_ontology_and_time_review
p2,train,mvu_a861283244e79c9ec1b429ff,MP,p2_conv_11,14,2024-12-18,durable_health_constraint,experiencing_imposter_syndrome,,1,0,0,1,0,True,True,citation_partial,suppress_unsupported_new_version_without_automatic_fallback
p2,train,mvu_f6cdebd9b0d24e8a7b0c2f0c,MP,p2_conv_11,14,2024-12-18,durable_health_constraint,overthinking_and_self_doubt,,1,0,0,1,0,False,False,,
p2,train,mvu_800ba13ba7c1187494557da4,MP,p2_conv_11,14,2024-12-18,enduring_interest,writing_as_emotional_outlet,,1,0,0,1,0,False,False,,
p2,train,mvu_5503c2b40353a4e21530e219,MP,p2_conv_11,14,2024-12-18,stable_relationship_role,seeks_emotional_support_from_trusted_individual,,1,0,0,1,0,True,True,citation_partial,suppress_unsupported_new_version_without_automatic_fallback
p2,train,mvu_94248d97448253d5fcbcc3ec,ME,p2_conv_11,14,2024-12-18,relationship_event,,occurred,1,0,0,1,0,False,False,,
p2,train,mvu_6149282496b12849ba5aaa89,ME,p2_conv_11,14,2024-12-18,transient_state,,occurred,1,0,0,1,0,False,False,,
p2,train,mvu_46c477172132172b00cacf0d,ME,p2_conv_11,14,2024-12-18,state_onset,,occurred,1,0,0,1,0,False,False,,
p2,train,mvu_6fefb00aa479987d61c1bf8a,ME,p2_conv_11,14,2024-12-18,coping_attempt,,ongoing_stage,1,0,0,1,0,False,False,,
p2,train,mvu_8ced870e8ba2562994dac543,ME,p2_conv_12,15,2025-01-05,transient_state,,occurred,1,0,0,1,0,False,False,,
p2,train,mvu_6cd126a284ebe41996880fc7,ME,p2_conv_12,15,2025-01-05,meaningful_experience,,ongoing_stage,1,0,0,1,0,False,False,,
p2,train,mvu_e5e3325480e276d6193361b9,ME,p2_conv_12,15,2025-01-05,support_experience,,occurred,2,0,0,2,0,False,False,,
p2,train,mvu_1ea93bd9c63bf50a2b4d110b,MP,p2_conv_13,16,2025-01-10,durable_health_constraint,experiencing_academic_stress,,3,0,0,3,0,True,False,,
p2,train,mvu_6b1440a478896cb5876c9278,MP,p2_conv_13,16,2025-01-10,durable_health_constraint,experiencing_imposter_syndrome,,1,0,0,1,0,False,False,,
p2,train,mvu_7a5f94b61a0c06a8845f7d30,MP,p2_conv_13,16,2025-01-10,enduring_interest,writing_as_emotional_outlet,,2,0,0,2,0,False,False,,
p2,train,mvu_164ef1f290a30fca52e5f892,MP,p2_conv_13,16,2025-01-10,stable_relationship_role,seeks_emotional_support_from_trusted_individual,,1,0,0,1,0,False,False,,
p2,train,mvu_a675be4e3045ff117bfc8976,MP,p2_conv_13,16,2025-01-10,stable_relationship_role,engaged_in_online_writer_community,,1,0,0,1,0,False,False,,
p2,train,mvu_bc4db4be133e75636ea85ec9,ME,p2_conv_13,16,2025-01-10,transient_state,,occurred,1,0,0,1,0,False,False,,
p2,train,mvu_bfb6c8643125fda34ac3c313,ME,p2_conv_13,16,2025-01-10,coping_attempt,,ongoing_stage,1,0,0,1,0,False,False,,
p2,train,mvu_058044b8787547b5adce631e,ME,p2_conv_13,16,2025-01-10,meaningful_experience,,occurred,1,0,0,1,0,False,False,,
p2,train,mvu_81097d9c885dbe7c18e37b00,ME,p2_conv_13,16,2025-01-10,relationship_event,,occurred,1,0,0,1,0,False,False,,
p2,train,mvu_59963cfa58a60091786959ab,ME,p2_conv_13,16,2025-01-10,coping_attempt,,ongoing_stage,1,0,0,1,0,False,False,,
p2,train,mvu_9caa3403b5e27976d1d009d1,MP,p2_conv_14,17,2025-01-18,enduring_interest,writing_as_creative_and_emotional_healing_process,,2,0,0,2,0,False,False,,
p2,train,mvu_3a22f9707cd41b4c6cf70ef8,ME,p2_conv_14,17,2025-01-18,life_event,,occurred,1,0,0,1,0,False,False,,
p2,train,mvu_123c460318f126c82142a78b,ME,p2_conv_14,17,2025-01-18,meaningful_experience,,ongoing_stage,1,0,0,1,0,False,False,,
p2,train,mvu_6b90cf3cb9298c6b0c1aa341,ME,p2_conv_14,17,2025-01-18,support_experience,,ongoing_stage,2,0,0,2,0,False,False,,
p2,train,mvu_229cd8f85591e33a4a68bda6,ME,p2_conv_14,17,2025-01-18,relationship_event,,occurred,1,0,0,1,0,False,False,,
p2,train,mvu_034991ebf08dd03a717cf780,MP,p2_conv_15,18,2025-02-05,durable_health_constraint,experiencing_academic_stress,,2,0,0,2,0,True,False,,
p2,train,mvu_dee5af89fce21e74d4b0c2f3,MP,p2_conv_15,18,2025-02-05,durable_health_constraint,overthinking_and_self_doubt,,2,0,0,2,0,False,False,,
p2,train,mvu_bf2c0afe80181960f9180477,MP,p2_conv_15,18,2025-02-05,education,current_academic_load,,1,0,0,1,0,False,False,,
p2,train,mvu_ef3b3d9faee3e1568c19abc5,MP,p2_conv_15,18,2025-02-05,stable_relationship_role,seeks_emotional_support_from_trusted_individual,,2,0,0,2,0,True,False,,
p2,train,mvu_a2dd99b5d6ae4f0416ed5303,MP,p2_conv_15,18,2025-02-05,enduring_interest,writing_as_emotional_outlet,,1,0,0,1,0,False,False,,
p2,train,mvu_7ea041f2e83f6a7a7ac1e304,MP,p2_conv_15,18,2025-02-05,stable_relationship_role,engaged_in_online_writer_community,,1,0,0,1,0,True,False,,
p2,train,mvu_1ff1a0d6462e29779b8a11b5,ME,p2_conv_15,18,2025-02-05,relationship_event,,ongoing_stage,1,0,0,1,0,False,False,,
p2,train,mvu_4901d57882164e920f76c94f,ME,p2_conv_15,18,2025-02-05,life_event,,occurred,1,0,0,1,0,False,False,,
p2,train,mvu_76a3cdb4db19a468b67bd778,ME,p2_conv_15,18,2025-02-05,coping_attempt,,ongoing_stage,1,0,0,1,0,False,False,,
p2,train,mvu_46a20293f8538207a4eb20fc,ME,p2_conv_16,19,2025-02-15,meaningful_experience,,occurred,3,0,0,3,0,False,False,,
p2,train,mvu_77761e32438fe3176597e96d,ME,p2_conv_16,19,2025-02-15,coping_attempt,,occurred,1,0,0,1,0,False,False,,
p2,train,mvu_34aa084f92a265413698f381,ME,p2_conv_16,19,2025-02-15,state_change,,occurred,2,0,0,2,0,False,False,,
p2,train,mvu_09d9f4fd1895fb6704967874,ME,p2_conv_16,19,2025-02-15,transient_state,,occurred,1,0,0,1,0,False,False,,
p2,train,mvu_5503234bb7cbbdb209b07e09,ME,p2_conv_16,19,2025-02-15,meaningful_experience,,occurred,2,0,0,2,0,False,False,,
p2,train,mvu_ba4484273497ec3d083faf18,ME,p2_conv_17,20,2025-03-01,life_event,,occurred,1,0,0,1,0,False,False,,
p2,train,mvu_46103cd06f1da987ff089239,ME,p2_conv_17,20,2025-03-01,coping_attempt,,ongoing_stage,1,0,0,1,0,False,False,,
p2,train,mvu_792a3634dcff1dcf1e3790ed,ME,p2_conv_17,20,2025-03-01,meaningful_experience,,occurred,1,0,0,1,0,False,False,,
p2,train,mvu_9918fe83bb29a3fa6c559f12,ME,p2_conv_17,20,2025-03-01,coping_attempt,,ongoing_stage,1,0,0,1,0,False,False,,
p2,train,mvu_0d54d1d5196190ff3742febd,ME,p2_conv_17,20,2025-03-01,meaningful_experience,,occurred,1,0,0,1,0,False,False,,
p2,train,mvu_0d0559c8f51e4d2cd6353742,ME,p2_conv_17,20,2025-03-01,state_change,,occurred,1,0,0,1,0,False,False,,
p2,train,mvu_e4e06095f33f410e954ab633,MP,p2_conv_18,21,2025-03-05,durable_health_constraint,experiencing_academic_stress,,1,0,0,1,0,True,False,,
p2,train,mvu_8114c3e9a48af66ad5400080,MP,p2_conv_18,21,2025-03-05,enduring_interest,writing_as_emotional_outlet,,1,0,0,1,0,False,False,,
p2,train,mvu_9989b3b9a0850dc61648782f,MP,p2_conv_18,21,2025-03-05,stable_relationship_role,seeks_emotional_support_from_trusted_individual,,1,0,0,1,0,False,False,,
p2,train,mvu_5c5bbd56dab02eb9a871dc54,MP,p2_conv_18,21,2025-03-05,durable_health_constraint,overthinking_and_self_doubt,,1,0,0,1,0,False,False,,
p2,train,mvu_4c63a95d5526ae7ddf65b987,MP,p2_conv_18,21,2025-03-05,stable_relationship_role,ex_romantic_partner_nate,,2,0,0,2,0,False,False,,
p2,train,mvu_3455c65185d83d14634bb798,MP,p2_conv_18,21,2025-03-05,durable_health_constraint,experiencing_imposter_syndrome,,2,0,0,2,0,False,False,,
p2,train,mvu_f5c369d57d201b55c1f06e07,ME,p2_conv_18,21,2025-03-05,relationship_event,,occurred,1,0,0,1,0,False,False,,
p2,train,mvu_a089331dcb484f9308ef4987,ME,p2_conv_18,21,2025-03-05,meaningful_experience,,ongoing_stage,1,0,0,1,0,False,False,,
p2,train,mvu_fc3d325474d592ae13ee0495,ME,p2_conv_18,21,2025-03-05,coping_attempt,,occurred,1,0,0,1,0,False,False,,
p2,train,mvu_10f2f9e9e47680a29d2f5d5c,ME,p2_conv_18,21,2025-03-05,support_experience,,occurred,2,0,0,2,0,False,False,,
p2,train,mvu_e9f29a813583ba7730b8f748,ME,p2_conv_18,21,2025-03-05,life_event,,ongoing_stage,2,0,0,2,0,False,False,,
p2,train,mvu_f2d4de919565260796e1fb1d,ME,p2_conv_18,21,2025-03-05,coping_attempt,,occurred,1,0,0,1,0,False,False,,
p2,train,mvu_cddc92ecf1d9dd761b056120,ME,p2_conv_18,21,2025-03-05,support_experience,,ongoing_stage,1,0,0,1,0,False,False,,
p2,train,mvu_fe309d42d89847c0f4dd68d9,MP,p2_conv_19,22,2025-03-25,education,engaged_in_creative_writing_workshop,,1,0,0,1,0,True,False,,
p2,train,mvu_451f75bf1fa6997d505d5b0a,ME,p2_conv_19,22,2025-03-25,meaningful_experience,,occurred,1,0,0,1,0,False,False,,
p2,train,mvu_d33bd8770485870ac67a4bad,ME,p2_conv_19,22,2025-03-25,meaningful_experience,,ongoing_stage,1,0,0,1,0,False,False,,
p2,train,mvu_df6776d50789b6d4a41efaba,ME,p2_conv_19,22,2025-03-25,relationship_event,,occurred,1,0,0,1,0,False,False,,
p2,train,mvu_43eca007d87445ec2d37b697,ME,p2_conv_19,22,2025-03-25,coping_attempt,,ongoing_stage,1,0,0,1,0,False,False,,
p2,train,mvu_4e6fd4c5809c76de8bb0519f,ME,p2_conv_19,22,2025-03-25,life_event,,ongoing_stage,1,0,0,1,0,False,False,,
p2,train,mvu_e0c851a2742af3a6bf96d0b0,ME,p2_conv_19,22,2025-03-25,state_change,,occurred,1,0,0,1,0,False,False,,
p2,train,mvu_840547df8ca4e43b6cffd5da,ME,p2_conv_19,22,2025-03-25,meaningful_experience,,occurred,1,0,0,1,0,False,False,,
p2,train,mvu_2087d0492a0a964936f90216,ME,p2_conv_19,22,2025-03-25,coping_attempt,,ongoing_stage,1,0,0,1,0,False,False,,
p2,train,mvu_23899131c53572fed478f764,ME,p2_conv_19,22,2025-03-25,life_event,,ongoing_stage,1,0,0,1,0,False,False,,
p2,train,mvu_54a583e092c7b20fed40b357,MP,p2_conv_20,23,2025-04-05,durable_health_constraint,experiencing_imposter_syndrome,,1,0,0,1,0,True,False,,
p2,train,mvu_fff745a6900ed206dd01839b,ME,p2_conv_20,23,2025-04-05,support_experience,,occurred,1,0,0,1,0,False,False,,
p2,train,mvu_ae2ba2dff0453c23deecfc59,ME,p2_conv_20,23,2025-04-05,meaningful_experience,,occurred,1,0,0,1,0,False,False,,
p2,train,mvu_a1c2d7b53b2c439d9aa4a24b,ME,p2_conv_20,23,2025-04-05,relationship_event,,occurred,1,0,0,1,0,False,False,,
p2,train,mvu_e20f12dacfba81e5ca7093a0,ME,p2_conv_20,23,2025-04-05,meaningful_experience,,occurred,1,0,0,1,0,False,False,,
p2,train,mvu_12627032ae67b839e074b5c2,ME,p2_conv_20,23,2025-04-05,state_change,,occurred,1,0,0,1,0,False,False,,
p2,train,mvu_d9566159b4fd84d332351448,MP,p2_conv_21,24,2025-04-07,durable_health_constraint,experiencing_career_uncertainty_anxiety,,3,0,0,3,0,False,False,,
p2,train,mvu_250776bff9c09ba40c0cb1f2,MP,p2_conv_21,24,2025-04-07,stable_relationship_role,improved_sibling_relationship,,1,0,0,1,0,False,False,,
p2,train,mvu_19b60071794ecba6e8549ecd,ME,p2_conv_21,24,2025-04-07,coping_attempt,,ongoing_stage,1,0,0,1,0,False,False,,
p2,train,mvu_619840837ea0630faf978550,ME,p2_conv_21,24,2025-04-07,life_event,,occurred,3,0,0,3,0,False,False,,
p2,train,mvu_ceefc23e6411fad766607f6e,ME,p2_conv_21,24,2025-04-07,transient_state,,occurred,2,0,0,2,0,False,False,,
p2,train,mvu_3bc3f7f0437389914a8044a3,ME,p2_conv_21,24,2025-04-07,meaningful_experience,,occurred,1,0,0,1,0,False,False,,
p2,train,mvu_dafe5ec3fb77ee26660a8527,MP,p2_conv_22,25,2025-05-10,occupation,career_direction_considering_creative_writing_professional_path,,2,0,0,2,0,False,False,,
p2,train,mvu_eaeb7e4c5cc0dfcfb3ec8d53,MP,p2_conv_22,25,2025-05-10,education,planning_to_enroll_in_additional_creative_writing_development_opportunities,,1,0,0,1,0,False,False,,
p2,train,mvu_3125f2cd41658549bf855417,ME,p2_conv_22,25,2025-05-10,meaningful_experience,,occurred,2,0,0,2,0,False,False,,
p2,train,mvu_0344eddc68e94640e5f28e80,ME,p2_conv_22,25,2025-05-10,coping_attempt,,ongoing_stage,1,0,0,1,0,False,False,,
p2,train,mvu_6f54f17c480124f468b5b254,ME,p2_conv_22,25,2025-05-10,support_experience,,ongoing_stage,1,0,0,1,0,False,False,,
p3,train,mvu_e4be40d49c1f7859a934b02a,MP,esc207,0,2024-12-20,education,current_education_level,,1,0,0,1,0,False,False,,
p3,train,mvu_8c6fdafb85b6b6be15e90ffd,ME,esc207,0,2024-12-20,life_event,,occurred,2,0,0,2,0,False,False,,
p3,train,mvu_d3a00c7948519d164ce2c1fe,ME,esc207,0,2024-12-20,life_event,,ongoing_stage,1,0,0,1,0,False,False,,
p3,train,mvu_143b29b76005dae01fbc62e7,ME,esc207,0,2024-12-20,life_event,,occurred,1,0,0,1,0,False,False,,
p3,train,mvu_b4b5e690fa821369c47f60dc,ME,esc207,0,2024-12-20,life_event,,ongoing_stage,1,0,0,1,0,False,False,,
p3,train,mvu_dee103e5dfd18a07afe3b08c,MP,esc844,1,2025-01-25,education,current_education_level,,1,0,0,1,0,True,True,citation_partial,suppress_unsupported_new_version_without_automatic_fallback
p3,train,mvu_53b0bc9e561b064a258813a7,MP,esc844,1,2025-01-25,enduring_interest,past_academic_interest,,1,0,0,1,0,False,False,,
p3,train,mvu_a7e80f41d83bb9001af77146,ME,esc844,1,2025-01-25,state_onset,,occurred,3,0,0,3,0,False,False,,
p3,train,mvu_2e7803649d68f6a88ce9e8ad,ME,esc844,1,2025-01-25,coping_attempt,,occurred,1,0,0,1,0,False,False,,
p3,train,mvu_a63713a956f3a6b4c0c70d5c,ME,esc844,1,2025-01-25,support_experience,,occurred,2,0,0,2,0,False,False,,
p3,train,mvu_abb96520ab7d80790f760d62,ME,esc844,1,2025-01-25,meaningful_experience,,occurred,1,0,0,1,0,False,False,,
p3,train,mvu_e0016d17dadaf068205f765d,ME,esc844,1,2025-01-25,life_event,,occurred,2,0,0,2,0,False,False,,
p3,train,mvu_15527e405ce00c4877101257,ME,esc844,1,2025-01-25,relationship_event,,occurred,1,0,0,1,0,False,False,,
p3,train,mvu_2a7e9fc51ac4ae2f965a2644,ME,esc471,2,2025-02-22,relationship_event,,ongoing_stage,1,0,0,1,0,False,False,,
p3,train,mvu_8df3cdbe5750a1a92df46b7c,ME,esc471,2,2025-02-22,meaningful_experience,,occurred,1,0,0,1,0,False,False,,
p3,train,mvu_75c2e008f6e967ffeaeaa3dc,MP,p3_conv_1,3,2025-03-01,stable_relationship_role,friend_with_henry,,1,0,0,1,0,False,False,,
p3,train,mvu_47ad883d5b0526520fd15afa,ME,p3_conv_1,3,2025-03-01,relationship_event,,occurred,3,0,0,3,0,False,False,,
p3,train,mvu_91a0799ac1fad2f58b622564,ME,p3_conv_1,3,2025-03-01,coping_attempt,,occurred,1,0,0,1,0,False,False,,
p3,train,mvu_0916f40177af09d50fd02351,ME,p3_conv_1,3,2025-03-01,state_onset,,occurred,2,0,0,2,0,False,False,,
p3,train,mvu_190515a4f8523dec4dcccee7,ME,p3_conv_2,4,2025-03-25,relationship_event,,occurred,2,0,0,2,0,False,False,,
p3,train,mvu_bd4a67bcbd64f85de93c5e61,ME,p3_conv_2,4,2025-03-25,meaningful_experience,,occurred,2,0,0,2,0,False,False,,
p3,train,mvu_e78cc97ad3cee1b5bc632bcf,ME,p3_conv_2,4,2025-03-25,state_change,,occurred,2,0,0,2,0,False,False,,
p3,train,mvu_0d43457ea83d9686cc19ba78,ME,p3_conv_2,4,2025-03-25,coping_attempt,,occurred,1,0,0,1,0,False,False,,
p3,train,mvu_6b076581989ff54741234f4e,ME,p3_conv_2,4,2025-03-25,support_experience,,ongoing_stage,2,0,0,2,0,False,False,,
p3,train,mvu_41b1e064d1afa6c0dc456dc9,MP,p3_conv_3,5,2025-05-30,education,current_education_level,,1,0,0,1,0,True,True,citation_partial,suppress_unsupported_new_version_without_automatic_fallback
p3,train,mvu_e152c0a50a58d5ad40e08c9a,ME,p3_conv_3,5,2025-05-30,transient_state,,ongoing_stage,3,0,0,3,0,False,False,,
p3,train,mvu_363fc94429493d9b4c4453ce,ME,p3_conv_3,5,2025-05-30,coping_attempt,,occurred,1,0,0,1,0,False,False,,
p3,train,mvu_9196698b19ce033ffe2c7b40,ME,p3_conv_3,5,2025-05-30,coping_attempt,,occurred,1,0,0,1,0,False,False,,
p3,train,mvu_2cbc95493e17f3ae69e4cfe3,ME,p3_conv_3,5,2025-05-30,state_change,,occurred,1,0,0,1,0,False,False,,
p3,train,mvu_df529566719d189a908ef5cb,ME,p3_conv_4,6,2025-06-05,relationship_event,,occurred,1,0,0,1,0,False,False,,
p3,train,mvu_b7c61a90da7b32dc558a9ff5,ME,p3_conv_4,6,2025-06-05,support_experience,,occurred,1,0,0,1,0,False,False,,
p3,train,mvu_bfafa3e03c6b6458e4ecc3d7,ME,p3_conv_4,6,2025-06-05,transient_state,,ongoing_stage,1,0,0,1,0,False,False,,
p3,train,mvu_f93122cd9f325e9abd75cebc,ME,p3_conv_4,6,2025-06-05,coping_attempt,,ongoing_stage,1,0,0,1,0,False,False,,
p3,train,mvu_fffe853f436b2da87831b852,ME,p3_conv_4,6,2025-06-05,transient_state,,ongoing_stage,1,0,0,1,0,False,False,,
p3,train,mvu_a9387b47262bd7b8e4867c61,ME,p3_conv_4,6,2025-06-05,meaningful_experience,,ongoing_stage,1,0,0,1,0,False,False,,
p3,train,mvu_3ea48714a0627e371e9ca55d,ME,p3_conv_4,6,2025-06-05,coping_attempt,,occurred,1,0,0,1,0,False,False,,
p3,train,mvu_2d739cb9501523e0d750a106,ME,p3_conv_4,6,2025-06-05,coping_attempt,,occurred,1,0,0,1,0,False,False,,
p3,train,mvu_5fbde79750678f55e084abe2,ME,p3_conv_5,7,2025-06-15,support_experience,,occurred,2,0,0,2,0,False,False,,
p3,train,mvu_0e164a6faff1de1184e98a7a,ME,p3_conv_5,7,2025-06-15,coping_attempt,,ongoing_stage,1,0,0,1,0,False,False,,
p3,train,mvu_b9571ceba463fa06df00a464,ME,p3_conv_5,7,2025-06-15,meaningful_experience,,occurred,1,0,0,1,0,False,False,,
p3,train,mvu_5fe1982065c7221ed2f4eca7,MP,p3_conv_6,8,2025-07-05,education,current_education_level,,1,0,0,1,0,True,True,citation_sufficient,retain_reassertion_subject_to_per_prefix_ontology_and_time_review
p3,train,mvu_b4e595f211e17777315297a1,MP,p3_conv_6,8,2025-07-05,enduring_interest,past_academic_interest,,1,0,0,1,0,True,True,citation_conflicts_with_current_slot,suppress_unsupported_new_version_without_automatic_fallback
p3,train,mvu_9bcef944cf44e3855f8c7386,MP,p3_conv_6,8,2025-07-05,enduring_interest,current_academic_interest,,1,0,0,1,0,False,False,,
p3,train,mvu_86e9796dbfc203953017e786,ME,p3_conv_6,8,2025-07-05,state_change,,occurred,1,0,0,1,0,False,False,,
p3,train,mvu_397b64f314e74ef42ba80017,ME,p3_conv_6,8,2025-07-05,meaningful_experience,,occurred,1,0,0,1,0,False,False,,
p3,train,mvu_6b2a3f626404d2ded027d136,ME,p3_conv_6,8,2025-07-05,coping_attempt,,occurred,1,0,0,1,0,False,False,,
p3,train,mvu_abd64e56b4402beccd472b3d,ME,p3_conv_6,8,2025-07-05,support_experience,,occurred,1,0,0,1,0,False,False,,
p3,train,mvu_c2470bbf1d4758f09e118802,ME,p3_conv_6,8,2025-07-05,transient_state,,occurred,1,0,0,1,0,False,False,,
p3,train,mvu_230a5317b1900c416ea07497,MP,esc51,9,2025-09-06,education,current_education_level,,1,0,0,1,0,True,True,citation_unrelated,suppress_unsupported_new_version_without_automatic_fallback
p3,train,mvu_dae398e2e6e911bbecce2596,ME,esc51,9,2025-09-06,relationship_event,,occurred,1,0,0,1,0,False,False,,
p3,train,mvu_517560b8637efc581fb33548,ME,esc51,9,2025-09-06,relationship_event,,occurred,1,0,0,1,0,False,False,,
p3,train,mvu_911b220e9b4454688f46bd9c,ME,esc51,9,2025-09-06,coping_attempt,,occurred,1,0,0,1,0,False,False,,
p3,train,mvu_e2224d861148fa802dd26b3e,ME,esc51,9,2025-09-06,coping_attempt,,occurred,1,0,0,1,0,False,False,,
p3,train,mvu_b0276debdd09e71391c615f1,ME,esc51,9,2025-09-06,coping_attempt,,occurred,1,0,0,1,0,False,False,,
p3,train,mvu_74844e9264713ca662bb029c,MP,p3_conv_7,10,2025-09-12,education,current_education_level,,1,0,0,1,0,True,True,citation_sufficient,retain_reassertion_subject_to_per_prefix_ontology_and_time_review
p3,train,mvu_2a02803852208ddbb4f74e89,MP,p3_conv_7,10,2025-09-12,enduring_interest,current_academic_interest,,1,0,0,1,0,True,True,citation_sufficient,retain_reassertion_subject_to_per_prefix_ontology_and_time_review
p3,train,mvu_a01fcc818a91c163c360b7b3,ME,p3_conv_7,10,2025-09-12,state_onset,,occurred,1,0,0,1,0,False,False,,
p3,train,mvu_2a4f10dff52fa20c83fd353a,ME,p3_conv_7,10,2025-09-12,relationship_event,,occurred,1,0,0,1,0,False,False,,
p3,train,mvu_ab905fa02712d999ff13b3b0,ME,p3_conv_7,10,2025-09-12,meaningful_experience,,occurred,1,0,0,1,0,False,False,,
p3,train,mvu_67dfeed31e3ee5b7da0c6d94,ME,p3_conv_8,11,2025-10-10,relationship_event,,occurred,1,0,0,1,0,False,False,,
p3,train,mvu_a15075ae098f4d36ccf37f60,ME,p3_conv_8,11,2025-10-10,meaningful_experience,,ongoing_stage,1,0,0,1,0,False,False,,
p3,train,mvu_98d2465780f892f5ed3a850d,ME,p3_conv_8,11,2025-10-10,coping_attempt,,occurred,1,0,0,1,0,False,False,,
p3,train,mvu_643abc2ce84d318c56e5a22f,ME,p3_conv_8,11,2025-10-10,meaningful_experience,,ongoing_stage,1,0,0,1,0,False,False,,
p3,train,mvu_12fa50d184f50cac50d6ddb8,ME,p3_conv_8,11,2025-10-10,state_onset,,occurred,1,0,0,1,0,False,False,,
p3,train,mvu_849023e29cca285ae5cc2261,MP,p3_conv_9,12,2025-10-18,stable_relationship_role,partner_with_sally,,1,0,0,1,0,False,False,,
p3,train,mvu_02f757773bfea2c22cfd59f5,ME,p3_conv_9,12,2025-10-18,relationship_event,,occurred,1,0,0,1,0,False,False,,
p3,train,mvu_1d8df5ad49f66a27b1e334c6,ME,p3_conv_9,12,2025-10-18,coping_attempt,,ongoing_stage,1,0,0,1,0,False,False,,
p3,train,mvu_7ce0d02e56c1ccd2ca5426c8,ME,p3_conv_9,12,2025-10-18,meaningful_experience,,ongoing_stage,1,0,0,1,0,False,False,,
p3,train,mvu_f5b0bf924899b0525619e942,ME,p3_conv_9,12,2025-10-18,coping_attempt,,ongoing_stage,1,0,0,1,0,False,False,,
p3,train,mvu_416c88add104a1bbdea22342,ME,p3_conv_9,12,2025-10-18,state_onset,,occurred,1,0,0,1,0,False,False,,
p3,train,mvu_bd966582d0611c30be739ad6,MP,p3_conv_10,13,2025-10-25,enduring_interest,current_academic_interest,,1,0,0,1,0,True,True,citation_partial,suppress_unsupported_new_version_without_automatic_fallback
p3,train,mvu_d7f17d481d308185ff315dae,MP,p3_conv_10,13,2025-10-25,education,current_education_level,,1,0,0,1,0,True,True,citation_sufficient,retain_reassertion_subject_to_per_prefix_ontology_and_time_review
p3,train,mvu_02dd59400203b2ef2aa6e1a3,MP,p3_conv_10,13,2025-10-25,stable_relationship_role,partner_with_sally,,1,0,0,1,0,True,True,citation_partial,suppress_unsupported_new_version_without_automatic_fallback
p3,train,mvu_0687e8f6c7d9cfe3714940c4,ME,p3_conv_10,13,2025-10-25,relationship_event,,occurred,2,0,0,2,0,False,False,,
p3,train,mvu_ef771030f97e8249ac3136a2,MP,p3_conv_11,14,2025-11-01,enduring_interest,current_academic_interest,,1,0,0,1,0,True,True,citation_unrelated,suppress_unsupported_new_version_without_automatic_fallback
p3,train,mvu_e154579fabba564e60b587a3,MP,p3_conv_11,14,2025-11-01,education,current_education_level,,1,0,0,1,0,True,True,citation_partial,suppress_unsupported_new_version_without_automatic_fallback
p3,train,mvu_4b262c1a1aa73b0fa4ef1236,MP,p3_conv_11,14,2025-11-01,stable_relationship_role,friend_with_henry,,1,0,0,1,0,True,True,citation_unrelated,suppress_unsupported_new_version_without_automatic_fallback
p3,train,mvu_4772ced380b03e323bf3e782,MP,p3_conv_11,14,2025-11-01,enduring_interest,past_academic_interest,,1,0,0,1,0,True,True,citation_unrelated,suppress_unsupported_new_version_without_automatic_fallback
p3,train,mvu_692554b9cf50ee3e4dda79ae,ME,p3_conv_11,14,2025-11-01,coping_attempt,,ongoing_stage,1,0,0,1,0,False,False,,
p3,train,mvu_2c5f9ea2c23cea7d96a603e8,ME,p3_conv_11,14,2025-11-01,meaningful_experience,,occurred,1,0,0,1,0,False,False,,
p3,train,mvu_306e9ce35f1b4f75681e51c4,ME,p3_conv_11,14,2025-11-01,relationship_event,,occurred,1,0,0,1,0,False,False,,
p3,train,mvu_d4d41437f1417b3a84c9cb30,MP,p3_conv_12,15,2025-11-15,stable_relationship_role,partner_with_sally,,1,0,0,1,0,True,True,citation_partial,suppress_unsupported_new_version_without_automatic_fallback
p3,train,mvu_fb9beadb0230de49df137402,ME,p3_conv_12,15,2025-11-15,relationship_event,,ongoing_stage,1,0,0,1,0,False,False,,
p3,train,mvu_63ccf8a7b73acfb51842cbd3,ME,p3_conv_12,15,2025-11-15,meaningful_experience,,occurred,1,0,0,1,0,False,False,,
p3,train,mvu_f301af90843c488204afcf5c,ME,p3_conv_13,16,2025-11-22,life_event,,occurred,1,0,0,1,0,False,False,,
p3,train,mvu_a83cb5ef5fd6175739d37ca6,ME,p3_conv_13,16,2025-11-22,life_event,,occurred,1,0,0,1,0,False,False,,
p3,train,mvu_4676f9122cd35e572593020e,ME,p3_conv_13,16,2025-11-22,meaningful_experience,,ongoing_stage,1,0,0,1,0,False,False,,
p3,train,mvu_588a8cc5523c7550e83ff24e,MP,p3_conv_14,17,2025-12-05,enduring_interest,current_academic_interest,,1,0,0,1,0,False,False,,
p3,train,mvu_3cbcabd879c51791e01e2b76,ME,p3_conv_14,17,2025-12-05,state_onset,,ongoing_stage,1,0,0,1,0,False,False,,
p3,train,mvu_58bf49e471b127cbe6dff4af,ME,p3_conv_14,17,2025-12-05,coping_attempt,,occurred,1,0,0,1,0,False,False,,
p3,train,mvu_b8b6cf8545d24a4978332fd0,ME,p3_conv_14,17,2025-12-05,relationship_event,,ongoing_stage,1,0,0,1,0,False,False,,
p3,train,mvu_49f8cff16da35d530a6dd838,ME,p3_conv_14,17,2025-12-05,coping_attempt,,occurred,1,0,0,1,0,False,False,,
p3,train,mvu_0bd2aedbd19eb0af01a1a930,ME,p3_conv_14,17,2025-12-05,meaningful_experience,,occurred,1,0,0,1,0,False,False,,
p3,train,mvu_332d87072fa55c9a78bee45a,MP,p3_conv_15,18,2025-12-15,durable_health_constraint,current_health_issue_affecting_studies,,1,0,0,1,0,False,False,,
p3,train,mvu_39f15f955a04a7b4ecf7145a,ME,p3_conv_15,18,2025-12-15,relationship_event,,occurred,1,0,0,1,0,False,False,,
p3,train,mvu_eb31988c5b4a5d84d75f4a53,ME,p3_conv_15,18,2025-12-15,meaningful_experience,,occurred,1,0,0,1,0,False,False,,
p3,train,mvu_20dc3d73bfddfb365e72e2c8,ME,p3_conv_15,18,2025-12-15,coping_attempt,,ongoing_stage,1,0,0,1,0,False,False,,
p3,train,mvu_3f1acaed1a468ee2706b9e56,ME,p3_conv_15,18,2025-12-15,coping_attempt,,ongoing_stage,1,0,0,1,0,False,False,,
p3,train,mvu_10794cc7eb7813e18459a27a,MP,p3_conv_16,19,2025-12-22,enduring_interest,current_academic_interest,,1,0,0,1,0,True,True,citation_partial,suppress_unsupported_new_version_without_automatic_fallback
p3,train,mvu_caa7b9b73d45005ae6dbbc44,MP,p3_conv_16,19,2025-12-22,stable_relationship_role,partner_with_sally,,1,0,0,1,0,True,True,citation_partial,suppress_unsupported_new_version_without_automatic_fallback
p3,train,mvu_f42d0d202505d9c707204604,ME,p3_conv_16,19,2025-12-22,relationship_event,,ongoing_stage,1,0,0,1,0,False,False,,
p3,train,mvu_3f96333690948dfc0c2ec1ba,ME,p3_conv_16,19,2025-12-22,coping_attempt,,occurred,1,0,0,1,0,False,False,,
p3,train,mvu_eaae8cec84a51fb0dbe9a08f,ME,p3_conv_16,19,2025-12-22,meaningful_experience,,occurred,1,0,0,1,0,False,False,,
p3,train,mvu_3b0862e7b9a8a91a66c4be6c,MP,p3_conv_17,20,2026-01-15,enduring_interest,current_academic_interest,,2,0,0,2,0,True,True,citation_partial,suppress_unsupported_new_version_without_automatic_fallback
p3,train,mvu_5a61a5a37e85b4ab9a693ab3,MP,p3_conv_17,20,2026-01-15,education,current_education_level,,1,0,0,1,0,True,True,citation_partial,suppress_unsupported_new_version_without_automatic_fallback
p3,train,mvu_be77412b0ec8fb3fd429b576,MP,p3_conv_17,20,2026-01-15,durable_health_constraint,current_health_issue_affecting_studies,,1,0,0,1,0,True,True,citation_unrelated,suppress_unsupported_new_version_without_automatic_fallback
p3,train,mvu_149ae770c2f971889f95da47,MP,p3_conv_17,20,2026-01-15,stable_relationship_role,partner_with_sally,,2,0,0,2,0,True,True,citation_partial,suppress_unsupported_new_version_without_automatic_fallback
p3,train,mvu_6b256b27d21651c2cedf351b,ME,p3_conv_17,20,2026-01-15,life_event,,occurred,1,0,0,1,0,False,False,,
p3,train,mvu_f0754e34bda7946fdf780289,ME,p3_conv_17,20,2026-01-15,relationship_event,,ongoing_stage,2,0,0,2,0,False,False,,
p3,train,mvu_983cedd21bcb552f9fa65612,ME,p3_conv_17,20,2026-01-15,coping_attempt,,ongoing_stage,2,0,0,2,0,False,False,,
p3,train,mvu_a0ec0151588f8caea1956d75,ME,p3_conv_17,20,2026-01-15,coping_attempt,,ongoing_stage,1,0,0,1,0,False,False,,
p3,train,mvu_256b985778bd852c2314d7fc,ME,p3_conv_17,20,2026-01-15,relationship_event,,occurred,1,0,0,1,0,False,False,,
p3,train,mvu_123f26208be5ec8dd7bf135e,ME,p3_conv_17,20,2026-01-15,state_change,,occurred,1,0,0,1,0,False,False,,
p3,train,mvu_01548a1bc17d8ea4f904b9bb,MP,p3_conv_18,21,2026-01-20,durable_health_constraint,current_health_issue_affecting_studies,,1,0,0,1,0,True,True,citation_unrelated,suppress_unsupported_new_version_without_automatic_fallback
p3,train,mvu_48956037810ed722d0e172ec,MP,p3_conv_18,21,2026-01-20,stable_relationship_role,partner_with_sally,,1,0,0,1,0,True,True,citation_partial,suppress_unsupported_new_version_without_automatic_fallback
p3,train,mvu_104d36984612119038e53d6e,MP,p3_conv_18,21,2026-01-20,stable_relationship_role,friend_with_henry,,1,0,0,1,0,True,True,citation_partial,suppress_unsupported_new_version_without_automatic_fallback
p3,train,mvu_e1cd3f8c646007cbe8b2dd96,ME,p3_conv_18,21,2026-01-20,support_experience,,occurred,1,0,0,1,0,False,False,,
p3,train,mvu_81816312ccc1944228f54167,ME,p3_conv_18,21,2026-01-20,relationship_event,,occurred,1,0,0,1,0,False,False,,
p3,train,mvu_a598cebe96f2248262aee6d7,ME,p3_conv_18,21,2026-01-20,life_event,,occurred,1,0,0,1,0,False,False,,
p3,train,mvu_ab677986f1a772bb111ef72c,ME,p3_conv_18,21,2026-01-20,coping_attempt,,occurred,1,0,0,1,0,False,False,,
p3,train,mvu_cc305ebd0106c668dd206251,ME,p3_conv_18,21,2026-01-20,meaningful_experience,,occurred,1,0,0,1,0,False,False,,
p3,train,mvu_3c09b7f003561ba1e689ef74,ME,p3_conv_18,21,2026-01-20,transient_state,,ongoing_stage,1,0,0,1,0,False,False,,
p3,train,mvu_c96c9b5a8863cf3fcb7532dc,MP,p3_conv_19,22,2026-02-01,enduring_interest,current_academic_interest,,1,0,0,1,0,True,True,citation_partial,suppress_unsupported_new_version_without_automatic_fallback
p3,train,mvu_10e073943750906d93cc0a75,MP,p3_conv_19,22,2026-02-01,education,current_education_level,,1,0,0,1,0,True,True,citation_partial,suppress_unsupported_new_version_without_automatic_fallback
p3,train,mvu_9a551811f683b8a3ef4158e0,ME,p3_conv_19,22,2026-02-01,relationship_event,,occurred,1,0,0,1,0,False,False,,
p3,train,mvu_15b8f448d62bfcbdc8187c11,ME,p3_conv_19,22,2026-02-01,coping_attempt,,ongoing_stage,1,0,0,1,0,False,False,,
p3,train,mvu_21b0517650518bc36a8a5aaa,ME,p3_conv_19,22,2026-02-01,coping_attempt,,occurred,1,0,0,1,0,False,False,,
p3,train,mvu_7e2342d892700ba3201f0053,ME,p3_conv_19,22,2026-02-01,meaningful_experience,,occurred,1,0,0,1,0,False,False,,
p3,train,mvu_7eeb15cf72168e0a2fdff0d4,ME,p3_conv_19,22,2026-02-01,support_experience,,occurred,1,0,0,1,0,False,False,,
p3,train,mvu_5547eaf146e76f170552ccc6,MP,p3_conv_20,23,2026-02-10,enduring_interest,current_academic_interest,,1,0,0,1,0,True,True,citation_unrelated,suppress_unsupported_new_version_without_automatic_fallback
p3,train,mvu_306ee55df95d2712ec93631b,ME,p3_conv_20,23,2026-02-10,relationship_event,,occurred,1,0,0,1,0,False,False,,
p3,train,mvu_b67235375ed4aaae4302e2f4,ME,p3_conv_20,23,2026-02-10,transient_state,,occurred,1,0,0,1,0,False,False,,
p3,train,mvu_1a8a9124c0c4b8a3ec56849a,ME,p3_conv_20,23,2026-02-10,coping_attempt,,ongoing_stage,2,0,0,2,0,False,False,,
p3,train,mvu_8471ca315069dae5479d5e97,ME,p3_conv_21,24,2026-02-22,relationship_event,,occurred,3,0,0,3,0,False,False,,
p3,train,mvu_7da3227e738a0f6115f9cdcb,ME,p3_conv_22,25,2026-02-28,relationship_event,,occurred,1,0,0,1,0,False,False,,
p3,train,mvu_930915c1c9feb27eb02b86aa,ME,p3_conv_22,25,2026-02-28,state_onset,,occurred,1,0,0,1,0,False,False,,
p3,train,mvu_01a0469280bda2c708b9ad05,ME,p3_conv_22,25,2026-02-28,state_change,,occurred,1,0,0,1,0,False,False,,
p3,train,mvu_fe3e83dd958949c04029391a,ME,p3_conv_22,25,2026-02-28,support_experience,,occurred,1,0,0,1,0,False,False,,
p3,train,mvu_fd3dedf4fa78c828447634c2,ME,p3_conv_22,25,2026-02-28,transient_state,,ongoing_stage,1,0,0,1,0,False,False,,
p3,train,mvu_a75e2dcaa59b1ebb3d2f3d25,ME,p3_conv_22,25,2026-02-28,life_event,,occurred,1,0,0,1,0,False,False,,
p3,train,mvu_8121eec052d4d3b38042b6f4,ME,p3_conv_22,25,2026-02-28,coping_attempt,,ongoing_stage,1,0,0,1,0,False,False,,
p3,train,mvu_0e209eb1272d5f70b43770cb,ME,p3_conv_23,26,2026-03-15,support_experience,,occurred,1,0,0,1,0,False,False,,
p3,train,mvu_fe7679b2db2e176dd86b97b6,ME,p3_conv_23,26,2026-03-15,coping_attempt,,ongoing_stage,1,0,0,1,0,False,False,,
p3,train,mvu_f0dd581787a0d9c478b315d9,ME,p3_conv_23,26,2026-03-15,transient_state,,ongoing_stage,3,0,0,3,0,False,False,,
p3,train,mvu_ede504c6437ca486840f2036,ME,p3_conv_23,26,2026-03-15,meaningful_experience,,ongoing_stage,2,0,0,2,0,False,False,,
p3,train,mvu_9662845dbab0c9321f3aaf4f,MP,p3_conv_24,27,2026-04-30,enduring_interest,current_academic_interest,,1,0,0,1,0,True,False,,
p3,train,mvu_557147571452ff590dc96d77,ME,p3_conv_24,27,2026-04-30,support_experience,,ongoing_stage,1,0,0,1,0,False,False,,
p3,train,mvu_0637f4729af85da009a94ee1,ME,p3_conv_24,27,2026-04-30,relationship_event,,ongoing_stage,1,0,0,1,0,False,False,,
p4,test,mvu_a834ef8f2a70043bf24af029,MP,esc837,0,2024-06-15,durable_health_constraint,fear_of_public_speaking,,4,0,0,4,0,False,False,,
p4,test,mvu_818b498b294262fc3e69989e,MP,esc837,0,2024-06-15,enduring_preference,comfort_in_virtual_vs_in-person_meetings,,1,0,0,1,0,False,False,,
p4,test,mvu_f37ccfe336a90ccde09b724f,ME,esc837,0,2024-06-15,coping_attempt,,occurred,1,0,0,1,0,False,False,,
p4,test,mvu_6b24d89f5956f2a31e5c2878,ME,esc837,0,2024-06-15,meaningful_experience,,occurred,2,0,0,2,0,False,False,,
p4,test,mvu_e0d3ccd5f28f38dec7346201,ME,esc837,0,2024-06-15,state_onset,,occurred,1,0,0,1,0,False,False,,
p4,test,mvu_d60207903b2f4193177f5b2b,ME,esc837,0,2024-06-15,meaningful_experience,,occurred,1,0,0,1,0,False,False,,
p4,test,mvu_dc784547367f6835376c2db3,MP,esc873,1,2024-06-21,stable_relationship_role,living_arrangement_with_parents,,1,0,0,1,0,False,False,,
p4,test,mvu_61e648826e389be042cb379c,MP,esc873,1,2024-06-21,stable_relationship_role,romantic_relationship_status,,2,0,0,2,0,False,False,,
p4,test,mvu_16d602ec7643f197357a5321,ME,esc873,1,2024-06-21,relationship_event,,occurred,3,0,0,3,0,False,False,,
p4,test,mvu_bace82097682abd4bf654373,ME,esc873,1,2024-06-21,coping_attempt,,ongoing_stage,1,0,0,1,0,False,False,,
p4,test,mvu_7cee53c9a99bf6769a5e952d,MP,esc1282,2,2024-08-02,durable_health_constraint,difficulty_tolerating_unpleasant_interpersonal_behavior,,2,0,0,2,0,False,False,,
p4,test,mvu_20209a334bb38ffd6c5e1f54,MP,esc1282,2,2024-08-02,enduring_preference,preference_for_private_conversations_about_sensitive_issues,,1,0,0,1,0,False,False,,
p4,test,mvu_0a70dacf09a1a2ecdaa2af5b,MP,esc1282,2,2024-08-02,stable_relationship_role,value_placed_on_long_term_friendships,,2,0,0,2,0,False,False,,
p4,test,mvu_8b03c4a6a581426e8f49bae9,ME,esc1282,2,2024-08-02,relationship_event,,occurred,2,0,0,2,0,False,False,,
p4,test,mvu_1bbe22cd4578c2a715ccef63,ME,esc1282,2,2024-08-02,meaningful_experience,,occurred,1,0,0,1,0,False,False,,
p4,test,mvu_7d1c5ffbf722dd36e9184be7,ME,esc513,3,2024-09-21,relationship_event,,occurred,1,0,0,1,0,False,False,,
p4,test,mvu_4b339d6f9c79384bdb82cde5,ME,esc513,3,2024-09-21,meaningful_experience,,occurred,1,0,0,1,0,False,False,,
p4,test,mvu_d6f5c850bd98169bbe416a12,ME,p4_conv_1,4,2024-11-05,relationship_event,,occurred,1,0,0,1,0,False,False,,
p4,test,mvu_4b232eb920e3c91322e8e935,ME,p4_conv_1,4,2024-11-05,meaningful_experience,,occurred,2,0,0,2,0,False,False,,
p4,test,mvu_939eb910ee57fb019d090c5b,ME,p4_conv_1,4,2024-11-05,coping_attempt,,occurred,1,0,0,1,0,False,False,,
p4,test,mvu_28eb27724a3b314f9a099f9a,ME,p4_conv_1,4,2024-11-05,support_experience,,occurred,1,0,0,1,0,False,False,,
p4,test,mvu_dea197e6a0bd60ede47a993c,ME,p4_conv_2,5,2025-01-20,coping_attempt,,occurred,3,0,0,3,0,False,False,,
p4,test,mvu_29000649c58a46e59562d435,ME,p4_conv_2,5,2025-01-20,meaningful_experience,,occurred,1,0,0,1,0,False,False,,
p4,test,mvu_2541eaf5cee13890bdbab906,ME,p4_conv_2,5,2025-01-20,coping_attempt,,occurred,1,0,0,1,0,False,False,,
p4,test,mvu_e1d8c9fe8fe9d91df7bdaba3,ME,p4_conv_2,5,2025-01-20,transient_state,,occurred,1,0,0,1,0,False,False,,
p4,test,mvu_2320b008bdf5d72d8ef4c888,MP,p4_conv_3,6,2025-02-15,enduring_interest,interest_in_hiking_and_nature_activities,,1,0,0,1,0,False,False,,
p4,test,mvu_32272067c49dc5c33ec46628,MP,p4_conv_3,6,2025-02-15,enduring_preference,preference_for_companionship_during_outdoor_activities,,1,0,0,1,0,False,False,,
p4,test,mvu_dbdcc5b6f67f512e9d213eec,ME,p4_conv_3,6,2025-02-15,relationship_event,,occurred,1,0,0,1,0,False,False,,
p4,test,mvu_823875051ae7ef6e837fe34a,ME,p4_conv_3,6,2025-02-15,meaningful_experience,,ongoing_stage,1,0,0,1,0,False,False,,
p4,test,mvu_acdb8c45952eae6f3ce17b22,ME,p4_conv_3,6,2025-02-15,transient_state,,occurred,1,0,0,1,0,False,False,,
p4,test,mvu_8c2b9b8779c2ff65ad047fb2,ME,p4_conv_3,6,2025-02-15,coping_attempt,,ongoing_stage,1,0,0,1,0,False,False,,
p4,test,mvu_ba130698e112d465c4959f84,ME,p4_conv_3,6,2025-02-15,meaningful_experience,,ongoing_stage,1,0,0,1,0,False,False,,
p4,test,mvu_93eb5de82a6ff7aacada80c8,ME,p4_conv_3,6,2025-02-15,meaningful_experience,,ongoing_stage,1,0,0,1,0,False,False,,
p4,test,mvu_23128d6dfa3a53e9acbce897,ME,p4_conv_3,6,2025-02-15,meaningful_experience,,ongoing_stage,1,0,0,1,0,False,False,,
p4,test,mvu_36c4abd93f992a82e5d16371,ME,p4_conv_3,6,2025-02-15,transient_state,,occurred,1,0,0,1,0,False,False,,
p4,test,mvu_7996cfb87ae2704cadf05488,MP,esc508,7,2025-03-01,stable_relationship_role,education_status_and_timeline,,2,0,0,2,0,False,False,,
p4,test,mvu_813ca5743360c3160875b8a0,MP,esc508,7,2025-03-01,stable_relationship_role,romantic_relationship_coexistence_plan,,1,0,0,1,0,False,False,,
p4,test,mvu_855f6cd3d52df51f29c3f5dd,MP,esc508,7,2025-03-01,enduring_preference,geographic_preference_for_career_practice,,1,0,0,1,0,False,False,,
p4,test,mvu_6c4f858db931c615fc000abe,MP,esc508,7,2025-03-01,durable_boundary,flexibility_in_career_geographic_orientation,,1,0,0,1,0,False,False,,
p4,test,mvu_25c3ff67ef14c94b99cbbd6c,MP,esc508,7,2025-03-01,enduring_preference,communication_approach_to_relationship_conflict,,1,0,0,1,0,False,False,,
p4,test,mvu_79410ac5ef88b702902e2ed5,ME,esc508,7,2025-03-01,relationship_event,,ongoing_stage,3,0,0,3,0,False,False,,
p4,test,mvu_c88e845c8797fc27dc31aad7,ME,esc508,7,2025-03-01,coping_attempt,,occurred,1,0,0,1,0,False,False,,
p4,test,mvu_8ab05e9cca7eedfd5e028470,MP,p4_conv_4,8,2025-03-15,enduring_interest,interest_in_hiking_and_nature_activities,,1,0,0,1,0,False,False,,
p4,test,mvu_71f00c036d65ec1b688ada34,ME,p4_conv_4,8,2025-03-15,relationship_event,,occurred,2,0,0,2,0,False,False,,
p4,test,mvu_6eb6da3b2060f8ff4802e76c,ME,p4_conv_4,8,2025-03-15,coping_attempt,,ongoing_stage,3,0,0,3,0,False,False,,
p4,test,mvu_6f010c88dcc3f219404ca452,ME,p4_conv_4,8,2025-03-15,meaningful_experience,,occurred,1,0,0,1,0,False,False,,
p4,test,mvu_edcbfb9ee00c9320468dc6b7,MP,p4_conv_5,9,2025-03-17,stable_relationship_role,romantic_relationship_long_distance_consideration,,3,0,0,3,0,False,False,,
p4,test,mvu_e5d157294170a03173b679b3,ME,p4_conv_5,9,2025-03-17,relationship_event,,ongoing_stage,3,0,0,3,0,False,False,,
p4,test,mvu_065cbd844c92efd4a69790a9,ME,p4_conv_5,9,2025-03-17,support_experience,,occurred,1,0,0,1,0,False,False,,
p4,test,mvu_c6e9558dd71754eace9933ad,ME,p4_conv_5,9,2025-03-17,coping_attempt,,ongoing_stage,1,0,0,1,0,False,False,,
p4,test,mvu_effcc9149324c13083af04d9,ME,p4_conv_5,9,2025-03-17,meaningful_experience,,ongoing_stage,3,0,0,3,0,False,False,,
p4,test,mvu_baaa2f12da4e537f8cbd4584,MP,p4_conv_6,10,2025-03-20,stable_relationship_role,romantic_relationship_long_distance_consideration,,3,0,0,3,0,False,False,,
p4,test,mvu_6cb1b2d59d51eb63dd718470,MP,p4_conv_6,10,2025-03-20,enduring_preference,need_for_structured_planning_in_relationship_transitions,,1,0,0,1,0,False,False,,
p4,test,mvu_c67d6e925b19a794a0a7faec,ME,p4_conv_6,10,2025-03-20,relationship_event,,occurred,1,0,0,1,0,False,False,,
p4,test,mvu_43290041cde2a1bc10cf439d,ME,p4_conv_6,10,2025-03-20,coping_attempt,,ongoing_stage,1,0,0,1,0,False,False,,
p4,test,mvu_64a7e3f2754c44033751689e,ME,p4_conv_6,10,2025-03-20,meaningful_experience,,occurred,1,0,0,1,0,False,False,,
p4,test,mvu_4fe24bd20091e3695c1ab1cd,ME,p4_conv_7,11,2025-03-25,life_event,,occurred,1,0,0,1,0,False,False,,
p4,test,mvu_22a482254b553604e7cd6909,ME,p4_conv_7,11,2025-03-25,relationship_event,,ongoing_stage,1,0,0,1,0,False,False,,
p4,test,mvu_f3bdc655b976487e3b803fb3,ME,p4_conv_7,11,2025-03-25,coping_attempt,,occurred,1,0,0,1,0,False,False,,
p4,test,mvu_d64bf607b976fe4820d88fb5,ME,p4_conv_7,11,2025-03-25,support_experience,,occurred,1,0,0,1,0,False,False,,
p4,test,mvu_4fec8e24968b279e04cd0b03,ME,p4_conv_8,12,2025-03-28,relationship_event,,occurred,2,0,0,2,0,False,False,,
p4,test,mvu_5b0a87199658934293b9d014,ME,p4_conv_8,12,2025-03-28,coping_attempt,,occurred,1,0,0,1,0,False,False,,
p4,test,mvu_18edf7e2d1ec556e49d68a2a,ME,p4_conv_8,12,2025-03-28,coping_attempt,,occurred,1,0,0,1,0,False,False,,
p4,test,mvu_73f85eee3b1df38c0edd3999,ME,p4_conv_8,12,2025-03-28,transient_state,,ongoing_stage,1,0,0,1,0,False,False,,
p4,test,mvu_d82fc4bbb8363dc548e0b31a,MP,p4_conv_9,13,2025-04-02,stable_relationship_role,romantic_relationship_coexistence_plan,,3,0,0,3,0,False,False,,
p4,test,mvu_8be79c0edf2eaed50fd0b0be,MP,p4_conv_9,13,2025-04-02,durable_health_constraint,family_relationship_stress_trigger,,3,0,0,3,0,False,False,,
p4,test,mvu_8b241edc2f1df9f2208ca117,MP,p4_conv_9,13,2025-04-02,enduring_preference,coping_strategy_through_nature_activities,,2,0,0,2,0,False,False,,
p4,test,mvu_217bf63b7a2c8b943741a7db,ME,p4_conv_9,13,2025-04-02,relationship_event,,occurred,2,0,0,2,0,False,False,,
p4,test,mvu_8446ee59c09ccfb130cc1519,ME,p4_conv_9,13,2025-04-02,state_onset,,ongoing_stage,2,0,0,2,0,False,False,,
p4,test,mvu_f6162256e6a54224d59c2422,ME,p4_conv_9,13,2025-04-02,coping_attempt,,occurred,2,0,0,2,0,False,False,,
p4,test,mvu_63cc667a867f6d68c163d892,ME,p4_conv_9,13,2025-04-02,meaningful_experience,,occurred,1,0,0,1,0,False,False,,
p4,test,mvu_8499f2ba0316135d26c3029c,ME,p4_conv_9,13,2025-04-02,coping_attempt,,occurred,2,0,0,2,0,False,False,,
p4,test,mvu_644992f8998ca493639b5cf3,MP,p4_conv_10,14,2025-05-05,stable_relationship_role,romantic_relationship_status,,3,0,0,3,0,False,False,,
p4,test,mvu_651031e962c458ad3196cd5f,MP,p4_conv_10,14,2025-05-05,durable_health_constraint,family_relationship_stress_trigger,,3,0,0,3,0,False,False,,
p4,test,mvu_c1e7e78de4ae923d8d937b29,MP,p4_conv_10,14,2025-05-05,enduring_preference,coping_strategy_through_nature_activities,,2,0,0,2,0,False,False,,
p4,test,mvu_8c3516a10dd47758fb0cb993,ME,p4_conv_10,14,2025-05-05,relationship_event,,occurred,3,0,0,3,0,False,False,,
p4,test,mvu_f9dd5f26db954b6c55394295,ME,p4_conv_10,14,2025-05-05,coping_attempt,,ongoing_stage,1,0,0,1,0,False,False,,
p4,test,mvu_0c6d59ab76178ecfeb9400e5,ME,p4_conv_10,14,2025-05-05,support_experience,,ongoing_stage,2,0,0,2,0,False,False,,
p4,test,mvu_d7572423c83d5d5811c2b48c,ME,p4_conv_10,14,2025-05-05,state_onset,,occurred,3,0,0,3,0,False,False,,
p4,test,mvu_5f603adc075863233744187e,MP,p4_conv_11,15,2025-05-10,stable_relationship_role,romantic_relationship_status,,4,0,0,4,0,True,False,,
p4,test,mvu_615bcb773d38f2f340448a6a,ME,p4_conv_11,15,2025-05-10,relationship_event,,occurred,1,0,0,1,0,False,False,,
p4,test,mvu_0708f5ce7cb1819fd17950c9,ME,p4_conv_11,15,2025-05-10,meaningful_experience,,ongoing_stage,1,0,0,1,0,False,False,,
p4,test,mvu_32ea4b4566a37c3526339254,ME,p4_conv_11,15,2025-05-10,transient_state,,ongoing_stage,1,0,0,1,0,False,False,,
p4,test,mvu_f551670d918035ad01021593,MP,p4_conv_12,16,2025-05-15,stable_relationship_role,romantic_relationship_status,,1,0,0,1,0,True,False,,
p4,test,mvu_4b7573f314a26bb2ec1ce01e,MP,p4_conv_12,16,2025-05-15,durable_health_constraint,conflict_between_personal_desires_and_family_expectations,,1,0,0,1,0,False,False,,
p4,test,mvu_fa3d5511e2276fdb35dd7cc6,MP,p4_conv_12,16,2025-05-15,durable_health_constraint,fear_of_reopening_emotional_wounds,,1,0,0,1,0,False,False,,
p4,test,mvu_2339e2f8808d38da878071b7,MP,p4_conv_12,16,2025-05-15,enduring_preference,need_for_emotional_closure_in_relationship_endings,,1,0,0,1,0,False,False,,
p4,test,mvu_c48f03f528b179c39bc0656d,MP,p4_conv_12,16,2025-05-15,enduring_preference,use_of_writing_as_emotional_processing_tool,,1,0,0,1,0,False,False,,
p4,test,mvu_2967e28a88c4c64ea6dfcb59,ME,p4_conv_12,16,2025-05-15,meaningful_experience,,occurred,1,0,0,1,0,False,False,,
p4,test,mvu_02437ef3ee41ce9b535708be,ME,p4_conv_12,16,2025-05-15,transient_state,,ongoing_stage,1,0,0,1,0,False,False,,
p4,test,mvu_1d8a2ace5ddae093be95fdd5,ME,p4_conv_12,16,2025-05-15,state_onset,,occurred,1,0,0,1,0,False,False,,
p4,test,mvu_05d8854eb7bfc4ef76c007a0,ME,p4_conv_12,16,2025-05-15,coping_attempt,,occurred,1,0,0,1,0,False,False,,
p4,test,mvu_9d22f892d638fa3d889940f8,ME,p4_conv_12,16,2025-05-15,relationship_event,,occurred,1,0,0,1,0,False,False,,
p4,test,mvu_4afb1a84d1bcab334bf07404,MP,p4_conv_13,17,2025-05-20,stable_relationship_role,romantic_relationship_status,,3,0,0,3,0,True,False,,
p4,test,mvu_c3b5c320d3498eaa83abe5fe,MP,p4_conv_13,17,2025-05-20,enduring_preference,coping_strategy_through_nature_activities,,2,0,0,2,0,True,False,,
p4,test,mvu_ec9ddbe3fbac6213829c60c8,MP,p4_conv_13,17,2025-05-20,durable_health_constraint,family_relationship_stress_trigger,,2,0,0,2,0,True,False,,
p4,test,mvu_99edaa08780d1495a030013c,MP,p4_conv_13,17,2025-05-20,durable_health_constraint,conflict_between_personal_desires_and_family_expectations,,2,0,0,2,0,True,False,,
p4,test,mvu_a7120bea84ee485c4a2b683b,MP,p4_conv_13,17,2025-05-20,enduring_interest,interest_in_hiking_and_nature_activities,,2,0,0,2,0,True,False,,
p4,test,mvu_95a5fd23d58df59942c56948,MP,p4_conv_13,17,2025-05-20,stable_relationship_role,value_placed_on_long_term_friendships,,2,0,0,2,0,True,False,,
p4,test,mvu_21c52c6f82818b797b64a1cd,ME,p4_conv_13,17,2025-05-20,transient_state,,ongoing_stage,3,0,0,3,0,False,False,,
p4,test,mvu_436c18b17f6ab15eb493df74,ME,p4_conv_13,17,2025-05-20,coping_attempt,,occurred,2,0,0,2,0,False,False,,
p4,test,mvu_d9af9f6bff1cd81669cb147c,ME,p4_conv_13,17,2025-05-20,state_change,,occurred,3,0,0,3,0,False,False,,
p4,test,mvu_3fbcd91f33890162d2db458c,ME,p4_conv_13,17,2025-05-20,life_event,,occurred,1,0,0,1,0,False,False,,
p4,test,mvu_682599f37a984fa0e427217c,ME,p4_conv_13,17,2025-05-20,relationship_event,,occurred,3,0,0,3,0,False,False,,
p4,test,mvu_e6c9bfc13c8b4343cd3752bb,ME,p4_conv_14,18,2025-06-05,relationship_event,,occurred,1,0,0,1,0,False,False,,
p4,test,mvu_b800ca4bc05913aefb8bbcc4,ME,p4_conv_14,18,2025-06-05,life_event,,occurred,1,0,0,1,0,False,False,,
p4,test,mvu_fdc034635eea74248fe4d513,ME,p4_conv_14,18,2025-06-05,meaningful_experience,,occurred,1,0,0,1,0,False,False,,
p4,test,mvu_806c50ffeba73f02e1d43bf3,MP,p4_conv_15,19,2025-06-18,durable_health_constraint,family_health_concern_trigger,,1,0,0,1,0,False,False,,
p4,test,mvu_2d9ffb91a3446e8bbafb3d75,MP,p4_conv_15,19,2025-06-18,durable_health_constraint,guilt_related_to_family_neglect,,1,0,0,1,0,False,False,,
p4,test,mvu_f4abfb77f5bbeee89cfc2364,MP,p4_conv_15,19,2025-06-18,durable_health_constraint,fear_of_retriggering_family_conflict,,1,0,0,1,0,False,False,,
p4,test,mvu_5e23bdb4d252d436c4a6ebb2,MP,p4_conv_15,19,2025-06-18,enduring_preference,intention_to_reconnect_with_family_through_action,,1,0,0,1,0,False,False,,
p4,test,mvu_26c0d734a754b80c1af08444,MP,p4_conv_15,19,2025-06-18,enduring_preference,desire_for_non-confrontational_family_engagement,,1,0,0,1,0,False,False,,
p4,test,mvu_3e39df1970ceb798aec367f9,MP,p4_conv_15,19,2025-06-18,durable_health_constraint,fear_of_inadequate_amends_for_past_harm,,1,0,0,1,0,False,False,,
p4,test,mvu_a04fe2cd44c4b82fd975c05b,ME,p4_conv_15,19,2025-06-18,life_event,,occurred,1,0,0,1,0,False,False,,
p4,test,mvu_a682958d8551d95f86c6c881,ME,p4_conv_15,19,2025-06-18,meaningful_experience,,ongoing_stage,1,0,0,1,0,False,False,,
p4,test,mvu_be62f39660f32803bb4a7932,ME,p4_conv_15,19,2025-06-18,relationship_event,,ongoing_stage,1,0,0,1,0,False,False,,
p4,test,mvu_82a7bdff5d2814a69102d72f,ME,p4_conv_15,19,2025-06-18,coping_attempt,,occurred,2,0,0,2,0,False,False,,
p4,test,mvu_362a730679a5a154f1689019,MP,p4_conv_16,20,2025-07-05,durable_health_constraint,family_health_concern_trigger,,1,0,0,1,0,True,False,,
p4,test,mvu_573c6ded1390eb4ff1f1be3e,MP,p4_conv_16,20,2025-07-05,durable_health_constraint,conflict_between_personal_desires_and_family_expectations,,1,0,0,1,0,False,False,,
p4,test,mvu_de676addfa8bfa44cf40be91,MP,p4_conv_16,20,2025-07-05,enduring_preference,coping_strategy_through_nature_activities,,1,0,0,1,0,False,False,,
p4,test,mvu_1c0c5c8ecb57448374bcad8d,MP,p4_conv_16,20,2025-07-05,durable_health_constraint,guilt_related_to_family_neglect,,1,0,0,1,0,False,False,,
p4,test,mvu_2d2e9d23b5fc072a7b15778b,ME,p4_conv_16,20,2025-07-05,support_experience,,ongoing_stage,4,0,0,4,0,False,False,,
p4,test,mvu_865767025ae8609a41fbe961,ME,p4_conv_16,20,2025-07-05,transient_state,,ongoing_stage,1,0,0,1,0,False,False,,
p4,test,mvu_0f663753b497cd15c4860bdd,ME,p4_conv_16,20,2025-07-05,coping_attempt,,ongoing_stage,2,0,0,2,0,False,False,,
p4,test,mvu_221096df1b57eccd9926a60e,ME,p4_conv_16,20,2025-07-05,meaningful_experience,,ongoing_stage,1,0,0,1,0,False,False,,
p4,test,mvu_031bbd36d4159a9ab6e9f3b9,MP,p4_conv_17,21,2025-07-12,durable_health_constraint,conflict_between_personal_desires_and_family_expectations,,1,0,0,1,0,False,False,,
p4,test,mvu_bf7d72bfee21ec32a93afd18,MP,p4_conv_17,21,2025-07-12,enduring_preference,use_of_nature_for_emotional_clarity,,1,0,0,1,0,False,False,,
p4,test,mvu_4c0ae65c20758e582c0d9c52,MP,p4_conv_17,21,2025-07-12,enduring_preference,growth_mindset_toward_past_relationships,,1,0,0,1,0,False,False,,
p4,test,mvu_bf41ee513e8ada9cf6d16b18,ME,p4_conv_17,21,2025-07-12,meaningful_experience,,occurred,1,0,0,1,0,False,False,,
p4,test,mvu_9a26c0ec1c6022a14ae54efa,ME,p4_conv_17,21,2025-07-12,state_change,,occurred,1,0,0,1,0,False,False,,
p4,test,mvu_1061f614d5d244ae18e8e5fb,ME,p4_conv_17,21,2025-07-12,coping_attempt,,ongoing_stage,1,0,0,1,0,False,False,,
p4,test,mvu_722f1a29b2377b51c60de328,ME,p4_conv_17,21,2025-07-12,support_experience,,occurred,1,0,0,1,0,False,False,,
p5,train,mvu_23cafcb6d03de5b843a451b2,MP,esc62,0,2024-05-01,occupation,current_employment_status,,4,0,0,4,0,False,False,,
p5,train,mvu_59280f2d270a4625035f87d6,ME,esc62,0,2024-05-01,life_event,,occurred,1,0,0,1,0,False,False,,
p5,train,mvu_1419fffcf5ff058aad5e1c4d,ME,esc62,0,2024-05-01,state_onset,,occurred,2,0,0,2,0,False,False,,
p5,train,mvu_69773bd13e8280238c6afb32,ME,esc62,0,2024-05-01,coping_attempt,,occurred,1,0,0,1,0,False,False,,
p5,train,mvu_f668255246423fdfaefb91dc,ME,esc62,0,2024-05-01,coping_attempt,,ongoing_stage,1,0,0,1,0,False,False,,
p5,train,mvu_85f1fe0e5adbc89e4942a41b,ME,esc968,1,2024-06-10,relationship_event,,occurred,2,0,0,2,0,False,False,,
p5,train,mvu_17dd1c266aa407f027f7cfd3,ME,esc968,1,2024-06-10,coping_attempt,,occurred,1,0,0,1,0,False,False,,
p5,train,mvu_7b6ae5821fe24b566642315f,MP,esc652,2,2024-06-16,occupation,current_employment_status,,2,0,0,2,0,False,False,,
p5,train,mvu_4108f44f91639405ddf96d92,MP,esc652,2,2024-06-16,stable_relationship_role,stable_relationship_role,,1,0,0,1,0,False,False,,
p5,train,mvu_2db88c605a8f16944a1d2521,MP,esc652,2,2024-06-16,occupation,spouse_employment_status,,1,0,0,1,0,False,False,,
p5,train,mvu_ca2397bf456b504afaa2b4be,MP,esc652,2,2024-06-16,durable_boundary,financial_situation,,1,0,0,1,0,False,False,,
p5,train,mvu_6c7272019db099d2957826e6,MP,esc652,2,2024-06-16,enduring_interest,interest_in_low_cost_anxiety_coping_methods,,2,0,0,2,0,False,False,,
p5,train,mvu_5cd6b4d32b77ad9a67b317bc,ME,esc652,2,2024-06-16,life_event,,occurred,1,0,0,1,0,False,False,,
p5,train,mvu_c639c0a38188180fa7d1765e,ME,esc652,2,2024-06-16,relationship_event,,occurred,1,0,0,1,0,False,False,,
p5,train,mvu_89d36d9632fafb519194490c,ME,esc652,2,2024-06-16,coping_attempt,,ongoing_stage,1,0,0,1,0,False,False,,
p5,train,mvu_f78479d42ec1bd27c6102deb,ME,esc652,2,2024-06-16,coping_attempt,,ongoing_stage,2,0,0,2,0,False,False,,
p5,train,mvu_c96254f831c1fa92c5fda05a,MP,esc1013,3,2024-10-01,durable_health_constraint,dependent_child_health_condition,,1,0,0,1,0,False,False,,
p5,train,mvu_61d62dd5f073b1207fbe7067,ME,esc1013,3,2024-10-01,state_onset,,ongoing_stage,1,0,0,1,0,False,False,,
p5,train,mvu_c883156b2a56388ccd628a0e,ME,esc1013,3,2024-10-01,transient_state,,ongoing_stage,1,0,0,1,0,False,False,,
p5,train,mvu_7144b6c027e3501342f3892a,ME,esc1013,3,2024-10-01,meaningful_experience,,occurred,1,0,0,1,0,False,False,,
p5,train,mvu_3e09f96887155f111ab0be54,MP,p5_conv_1,4,2024-10-15,durable_health_constraint,dependent_child_health_condition,,1,0,0,1,0,True,True,citation_partial,suppress_unsupported_new_version_without_automatic_fallback
p5,train,mvu_434ff7f28be7fdbb51f8606a,MP,p5_conv_1,4,2024-10-15,enduring_interest,interest_in_physical_activity_for_stress_relief,,1,0,0,1,0,False,False,,
p5,train,mvu_55599ad43297d66beff4df64,ME,p5_conv_1,4,2024-10-15,life_event,,occurred,1,0,0,1,0,False,False,,
p5,train,mvu_792988b9a328d82f53788a2d,ME,p5_conv_1,4,2024-10-15,meaningful_experience,,ongoing_stage,1,0,0,1,0,False,False,,
p5,train,mvu_a9e2b3c431b1815264f59610,ME,p5_conv_1,4,2024-10-15,support_experience,,ongoing_stage,2,0,0,2,0,False,False,,
p5,train,mvu_f67fb0b9bef7bcd77fc4e5d8,ME,p5_conv_1,4,2024-10-15,relationship_event,,ongoing_stage,1,0,0,1,0,False,False,,
p5,train,mvu_b923e9da500c40587cd233e0,ME,p5_conv_2,5,2024-11-18,relationship_event,,occurred,2,0,0,2,0,False,False,,
p5,train,mvu_bfdbf85c85b897a262b34874,ME,p5_conv_2,5,2024-11-18,meaningful_experience,,occurred,2,0,0,2,0,False,False,,
p5,train,mvu_a821aa7b653523271fa67e32,ME,p5_conv_2,5,2024-11-18,coping_attempt,,occurred,2,0,0,2,0,False,False,,
p5,train,mvu_afc05410146295cb199966fc,ME,p5_conv_2,5,2024-11-18,state_onset,,occurred,2,0,0,2,0,False,False,,
p5,train,mvu_d74e00ab7040aaa1be127452,ME,p5_conv_3,6,2024-12-05,life_event,,occurred,2,0,0,2,0,False,False,,
p5,train,mvu_a22b2924683e0809fff47bac,ME,p5_conv_3,6,2024-12-05,life_event,,occurred,1,0,0,1,0,False,False,,
p5,train,mvu_bc63b011d187b1cb088aad40,ME,p5_conv_3,6,2024-12-05,relationship_event,,ongoing_stage,2,0,0,2,0,False,False,,
p5,train,mvu_8c1ab4b8f663f3a2e39dffa6,ME,p5_conv_3,6,2024-12-05,meaningful_experience,,occurred,1,0,0,1,0,False,False,,
p5,train,mvu_150f33eca638f12ae0c84c86,MP,p5_conv_4,7,2025-01-15,occupation,spouse_employment_status,,1,0,0,1,0,False,False,,
p5,train,mvu_0bdfd11971dd49053ff85c13,MP,p5_conv_4,7,2025-01-15,durable_health_constraint,dependent_child_health_condition,,1,0,0,1,0,True,True,citation_partial,suppress_unsupported_new_version_without_automatic_fallback
p5,train,mvu_94d4b2cfd565aa0c0082dead,ME,p5_conv_4,7,2025-01-15,relationship_event,,ongoing_stage,1,0,0,1,0,False,False,,
p5,train,mvu_153242d1cdd6d7fec9401663,ME,p5_conv_4,7,2025-01-15,coping_attempt,,occurred,1,0,0,1,0,False,False,,
p5,train,mvu_5d6eaf34f69a954d8a0088ae,ME,p5_conv_4,7,2025-01-15,meaningful_experience,,ongoing_stage,1,0,0,1,0,False,False,,
p5,train,mvu_fb44941ac8f1a0bea49e35d6,ME,p5_conv_4,7,2025-01-15,life_event,,occurred,1,0,0,1,0,False,False,,
p5,train,mvu_d00841c9c1e7cbe9b55a0642,ME,p5_conv_4,7,2025-01-15,state_onset,,occurred,1,0,0,1,0,False,False,,
p5,train,mvu_6915841f4dfe1c28881e8e4a,MP,p5_conv_5,8,2025-02-10,occupation,current_employment_status,,2,0,0,2,0,False,False,,
p5,train,mvu_b9a0b5914eb9e0822ddbe1c6,ME,p5_conv_5,8,2025-02-10,life_event,,occurred,1,0,0,1,0,False,False,,
p5,train,mvu_90eeabf8690c8310bcdee173,ME,p5_conv_5,8,2025-02-10,relationship_event,,occurred,1,0,0,1,0,False,False,,
p5,train,mvu_ce417cf945b17534d51dcb9c,ME,p5_conv_5,8,2025-02-10,meaningful_experience,,occurred,2,0,0,2,0,False,False,,
p5,train,mvu_7e21393c5630e9b84bdbc14d,ME,p5_conv_6,9,2025-03-10,life_event,,occurred,1,0,0,1,0,False,False,,
p5,train,mvu_d9cb0d8caacf4e2e3762ef3f,ME,p5_conv_6,9,2025-03-10,relationship_event,,occurred,1,0,0,1,0,False,False,,
p5,train,mvu_cca5aa39b0290c55bf408636,ME,p5_conv_6,9,2025-03-10,state_onset,,occurred,1,0,0,1,0,False,False,,
p5,train,mvu_d0fdd07642e8ccd3dc8e1742,ME,p5_conv_6,9,2025-03-10,life_event,,ongoing_stage,1,0,0,1,0,False,False,,
p5,train,mvu_b9c527a6ef7e8669c5cab9e1,MP,p5_conv_7,10,2025-04-05,durable_health_constraint,dependent_child_health_condition,,1,0,0,1,0,True,False,,
p5,train,mvu_64285bd5fac9496e66f6126f,MP,p5_conv_7,10,2025-04-05,durable_boundary,financial_situation,,1,0,0,1,0,True,False,,
p5,train,mvu_dbd13918eb7a0f220ae3ad89,MP,p5_conv_7,10,2025-04-05,enduring_interest,interest_in_meaningful_use_of_inheritance,,1,0,0,1,0,False,False,,
p5,train,mvu_4d37c9ef9760bf5b7bb18ee3,ME,p5_conv_7,10,2025-04-05,life_event,,occurred,1,0,0,1,0,False,False,,
p5,train,mvu_e94ce8c6a02f4ae5869e0302,ME,p5_conv_7,10,2025-04-05,meaningful_experience,,occurred,1,0,0,1,0,False,False,,
p5,train,mvu_bc5160586858233309603c6b,ME,p5_conv_7,10,2025-04-05,relationship_event,,occurred,1,0,0,1,0,False,False,,
p5,train,mvu_8146c02470c0da833a19f7d6,ME,p5_conv_7,10,2025-04-05,support_experience,,occurred,1,0,0,1,0,False,False,,
p5,train,mvu_c064f9ea5a517d9427e1e97a,ME,p5_conv_7,10,2025-04-05,coping_attempt,,ongoing_stage,1,0,0,1,0,False,False,,
p5,train,mvu_cbe3f1f8491cf1ae9e5d0f63,MP,p5_conv_8,11,2025-04-20,durable_health_constraint,dependent_child_health_condition,,1,0,0,1,0,True,False,,
p5,train,mvu_5359f6128905774b11171470,MP,p5_conv_8,11,2025-04-20,stable_relationship_role,spouse_supportive_role,,1,0,0,1,0,False,False,,
p5,train,mvu_da1c83660a1cb6d3f3b84412,MP,p5_conv_8,11,2025-04-20,occupation,current_employment_status,,1,0,0,1,0,True,False,,
p5,train,mvu_8beb00dc58a939f34554bf93,ME,p5_conv_8,11,2025-04-20,meaningful_experience,,ongoing_stage,1,0,0,1,0,False,False,,
p5,train,mvu_53d7d4b756cd8626fa6bd94f,ME,p5_conv_8,11,2025-04-20,relationship_event,,ongoing_stage,1,0,0,1,0,False,False,,
p5,train,mvu_e372a13348f47a045191fdd7,ME,p5_conv_8,11,2025-04-20,support_experience,,ongoing_stage,1,0,0,1,0,False,False,,
p5,train,mvu_d34d5fd471e09aa432456904,ME,p5_conv_9,12,2025-05-15,state_change,,occurred,1,0,0,1,0,False,False,,
p5,train,mvu_3cf1560a9aaf5a338c5cbc67,ME,p5_conv_9,12,2025-05-15,meaningful_experience,,ongoing_stage,2,0,0,2,0,False,False,,
p5,train,mvu_4a7e570d688827ca6ad4485e,ME,p5_conv_9,12,2025-05-15,coping_attempt,,occurred,1,0,0,1,0,False,False,,
p5,train,mvu_087e75801674c66182d888a6,MP,p5_conv_10,13,2025-07-18,occupation,current_employment_status,,1,0,0,1,0,False,False,,
p5,train,mvu_3a1450828a895d6ca5b60204,MP,p5_conv_10,13,2025-07-18,stable_relationship_role,spouse_supportive_role,,1,0,0,1,0,False,False,,
p5,train,mvu_a26dc555a8aa96d1efd14e92,MP,p5_conv_10,13,2025-07-18,enduring_interest,interest_in_family_gardening_for_emotional_connection,,2,0,0,2,0,False,False,,
p5,train,mvu_257e1e9c4057346a7cacc129,ME,p5_conv_10,13,2025-07-18,meaningful_experience,,occurred,2,0,0,2,0,False,False,,
p5,train,mvu_00565073158e356435c30cba,ME,p5_conv_10,13,2025-07-18,coping_attempt,,ongoing_stage,1,0,0,1,0,False,False,,
p5,train,mvu_bf6be617a3ce6f93e44deea7,ME,p5_conv_10,13,2025-07-18,state_change,,occurred,1,0,0,1,0,False,False,,
p5,train,mvu_4b3ad155225430f153034237,MP,p5_conv_11,14,2025-08-10,enduring_interest,interest_in_creating_positive_family_memories,,3,0,0,3,0,False,False,,
p5,train,mvu_146246f721621bc5f0f2b8b0,ME,p5_conv_11,14,2025-08-10,meaningful_experience,,occurred,1,0,0,1,0,False,False,,
p5,train,mvu_81aa95c6ec9a1ac4430ebf5f,ME,p5_conv_11,14,2025-08-10,meaningful_experience,,occurred,1,0,0,1,0,False,False,,
p5,train,mvu_8314d7e7c44222d228606d55,ME,p5_conv_11,14,2025-08-10,support_experience,,occurred,1,0,0,1,0,False,False,,
p5,train,mvu_5be111c4a5e9050a1679df56,ME,p5_conv_12,15,2025-09-01,relationship_event,,occurred,1,0,0,1,0,False,False,,
p5,train,mvu_fb25c57c45811bba2ea93ea5,ME,p5_conv_12,15,2025-09-01,meaningful_experience,,occurred,1,0,0,1,0,False,False,,
p5,train,mvu_bc3b9df7aee4071c16b2ebdf,ME,p5_conv_12,15,2025-09-01,state_change,,occurred,1,0,0,1,0,False,False,,
p5,train,mvu_5c7fff1ab9108ea23aa6fe2a,ME,p5_conv_12,15,2025-09-01,coping_attempt,,ongoing_stage,1,0,0,1,0,False,False,,
p5,train,mvu_6f2a6593cfa8e09361ecb8c3,ME,p5_conv_12,15,2025-09-01,meaningful_experience,,ongoing_stage,1,0,0,1,0,False,False,,
p5,train,mvu_b0f5f9778659b5c93bb1db06,ME,p5_conv_13,16,2025-09-15,relationship_event,,occurred,2,0,0,2,0,False,False,,
p5,train,mvu_fd3db5891524198aae89abba,ME,p5_conv_13,16,2025-09-15,meaningful_experience,,occurred,3,0,0,3,0,False,False,,
p5,train,mvu_6c78c7c2c9ac1ddb7ed7cef6,ME,p5_conv_13,16,2025-09-15,state_change,,occurred,2,0,0,2,0,False,False,,
p5,train,mvu_226fd89656adeb02e7189047,ME,p5_conv_14,17,2025-09-30,state_change,,occurred,1,0,0,1,0,False,False,,
p5,train,mvu_ef026ae9910f6776b0d5ca50,ME,p5_conv_14,17,2025-09-30,transient_state,,occurred,1,0,0,1,0,False,False,,
p5,train,mvu_17bc30999aee092a61b44d0c,ME,p5_conv_14,17,2025-09-30,life_event,,occurred,1,0,0,1,0,False,False,,
p5,train,mvu_44b57f168804f90a5237c8bc,ME,p5_conv_14,17,2025-09-30,meaningful_experience,,occurred,1,0,0,1,0,False,False,,
p5,train,mvu_c49b5c2b3257155fa84ad498,ME,p5_conv_14,17,2025-09-30,relationship_event,,occurred,1,0,0,1,0,False,False,,
p5,train,mvu_58b2d75b8b48c7d68984425d,ME,p5_conv_14,17,2025-09-30,state_onset,,occurred,1,0,0,1,0,False,False,,
p5,train,mvu_196892747ebe8ea0f2c0f2c9,ME,p5_conv_15,18,2025-10-05,state_change,,occurred,2,0,0,2,0,False,False,,
p5,train,mvu_c3648a4d5082c06a5a5dde76,ME,p5_conv_15,18,2025-10-05,meaningful_experience,,occurred,2,0,0,2,0,False,False,,
p5,train,mvu_88ff8dd56820d37541917fb0,ME,p5_conv_15,18,2025-10-05,meaningful_experience,,ongoing_stage,2,0,0,2,0,False,False,,
p5,train,mvu_2a0295aca151cbbae4965c4f,ME,p5_conv_15,18,2025-10-05,support_experience,,occurred,1,0,0,1,0,False,False,,
p5,train,mvu_5eedd1a548dd9e9c78af9ab6,MP,p5_conv_16,19,2025-11-05,enduring_interest,interest_in_family_pet_for_emotional_support,,3,0,0,3,0,False,False,,
p5,train,mvu_fd8e69150e7169076ede2dec,ME,p5_conv_16,19,2025-11-05,relationship_event,,occurred,2,0,0,2,0,False,False,,
p5,train,mvu_2cbddd5c23058e7f4d4f0cc6,ME,p5_conv_16,19,2025-11-05,meaningful_experience,,occurred,1,0,0,1,0,False,False,,
p6,train,mvu_f09eb19ce38967510243a51c,MP,esc140,0,2024-06-11,stable_relationship_role,current_partner_status,,1,0,0,1,0,False,False,,
p6,train,mvu_e0774690dae61cee19748377,ME,esc140,0,2024-06-11,relationship_event,,occurred,1,0,0,1,0,False,False,,
p6,train,mvu_d2509ada965d2e36c5350d8d,ME,esc140,0,2024-06-11,life_event,,occurred,1,0,0,1,0,False,False,,
p6,train,mvu_693cfa9ffb50fea57fc104a3,ME,esc140,0,2024-06-11,relationship_event,,occurred,1,0,0,1,0,False,False,,
p6,train,mvu_bc8fb6d6644254e1459ce709,MP,esc1121,1,2024-09-01,stable_relationship_role,current_partner_status,,3,0,0,3,0,False,False,,
p6,train,mvu_95e083da7d3ae61baf025dee,MP,esc1121,1,2024-09-01,enduring_preference,marriage_timeline_importance,,1,0,0,1,0,False,False,,
p6,train,mvu_63a27fe6161cd10a16147a55,MP,esc1121,1,2024-09-01,durable_health_constraint,germaphobe,,1,0,0,1,0,False,False,,
p6,train,mvu_73e5369c8c8b004e70a637da,MP,esc1121,1,2024-09-01,stable_relationship_role,best_friend_status,,2,0,0,2,0,False,False,,
p6,train,mvu_8c8e91ea3b94245dfa6f3290,ME,esc1121,1,2024-09-01,relationship_event,,occurred,2,0,0,2,0,False,False,,
p6,train,mvu_8813b2ae9ee50fd000a1e1a3,ME,esc1121,1,2024-09-01,meaningful_experience,,occurred,1,0,0,1,0,False,False,,
p6,train,mvu_98089b87315c41a3b234c1c0,ME,esc1121,1,2024-09-01,relationship_event,,occurred,1,0,0,1,0,False,False,,
p6,train,mvu_9e9cc7b31a964bdc2386f020,ME,esc1121,1,2024-09-01,transient_state,,occurred,2,0,0,2,0,False,False,,
p6,train,mvu_aa8e67e40d6140b23814fda9,ME,esc1121,1,2024-09-01,meaningful_experience,,occurred,1,0,0,1,0,False,False,,
p6,train,mvu_aefb8c6f753aaa7e16a67b43,ME,esc1121,1,2024-09-01,state_onset,,occurred,2,0,0,2,0,False,False,,
p6,train,mvu_423237910f3cfb2b6f413d5b,ME,esc1121,1,2024-09-01,support_experience,,occurred,1,0,0,1,0,False,False,,
p6,train,mvu_43016903f29d0518fc700f30,ME,esc1121,1,2024-09-01,life_event,,ongoing_stage,2,0,0,2,0,False,False,,
p6,train,mvu_332ab461236b4c69140cf543,ME,esc1121,1,2024-09-01,relationship_event,,occurred,1,0,0,1,0,False,False,,
p6,train,mvu_f2efb6f2a8d6daec34c79e3c,ME,esc1121,1,2024-09-01,meaningful_experience,,occurred,1,0,0,1,0,False,False,,
p6,train,mvu_09210f69afdfd71ee24771ea,ME,esc717,2,2024-09-15,relationship_event,,occurred,1,0,0,1,0,False,False,,
p6,train,mvu_6f6780dda67f45370fba5936,ME,esc717,2,2024-09-15,coping_attempt,,occurred,1,0,0,1,0,False,False,,
p6,train,mvu_05cc8674c940986aab495d8f,ME,esc717,2,2024-09-15,support_experience,,occurred,1,0,0,1,0,False,False,,
p6,train,mvu_45d1b7d87ae9b42ac9766a87,MP,esc858,3,2024-10-05,stable_relationship_role,close_friend_status,,1,0,0,1,0,False,False,,
p6,train,mvu_c4a9d722455a35485a65fb43,MP,esc858,3,2024-10-05,durable_health_constraint,financial_burden_impact,,1,0,0,1,0,False,False,,
p6,train,mvu_c2dcfde1eed79bfaff5ed186,ME,esc858,3,2024-10-05,relationship_event,,occurred,2,0,0,2,0,False,False,,
p6,train,mvu_1f167de19baf5a12ddd72a84,ME,esc858,3,2024-10-05,life_event,,occurred,1,0,0,1,0,False,False,,
p6,train,mvu_7ccef947d9b57ed9567f3098,ME,esc858,3,2024-10-05,relationship_event,,occurred,1,0,0,1,0,False,False,,
p6,train,mvu_8298eb78b6abdacb82361ac8,ME,esc858,3,2024-10-05,coping_attempt,,occurred,1,0,0,1,0,False,False,,
p6,train,mvu_212337fbada0f242d21dc23a,ME,p6_conv_1,4,2024-10-15,relationship_event,,occurred,2,0,0,2,0,False,False,,
p6,train,mvu_8cedbcf7c288e7b811427461,ME,p6_conv_1,4,2024-10-15,coping_attempt,,occurred,1,0,0,1,0,False,False,,
p6,train,mvu_ec77f66e8c1808cb440434c3,ME,p6_conv_1,4,2024-10-15,coping_attempt,,ongoing_stage,2,0,0,2,0,False,False,,
p6,train,mvu_7c1131198e7eb9e55821057f,ME,p6_conv_1,4,2024-10-15,meaningful_experience,,occurred,2,0,0,2,0,False,False,,
p6,train,mvu_faf2a14316587ea0939c05fc,ME,p6_conv_2,5,2024-10-20,life_event,,occurred,1,0,0,1,0,False,False,,
p6,train,mvu_758ddf9667398a28b0b914cd,ME,p6_conv_2,5,2024-10-20,coping_attempt,,ongoing_stage,1,0,0,1,0,False,False,,
p6,train,mvu_7b3cc9092605047096dd749f,ME,p6_conv_2,5,2024-10-20,coping_attempt,,occurred,2,0,0,2,0,False,False,,
p6,train,mvu_83bac3ac37424dbca4b61f3c,ME,p6_conv_2,5,2024-10-20,transient_state,,ongoing_stage,2,0,0,2,0,False,False,,
p6,train,mvu_254dd54a41870037aef1e665,ME,p6_conv_3,6,2024-10-28,coping_attempt,,occurred,4,0,0,4,0,False,False,,
p6,train,mvu_10256b2dbed57e75328e215e,ME,p6_conv_3,6,2024-10-28,transient_state,,ongoing_stage,2,0,0,2,0,False,False,,
p6,train,mvu_91fef09fb0235832b33a5772,MP,esc660,7,2024-11-01,occupation,occupation_status,,1,0,0,1,0,False,False,,
p6,train,mvu_ede562df99887294baa35a87,ME,esc660,7,2024-11-01,coping_attempt,,occurred,1,0,0,1,0,False,False,,
p6,train,mvu_4915a67d5f887bca7b24dea6,ME,esc660,7,2024-11-01,coping_attempt,,occurred,1,0,0,1,0,False,False,,
p6,train,mvu_29ad1eac156cc6bd0ff51e53,ME,p6_conv_4,8,2024-11-05,relationship_event,,occurred,1,0,0,1,0,False,False,,
p6,train,mvu_300d8d746d417b14e352cea3,ME,p6_conv_4,8,2024-11-05,coping_attempt,,ongoing_stage,1,0,0,1,0,False,False,,
p6,train,mvu_c6ffd760225fb46d59cd113c,ME,p6_conv_4,8,2024-11-05,support_experience,,ongoing_stage,1,0,0,1,0,False,False,,
p6,train,mvu_a169ad14ea5c06bb4ddb77d9,MP,p6_conv_5,9,2024-11-15,stable_relationship_role,best_friend_status,,1,0,0,1,0,True,True,citation_unrelated,suppress_unsupported_new_version_without_automatic_fallback
p6,train,mvu_034e83e13ea5e3719d96d5bb,MP,p6_conv_5,9,2024-11-15,stable_relationship_role,close_friend_status,,1,0,0,1,0,True,True,citation_conflicts_with_current_slot,suppress_unsupported_new_version_without_automatic_fallback
p6,train,mvu_9598d71052951a11376d0afb,MP,p6_conv_5,9,2024-11-15,stable_relationship_role,current_partner_status,,1,0,0,1,0,True,True,citation_unrelated,suppress_unsupported_new_version_without_automatic_fallback
p6,train,mvu_8e52e728cededb7e178f2add,MP,p6_conv_5,9,2024-11-15,durable_health_constraint,financial_burden_impact,,1,0,0,1,0,True,True,citation_partial,suppress_unsupported_new_version_without_automatic_fallback
p6,train,mvu_7620f86390355ef72d1cfa46,MP,p6_conv_5,9,2024-11-15,enduring_preference,marriage_timeline_importance,,1,0,0,1,0,True,True,citation_unrelated,suppress_unsupported_new_version_without_automatic_fallback
p6,train,mvu_368f4a60fb728367d5d39ae1,ME,p6_conv_5,9,2024-11-15,transient_state,,ongoing_stage,1,0,0,1,0,False,False,,
p6,train,mvu_979e09df7aa81f1f89972f14,ME,p6_conv_5,9,2024-11-15,relationship_event,,occurred,2,0,0,2,0,False,False,,
p6,train,mvu_4d75b385a3ee2fd2fcb07b5e,ME,p6_conv_5,9,2024-11-15,coping_attempt,,ongoing_stage,1,0,0,1,0,False,False,,
p6,train,mvu_71c3118b1468757c1724c0c4,ME,p6_conv_5,9,2024-11-15,coping_attempt,,ongoing_stage,1,0,0,1,0,False,False,,
p6,train,mvu_0040da0153b7db71ce931a72,MP,p6_conv_6,10,2024-12-10,durable_health_constraint,financial_burden_impact,,1,0,0,1,0,False,False,,
p6,train,mvu_607404cb909d46b56d35651d,MP,p6_conv_6,10,2024-12-10,occupation,occupation_status,,1,0,0,1,0,False,False,,
p6,train,mvu_c21eddeda93dba7f217ac086,ME,p6_conv_6,10,2024-12-10,life_event,,occurred,1,0,0,1,0,False,False,,
p6,train,mvu_096975dc155bb1ab3669602e,ME,p6_conv_6,10,2024-12-10,coping_attempt,,ongoing_stage,1,0,0,1,0,False,False,,
p6,train,mvu_66229afe9cabcb30cdac6cb2,ME,p6_conv_7,11,2025-01-10,coping_attempt,,occurred,1,0,0,1,0,False,False,,
p6,train,mvu_756147e18fd9f49f9848a199,ME,p6_conv_7,11,2025-01-10,meaningful_experience,,occurred,2,0,0,2,0,False,False,,
p6,train,mvu_422cbec25b99540544a863c2,ME,p6_conv_7,11,2025-01-10,state_onset,,occurred,1,0,0,1,0,False,False,,
p6,train,mvu_adb9860af56593b528814065,ME,p6_conv_7,11,2025-01-10,life_event,,occurred,1,0,0,1,0,False,False,,
p6,train,mvu_5bc5223f59767e2d67ca7295,ME,p6_conv_7,11,2025-01-10,relationship_event,,occurred,1,0,0,1,0,False,False,,
p6,train,mvu_c6bb766816044ad8c7720c57,ME,p6_conv_7,11,2025-01-10,coping_attempt,,ongoing_stage,2,0,0,2,0,False,False,,
p6,train,mvu_8879433984f5dde8ac20833b,MP,p6_conv_8,12,2025-01-15,stable_relationship_role,sibling_relationship_status,,1,0,0,1,0,False,False,,
p6,train,mvu_7cc9a0e1aec3313e1dc9777d,ME,p6_conv_8,12,2025-01-15,life_event,,occurred,1,0,0,1,0,False,False,,
p6,train,mvu_0d2e69393d9f95e93ab3ea55,ME,p6_conv_8,12,2025-01-15,meaningful_experience,,ongoing_stage,1,0,0,1,0,False,False,,
p6,train,mvu_2e6c4d0ab19c175e84ef2b27,ME,p6_conv_8,12,2025-01-15,coping_attempt,,ongoing_stage,1,0,0,1,0,False,False,,
p6,train,mvu_1299295bdaa6f310fb62bcbb,ME,p6_conv_8,12,2025-01-15,coping_attempt,,occurred,1,0,0,1,0,False,False,,
p6,train,mvu_c97d7046075ba2038727b98b,ME,p6_conv_9,13,2025-03-15,relationship_event,,occurred,3,0,0,3,0,False,False,,
p6,train,mvu_312a443f6d0377c78b96152f,ME,p6_conv_9,13,2025-03-15,coping_attempt,,occurred,1,0,0,1,0,False,False,,
p6,train,mvu_3b39f4338a6079c82c994ead,ME,p6_conv_9,13,2025-03-15,meaningful_experience,,ongoing_stage,3,0,0,3,0,False,False,,
p6,train,mvu_b3b8b4a477d188145eb008b1,ME,p6_conv_9,13,2025-03-15,relationship_event,,ongoing_stage,2,0,0,2,0,False,False,,
p6,train,mvu_9f2af04b71be7f5d97b8232c,MP,p6_conv_10,14,2025-03-20,stable_relationship_role,sibling_relationship_status,,5,0,0,5,0,False,False,,
p6,train,mvu_67fa76591a34fb78a7d2f9f1,ME,p6_conv_10,14,2025-03-20,relationship_event,,occurred,4,0,0,4,0,False,False,,
p6,train,mvu_4c6a7f862d836324e6586705,ME,p6_conv_10,14,2025-03-20,coping_attempt,,ongoing_stage,2,0,0,2,0,False,False,,
p6,train,mvu_2e4e35e1bb77504e4b526145,ME,p6_conv_10,14,2025-03-20,coping_attempt,,ongoing_stage,1,0,0,1,0,False,False,,
p6,train,mvu_2dc0f3db6d530f77c7b01e93,ME,p6_conv_10,14,2025-03-20,meaningful_experience,,occurred,1,0,0,1,0,False,False,,
p6,train,mvu_9dfd1833f746e23bf1570a9f,MP,p6_conv_11,15,2025-04-05,stable_relationship_role,sibling_relationship_status,,1,0,0,1,0,True,False,,
p6,train,mvu_91bfab2ba48a34e4cd9b695e,ME,p6_conv_11,15,2025-04-05,meaningful_experience,,occurred,2,0,0,2,0,False,False,,
p6,train,mvu_812237c5236cc4df67ac4999,ME,p6_conv_11,15,2025-04-05,coping_attempt,,ongoing_stage,1,0,0,1,0,False,False,,
p6,train,mvu_eabb6dc38e0ef0f420272031,ME,p6_conv_11,15,2025-04-05,transient_state,,occurred,3,0,0,3,0,False,False,,
p6,train,mvu_acfbdf78f78800a1e315161e,ME,p6_conv_11,15,2025-04-05,state_change,,occurred,1,0,0,1,0,False,False,,
p6,train,mvu_71bfcd357fce033468bc845e,ME,p6_conv_12,16,2025-05-01,relationship_event,,occurred,1,0,0,1,0,False,False,,
p6,train,mvu_ed7b4c471ddffe24606d12fb,ME,p6_conv_12,16,2025-05-01,meaningful_experience,,occurred,1,0,0,1,0,False,False,,
p6,train,mvu_c87be01fe7a313f4bd253c2b,ME,p6_conv_12,16,2025-05-01,coping_attempt,,ongoing_stage,1,0,0,1,0,False,False,,
p6,train,mvu_e8949df471c0f8e518c9f4a1,ME,p6_conv_13,17,2025-06-01,life_event,,occurred,2,0,0,2,0,False,False,,
p6,train,mvu_173019fa872082e1feac28b1,ME,p6_conv_13,17,2025-06-01,relationship_event,,ongoing_stage,2,0,0,2,0,False,False,,
p6,train,mvu_b976b68ccd1ef18d3a33feb8,ME,p6_conv_13,17,2025-06-01,meaningful_experience,,ongoing_stage,2,0,0,2,0,False,False,,
p6,train,mvu_25813a4cbc9c5981c62a36dc,ME,p6_conv_14,18,2025-08-05,relationship_event,,occurred,2,0,0,2,0,False,False,,
p6,train,mvu_1837a3d1a779cfc79647668d,ME,p6_conv_14,18,2025-08-05,meaningful_experience,,occurred,2,0,0,2,0,False,False,,
p6,train,mvu_2bbdf9a64e161875835f77c8,ME,p6_conv_14,18,2025-08-05,coping_attempt,,ongoing_stage,2,0,0,2,0,False,False,,
p6,train,mvu_a33ed22e5516e4055a9bc590,ME,p6_conv_14,18,2025-08-05,support_experience,,occurred,2,0,0,2,0,False,False,,
p6,train,mvu_54e02f7f05b2ff37f2ee081d,MP,p6_conv_15,19,2025-08-15,enduring_interest,journaling_practice,,1,0,0,1,0,False,False,,
p6,train,mvu_1e5d827c30969e6db28e04f2,ME,p6_conv_15,19,2025-08-15,coping_attempt,,ongoing_stage,1,0,0,1,0,False,False,,
p6,train,mvu_f6c2bb6e40aeeec5d07093a7,ME,p6_conv_15,19,2025-08-15,relationship_event,,ongoing_stage,1,0,0,1,0,False,False,,
p6,train,mvu_7261e05dfacc5bef10272b84,ME,p6_conv_16,20,2025-08-20,life_event,,occurred,2,0,0,2,0,False,False,,
p6,train,mvu_646bf27cb59bbcdfe043b1c4,ME,p6_conv_16,20,2025-08-20,relationship_event,,occurred,1,0,0,1,0,False,False,,
p6,train,mvu_6b2de295768ed2aca953ae34,ME,p6_conv_16,20,2025-08-20,meaningful_experience,,occurred,1,0,0,1,0,False,False,,
p6,train,mvu_5c0d3e3524d0b33a82d61aa5,ME,p6_conv_16,20,2025-08-20,support_experience,,occurred,1,0,0,1,0,False,False,,
p6,train,mvu_c96f4c5b9024685aa19c18e0,ME,p6_conv_17,21,2025-08-25,state_change,,occurred,1,0,0,1,0,False,False,,
p6,train,mvu_fd7d2368d5853c7360eac891,ME,p6_conv_17,21,2025-08-25,life_event,,ongoing_stage,1,0,0,1,0,False,False,,
p6,train,mvu_81a01055b3e96258fe787c00,ME,p6_conv_17,21,2025-08-25,coping_attempt,,ongoing_stage,1,0,0,1,0,False,False,,
p6,train,mvu_af9b93ed72dc16e1d555d71c,ME,p6_conv_17,21,2025-08-25,support_experience,,occurred,2,0,0,2,0,False,False,,
p6,train,mvu_26b31e5d5c329f3b0c57343b,ME,p6_conv_17,21,2025-08-25,state_onset,,occurred,1,0,0,1,0,False,False,,
p6,train,mvu_ac3a2cf64523b39e94f82a0f,ME,p6_conv_17,21,2025-08-25,meaningful_experience,,ongoing_stage,2,0,0,2,0,False,False,,
p6,train,mvu_ae673270ec273321478d2d7c,MP,p6_conv_18,22,2025-08-28,enduring_preference,personal_growth_outside_stressors,,1,0,0,1,0,False,False,,
p6,train,mvu_4d901453ea0c9c99d48c05e2,ME,p6_conv_18,22,2025-08-28,life_event,,occurred,1,0,0,1,0,False,False,,
p6,train,mvu_953ab29968c235cfbc0ef153,ME,p6_conv_18,22,2025-08-28,relationship_event,,ongoing_stage,1,0,0,1,0,False,False,,
p6,train,mvu_fdb7f9730592a073acc6331f,ME,p6_conv_18,22,2025-08-28,coping_attempt,,occurred,1,0,0,1,0,False,False,,
p6,train,mvu_cfce9a9cc0f26e939a3e431d,ME,p6_conv_18,22,2025-08-28,meaningful_experience,,occurred,1,0,0,1,0,False,False,,
p6,train,mvu_7ed059c6432172d5a7cf10aa,MP,p6_conv_19,23,2025-09-15,enduring_preference,personal_growth_outside_stressors,,1,0,0,1,0,False,False,,
p6,train,mvu_c4b149a6656a72a33480b884,ME,p6_conv_19,23,2025-09-15,meaningful_experience,,occurred,1,0,0,1,0,False,False,,
p6,train,mvu_00d83501bf9d280cee9118de,ME,p6_conv_19,23,2025-09-15,state_onset,,occurred,1,0,0,1,0,False,False,,
p6,train,mvu_8343ed8dd365eaebc59649ea,ME,p6_conv_19,23,2025-09-15,support_experience,,occurred,1,0,0,1,0,False,False,,
p6,train,mvu_dcc92262490bd0ff3addb518,ME,p6_conv_20,24,2025-09-18,meaningful_experience,,occurred,2,0,0,2,0,False,False,,
p6,train,mvu_15d86595319fd8f11796a39a,ME,p6_conv_20,24,2025-09-18,state_change,,occurred,2,0,0,2,0,False,False,,
p7,test,mvu_eb95136c83f35008f215721b,MP,esc1054,0,2024-06-10,occupation,current_occupation,,1,0,0,1,0,False,False,,
p7,test,mvu_309c69996425c14b3db21a56,MP,esc1054,0,2024-06-10,enduring_interest,past_enjoyment_activity_walking,,1,0,0,1,0,False,False,,
p7,test,mvu_27cdc3a27518fdf72abb0a8d,MP,esc1054,0,2024-06-10,enduring_interest,past_enjoyment_activity_household_tasks,,1,0,0,1,0,False,False,,
p7,test,mvu_186fafc108d6dc1f9b5198e3,MP,esc1054,0,2024-06-10,enduring_interest,past_enjoyment_activity_reading,,1,0,0,1,0,False,False,,
p7,test,mvu_62fb8e04b385743d9b1b3e67,MP,esc1054,0,2024-06-10,enduring_preference,preferred_media_content_true_crime,,1,0,0,1,0,False,False,,
p7,test,mvu_18ec1da76d285f1806015fbf,ME,esc1054,0,2024-06-10,state_onset,,ongoing_stage,1,0,0,1,0,False,False,,
p7,test,mvu_2f1daa2a5706a93e9d5aea49,ME,esc1054,0,2024-06-10,transient_state,,occurred,1,0,0,1,0,False,False,,
p7,test,mvu_02c209b768d7f99910739504,ME,esc1054,0,2024-06-10,coping_attempt,,occurred,1,0,0,1,0,False,False,,
p7,test,mvu_9411207efce44f1c061c44e1,ME,esc1054,0,2024-06-10,coping_attempt,,occurred,1,0,0,1,0,False,False,,
p7,test,mvu_d938f0684862aff4a6cdd0a9,ME,esc1054,0,2024-06-10,meaningful_experience,,occurred,1,0,0,1,0,False,False,,
p7,test,mvu_9fa1484ba9b3fb165551053d,ME,esc1054,0,2024-06-10,coping_attempt,,occurred,1,0,0,1,0,False,False,,
p7,test,mvu_c825d9e783007d09a96f20b0,ME,esc1054,0,2024-06-10,coping_attempt,,occurred,1,0,0,1,0,False,False,,
p7,test,mvu_d58d8f31877a1628059dac74,ME,esc1054,0,2024-06-10,coping_attempt,,occurred,1,0,0,1,0,False,False,,
p7,test,mvu_965004688f59f23498ab262f,ME,esc1054,0,2024-06-10,support_experience,,occurred,1,0,0,1,0,False,False,,
p7,test,mvu_dba6079da33d9d982fab4c31,MP,esc1231,1,2024-07-17,occupation,current_occupation,,1,0,0,1,0,True,False,,
p7,test,mvu_ee26cba1fb2bf453bc3c464b,MP,esc1231,1,2024-07-17,enduring_interest,past_enjoyment_activity_household_tasks,,1,0,0,1,0,True,False,,
p7,test,mvu_91f2e7c17ac4d9b6c7f8c7bf,MP,esc1231,1,2024-07-17,enduring_interest,past_enjoyment_activity_reading,,1,0,0,1,0,True,False,,
p7,test,mvu_562bd919a6071576423f3399,MP,esc1231,1,2024-07-17,enduring_interest,past_enjoyment_activity_walking,,1,0,0,1,0,True,False,,
p7,test,mvu_da0361f16f233d419c1daca8,MP,esc1231,1,2024-07-17,enduring_preference,preferred_media_content_true_crime,,1,0,0,1,0,True,False,,
p7,test,mvu_0fde12e387074c0eb23e92d1,ME,esc1231,1,2024-07-17,relationship_event,,occurred,1,0,0,1,0,False,False,,
p7,test,mvu_5c6a425cbc17567211b45720,ME,esc1231,1,2024-07-17,relationship_event,,occurred,1,0,0,1,0,False,False,,
p7,test,mvu_052b1bfa86b0652022224452,ME,esc1231,1,2024-07-17,coping_attempt,,occurred,1,0,0,1,0,False,False,,
p7,test,mvu_9a4970020fe87c41abdde05c,ME,esc1231,1,2024-07-17,state_onset,,occurred,1,0,0,1,0,False,False,,
p7,test,mvu_8488bcd1a61f03439a3d46d8,ME,esc1109,2,2024-08-05,relationship_event,,occurred,1,0,0,1,0,False,False,,
p7,test,mvu_291295d7410d46f2912e8c70,ME,esc1109,2,2024-08-05,coping_attempt,,occurred,1,0,0,1,0,False,False,,
p7,test,mvu_4a379d67a135dd2a69439302,ME,esc1109,2,2024-08-05,relationship_event,,occurred,1,0,0,1,0,False,False,,
p7,test,mvu_8b14b141d718245ee5f0d26d,ME,esc1109,2,2024-08-05,relationship_event,,occurred,1,0,0,1,0,False,False,,
p7,test,mvu_5443e2d5c97a8abd0d64181b,MP,esc1002,3,2024-08-20,durable_health_constraint,current_sleep_difficulty,,1,0,0,1,0,False,False,,
p7,test,mvu_f502fe3c83a31983d291e287,MP,p7_conv_1,4,2024-10-11,location,current_location,,1,0,0,1,0,False,False,,
p7,test,mvu_885a624c05371c72eacbcf36,ME,p7_conv_1,4,2024-10-11,state_change,,occurred,1,0,0,1,0,False,False,,
p7,test,mvu_f4e2614882c9b981123ee0e7,ME,p7_conv_1,4,2024-10-11,meaningful_experience,,occurred,1,0,0,1,0,False,False,,
p7,test,mvu_4f56f4d5d96a7c3f9d3efd46,ME,p7_conv_1,4,2024-10-11,meaningful_experience,,occurred,1,0,0,1,0,False,False,,
p7,test,mvu_12adae6186d47d8a09feaf12,MP,p7_conv_2,5,2024-10-15,stable_relationship_role,current_friend_conflict_status,,4,0,0,4,0,False,False,,
p7,test,mvu_176b23bada17f842c4659dc0,ME,p7_conv_2,5,2024-10-15,relationship_event,,occurred,3,0,0,3,0,False,False,,
p7,test,mvu_9db061fbd702a9f8b4b5249d,ME,p7_conv_2,5,2024-10-15,state_onset,,occurred,1,0,0,1,0,False,False,,
p7,test,mvu_0a32d75fb7e3d4a66c167eec,ME,p7_conv_2,5,2024-10-15,coping_attempt,,ongoing_stage,2,0,0,2,0,False,False,,
p7,test,mvu_c2faf5e59896ea2a126a9e13,ME,p7_conv_3,6,2025-01-15,transient_state,,ongoing_stage,3,0,0,3,0,False,False,,
p7,test,mvu_5e93334b15514f1927fac90e,ME,p7_conv_3,6,2025-01-15,coping_attempt,,occurred,1,0,0,1,0,False,False,,
p7,test,mvu_916340b5e2f5071f804dfc0f,ME,p7_conv_3,6,2025-01-15,coping_attempt,,occurred,1,0,0,1,0,False,False,,
p7,test,mvu_753c4f8c6d7d3e00834a714d,ME,p7_conv_3,6,2025-01-15,state_onset,,occurred,1,0,0,1,0,False,False,,
p7,test,mvu_a1a8258a616b39840a963dc4,MP,p7_conv_4,7,2025-02-14,occupation,current_occupation,,1,0,0,1,0,True,False,,
p7,test,mvu_b8c9d10d1ef3196a0029f754,MP,p7_conv_4,7,2025-02-14,stable_relationship_role,current_friend_conflict_status,,1,0,0,1,0,True,False,,
p7,test,mvu_92b2fe7a840e6c429b954477,ME,p7_conv_4,7,2025-02-14,life_event,,occurred,1,0,0,1,0,False,False,,
p7,test,mvu_2ddf190ee2403a7574ba28bf,ME,p7_conv_4,7,2025-02-14,meaningful_experience,,ongoing_stage,1,0,0,1,0,False,False,,
p7,test,mvu_6f13335b623303414f611a50,ME,p7_conv_4,7,2025-02-14,coping_attempt,,occurred,1,0,0,1,0,False,False,,
p7,test,mvu_f2dbd9a019510b5f282444e2,MP,p7_conv_5,8,2025-03-10,occupation,current_occupation,,1,0,0,1,0,True,False,,
p7,test,mvu_7bd93412fde79c9f544b76c2,ME,p7_conv_5,8,2025-03-10,transient_state,,occurred,1,0,0,1,0,False,False,,
p7,test,mvu_396f3f5d403060c236359bb5,ME,p7_conv_5,8,2025-03-10,coping_attempt,,ongoing_stage,1,0,0,1,0,False,False,,
p7,test,mvu_526371a4fedabb8c810f1b84,ME,p7_conv_5,8,2025-03-10,life_event,,occurred,1,0,0,1,0,False,False,,
p7,test,mvu_1c8f9dd87ddc1622e50ff346,ME,p7_conv_5,8,2025-03-10,meaningful_experience,,occurred,1,0,0,1,0,False,False,,
p7,test,mvu_d73ae56da73eee043a909d28,MP,p7_conv_6,9,2025-05-15,occupation,current_occupation,,1,0,0,1,0,True,False,,
p7,test,mvu_564cb7f10e8c98ed16a9870d,ME,p7_conv_6,9,2025-05-15,life_event,,occurred,2,0,0,2,0,False,False,,
p7,test,mvu_d53e3b2a177caffdad1bea8a,ME,p7_conv_6,9,2025-05-15,coping_attempt,,ongoing_stage,3,0,0,3,0,False,False,,
p7,test,mvu_8106bb98bdbf380a3ee0a645,MP,p7_conv_7,10,2025-06-01,durable_health_constraint,current_sleep_difficulty,,2,0,0,2,0,False,False,,
p7,test,mvu_25172d8bf3f88c37d510af28,MP,p7_conv_7,10,2025-06-01,occupation,current_occupation,,2,0,0,2,0,False,False,,
p7,test,mvu_acf146ab5f9d999777f1f597,ME,p7_conv_7,10,2025-06-01,state_change,,occurred,1,0,0,1,0,False,False,,
p7,test,mvu_28d57159fefc58254eb0e798,ME,p7_conv_7,10,2025-06-01,transient_state,,ongoing_stage,1,0,0,1,0,False,False,,
p7,test,mvu_687e41e0671ef1be97726c6e,MP,p7_conv_8,11,2025-06-20,durable_health_constraint,current_sleep_difficulty,,1,0,0,1,0,True,False,,
p7,test,mvu_b9e39632b538dd1d0368d7c2,ME,p7_conv_8,11,2025-06-20,relationship_event,,occurred,1,0,0,1,0,False,False,,
p7,test,mvu_a1212c7570ddcdca5431a87c,ME,p7_conv_8,11,2025-06-20,meaningful_experience,,ongoing_stage,1,0,0,1,0,False,False,,
p7,test,mvu_835ac1bdd51cce687058aa0b,ME,p7_conv_8,11,2025-06-20,coping_attempt,,ongoing_stage,1,0,0,1,0,False,False,,
p7,test,mvu_a05c87a2938d04992aa0ea1f,ME,p7_conv_9,12,2025-07-25,coping_attempt,,occurred,1,0,0,1,0,False,False,,
p7,test,mvu_dbd24f1e0f588f49268600c6,ME,p7_conv_9,12,2025-07-25,support_experience,,occurred,1,0,0,1,0,False,False,,
p7,test,mvu_396bba7400d7decdec8e359d,ME,p7_conv_9,12,2025-07-25,action_observed_outcome,,occurred,1,0,0,1,0,False,False,,
p7,test,mvu_516740810b1fc07d8013b159,ME,p7_conv_9,12,2025-07-25,state_onset,,occurred,1,0,0,1,0,False,False,,
p7,test,mvu_02e7b3dab1bca2cd894562ae,ME,p7_conv_9,12,2025-07-25,meaningful_experience,,occurred,1,0,0,1,0,False,False,,
p7,test,mvu_1206645eeb5e5cb9f95de4d7,ME,p7_conv_9,12,2025-07-25,coping_attempt,,occurred,1,0,0,1,0,False,False,,
p7,test,mvu_2889691a0e74051fc7301729,ME,p7_conv_10,13,2025-08-05,state_onset,,occurred,1,0,0,1,0,False,False,,
p7,test,mvu_4bdb37d558594bf41c9a81bc,ME,p7_conv_10,13,2025-08-05,state_change,,occurred,1,0,0,1,0,False,False,,
p7,test,mvu_eb38c4c7bbcf672de56ade41,ME,p7_conv_10,13,2025-08-05,meaningful_experience,,ongoing_stage,3,0,0,3,0,False,False,,
p7,test,mvu_c2458cef9857f32547b16dc9,MP,p7_conv_11,14,2025-08-15,occupation,current_occupation,,1,0,0,1,0,True,False,,
p7,test,mvu_74cd3664c3f3ebfc8ab0dfba,ME,p7_conv_11,14,2025-08-15,state_onset,,occurred,1,0,0,1,0,False,False,,
p7,test,mvu_e48b52e593c61b05fc8715b0,ME,p7_conv_11,14,2025-08-15,support_experience,,occurred,1,0,0,1,0,False,False,,
p7,test,mvu_55c313c179e585537869b184,ME,p7_conv_11,14,2025-08-15,meaningful_experience,,occurred,1,0,0,1,0,False,False,,
p7,test,mvu_25480244038d119343f3dc45,MP,esc75,15,2025-09-11,identity,gender_identity,,1,0,0,1,0,False,False,,
p7,test,mvu_6a326c4a8387dc2683fa0be0,MP,esc75,15,2025-09-11,stable_relationship_role,current_partner_status,,2,0,0,2,0,False,False,,
p7,test,mvu_ed560a3cbf1ec09cde7d9ea6,ME,esc75,15,2025-09-11,transient_state,,occurred,1,0,0,1,0,False,False,,
p7,test,mvu_66aa6ebb3161e76edc107202,ME,esc75,15,2025-09-11,coping_attempt,,occurred,1,0,0,1,0,False,False,,
p7,test,mvu_a616c839d8db4efe7069e4b5,MP,p7_conv_12,16,2025-09-15,occupation,current_occupation,,2,0,0,2,0,True,False,,
p7,test,mvu_b4341a06c6a274deb511c84b,MP,p7_conv_12,16,2025-09-15,durable_health_constraint,current_sleep_difficulty,,2,0,0,2,0,True,False,,
p7,test,mvu_d741957283375ffba0f7ebe9,ME,p7_conv_12,16,2025-09-15,life_event,,occurred,1,0,0,1,0,False,False,,
p7,test,mvu_189881eafd649e0b37d3ba30,ME,p7_conv_12,16,2025-09-15,life_event,,occurred,1,0,0,1,0,False,False,,
p7,test,mvu_a61249f67cfe6073d0b2e1a1,ME,p7_conv_12,16,2025-09-15,coping_attempt,,ongoing_stage,2,0,0,2,0,False,False,,
p7,test,mvu_b534dcd9b1b9ef3618a20bfe,ME,p7_conv_12,16,2025-09-15,meaningful_experience,,ongoing_stage,1,0,0,1,0,False,False,,
p7,test,mvu_286a13dcbf0bdbe413c29ac4,ME,p7_conv_13,17,2025-09-20,coping_attempt,,ongoing_stage,1,0,0,1,0,False,False,,
p7,test,mvu_f12efb39300fa1d2c6dbfdbf,ME,p7_conv_13,17,2025-09-20,support_experience,,occurred,1,0,0,1,0,False,False,,
p7,test,mvu_b90d1b90aaa07c088290e232,MP,p7_conv_14,18,2025-09-30,occupation,current_occupation,,4,0,0,4,0,True,False,,
p7,test,mvu_cb4ae02dcdd54b1f262829f6,MP,p7_conv_14,18,2025-09-30,durable_health_constraint,current_sleep_difficulty,,1,0,0,1,0,True,False,,
p7,test,mvu_f2ef3f89818a4d0f41e516e9,ME,p7_conv_14,18,2025-09-30,meaningful_experience,,occurred,1,0,0,1,0,False,False,,
p7,test,mvu_f32850e797a128b01e665857,ME,p7_conv_14,18,2025-09-30,coping_attempt,,ongoing_stage,1,0,0,1,0,False,False,,
p7,test,mvu_18cc73228674e4dd6ff455b7,ME,p7_conv_14,18,2025-09-30,support_experience,,ongoing_stage,2,0,0,2,0,False,False,,
p7,test,mvu_ce1450af93a4d4a6d01ee953,ME,p7_conv_14,18,2025-09-30,state_change,,occurred,1,0,0,1,0,False,False,,
p8,train,mvu_57d0a13a030dd847434f6287,ME,esc1283,0,2024-07-05,relationship_event,,occurred,1,0,0,1,0,False,False,,
p8,train,mvu_f771ae672df1437ab54c264c,MP,esc242,1,2024-07-15,stable_relationship_role,friend_role_with_phone_talker,,2,0,0,2,0,False,False,,
p8,train,mvu_50771c4d8cff9d062746b6d9,MP,esc242,1,2024-07-15,enduring_preference,preference_for_balanced_conversations,,2,0,0,2,0,False,False,,
p8,train,mvu_2a73b2853cdd499d576e2ab5,MP,esc242,1,2024-07-15,durable_boundary,difficulty_hanging_up_due_to_friend_offense,,1,0,0,1,0,False,False,,
p8,train,mvu_c651d8ed06e395443e4ee6d5,ME,p8_conv_1,2,2024-08-05,relationship_event,,occurred,2,0,0,2,0,False,False,,
p8,train,mvu_5394ab7698a44e6bfbaa4afb,ME,p8_conv_1,2,2024-08-05,transient_state,,occurred,1,0,0,1,0,False,False,,
p8,train,mvu_4fec0daa82bb333ae2342c65,ME,p8_conv_1,2,2024-08-05,coping_attempt,,occurred,1,0,0,1,0,False,False,,
p8,train,mvu_13bf277904b4b0a6b11850e5,MP,esc617,3,2024-08-15,enduring_preference,memory_triggers_for_ex_partner,,1,0,0,1,0,False,False,,
p8,train,mvu_208ba4820651b3df0c0546b8,MP,esc617,3,2024-08-15,enduring_preference,emotional_valence_of_memories_of_ex_relationship,,1,0,0,1,0,False,False,,
p8,train,mvu_b2f54d8534d165f37fed995c,MP,esc617,3,2024-08-15,durable_health_constraint,current_romantic_status_and_fear,,1,0,0,1,0,False,False,,
p8,train,mvu_bc6200e06a4c00b0e5bc9c34,ME,esc617,3,2024-08-15,relationship_event,,occurred,1,0,0,1,0,False,False,,
p8,train,mvu_b223b6857d589524e352925f,ME,esc617,3,2024-08-15,meaningful_experience,,ongoing_stage,1,0,0,1,0,False,False,,
p8,train,mvu_a3245032d9cea821227a5f64,ME,esc617,3,2024-08-15,state_onset,,occurred,1,0,0,1,0,False,False,,
p8,train,mvu_201518487c979f0cc3c60720,MP,p8_conv_2,4,2024-08-20,durable_health_constraint,current_alcohol_use_and_concern,,2,0,0,2,0,False,False,,
p8,train,mvu_b910bdf27e1b9e5318f8d1c1,ME,p8_conv_2,4,2024-08-20,meaningful_experience,,occurred,1,0,0,1,0,False,False,,
p8,train,mvu_52a04b9dab406c641f60501b,ME,p8_conv_2,4,2024-08-20,coping_attempt,,ongoing_stage,1,0,0,1,0,False,False,,
p8,train,mvu_8a791dc79005816c5c9b413d,MP,esc995,5,2024-09-01,durable_health_constraint,current_alcohol_use_and_concern,,5,0,0,5,0,False,False,,
p8,train,mvu_7fb2435c4b411a1477d02d19,MP,esc995,5,2024-09-01,location,current_geographic_location,,1,0,0,1,0,False,False,,
p8,train,mvu_25602b7b4a41c623f4f9a59b,ME,esc995,5,2024-09-01,state_onset,,occurred,1,0,0,1,0,False,False,,
p8,train,mvu_e7fe9680d242f9d1f6c8b6bc,ME,esc995,5,2024-09-01,state_onset,,occurred,1,0,0,1,0,False,False,,
p8,train,mvu_659efe5be5917f0b2de150f1,ME,esc995,5,2024-09-01,coping_attempt,,occurred,1,0,0,1,0,False,False,,
p8,train,mvu_d6dbecb008d1e47d872410d3,ME,esc995,5,2024-09-01,transient_state,,occurred,1,0,0,1,0,False,False,,
p8,train,mvu_378f8ba0494c285ba33e61ac,ME,esc995,5,2024-09-01,coping_attempt,,occurred,1,0,0,1,0,False,False,,
p8,train,mvu_0186cef79d2ac741aa381f74,ME,esc995,5,2024-09-01,meaningful_experience,,occurred,1,0,0,1,0,False,False,,
p8,train,mvu_4a1d926f9672b1a5325fb700,MP,esc1082,6,2024-09-15,durable_health_constraint,current_alcohol_use_and_concern,,2,0,0,2,0,True,True,citation_partial,suppress_unsupported_new_version_without_automatic_fallback
p8,train,mvu_d7bb03cac0b1231f90284fd7,MP,esc1082,6,2024-09-15,enduring_preference,self_perception_of_self_esteem_or_self_worth,,2,0,0,2,0,False,False,,
p8,train,mvu_c3469bbe9e62465b07e15b29,MP,esc1082,6,2024-09-15,durable_health_constraint,current_dietary_behavior_change_under_stress,,2,0,0,2,0,False,False,,
p8,train,mvu_e23b4b7169cab5850a0a2f52,ME,esc1082,6,2024-09-15,coping_attempt,,occurred,1,0,0,1,0,False,False,,
p8,train,mvu_634c6673e438714ee2b7e666,ME,esc1082,6,2024-09-15,meaningful_experience,,occurred,1,0,0,1,0,False,False,,
p8,train,mvu_1b533df440765f3a96c43a97,ME,esc1082,6,2024-09-15,state_onset,,occurred,1,0,0,1,0,False,False,,
p8,train,mvu_8a85af1cc317a139db863d1e,ME,esc1082,6,2024-09-15,state_change,,occurred,1,0,0,1,0,False,False,,
p8,train,mvu_a20d3bf0f19080ad59751896,ME,p8_conv_3,7,2024-10-10,meaningful_experience,,occurred,2,0,0,2,0,False,False,,
p8,train,mvu_dd68b1ba7f41593893c177a5,ME,p8_conv_4,8,2024-10-25,meaningful_experience,,ongoing_stage,1,0,0,1,0,False,False,,
p8,train,mvu_8a1f7feebe1658a119397c64,ME,p8_conv_4,8,2024-10-25,state_onset,,occurred,1,0,0,1,0,False,False,,
p8,train,mvu_505f0149ce7700f8d8ff4199,ME,p8_conv_4,8,2024-10-25,relationship_event,,occurred,2,0,0,2,0,False,False,,
p8,train,mvu_efbe3e2b2f3eaea4312744b7,ME,p8_conv_4,8,2024-10-25,coping_attempt,,ongoing_stage,1,0,0,1,0,False,False,,
p8,train,mvu_e910975d9c8b764c13bf0e5f,MP,p8_conv_5,9,2024-11-05,durable_health_constraint,current_alcohol_use_and_concern,,2,0,0,2,0,False,False,,
p8,train,mvu_51aaad5760a570c9349347e8,MP,p8_conv_5,9,2024-11-05,enduring_preference,support_system_development_for_recovery,,1,0,0,1,0,False,False,,
p8,train,mvu_990cfb75c318f4d970e764a4,ME,p8_conv_5,9,2024-11-05,transient_state,,occurred,2,0,0,2,0,False,False,,
p8,train,mvu_53114db083c1cfd08aa34a5d,MP,p8_conv_6,10,2024-11-20,durable_health_constraint,current_job_performance_and_work_stress,,3,0,0,3,0,False,False,,
p8,train,mvu_a84dbb908982ee5bdef9e966,MP,p8_conv_6,10,2024-11-20,stable_relationship_role,supportive_friendship_with_aa_peer,,1,0,0,1,0,False,False,,
p8,train,mvu_77fecce9ea7a3fd5f165444a,ME,p8_conv_6,10,2024-11-20,coping_attempt,,ongoing_stage,1,0,0,1,0,False,False,,
p8,train,mvu_b6654e7ba7e0b4b953ebb2d2,ME,p8_conv_6,10,2024-11-20,relationship_event,,occurred,1,0,0,1,0,False,False,,
p8,train,mvu_ff14382cc34d13d8b66b1e01,ME,p8_conv_6,10,2024-11-20,coping_attempt,,ongoing_stage,1,0,0,1,0,False,False,,
p8,train,mvu_6939693f52c40ff4a5c12472,ME,p8_conv_7,11,2024-11-25,meaningful_experience,,occurred,1,0,0,1,0,False,False,,
p8,train,mvu_fd64d934db31a03b677e2815,ME,p8_conv_7,11,2024-11-25,coping_attempt,,occurred,1,0,0,1,0,False,False,,
p8,train,mvu_692badc7768ab471a5d9a9a8,ME,p8_conv_7,11,2024-11-25,coping_attempt,,occurred,1,0,0,1,0,False,False,,
p8,train,mvu_d6f3e88d1e51f5a795b38536,MP,p8_conv_8,12,2024-12-01,durable_health_constraint,current_alcohol_use_and_concern,,1,0,0,1,0,True,False,,
p8,train,mvu_1207c1b899c59f155ce37503,MP,p8_conv_8,12,2024-12-01,stable_relationship_role,supportive_friendship_with_aa_peer,,2,0,0,2,0,True,False,,
p8,train,mvu_844b2492a3d6b00c1fd20771,ME,p8_conv_8,12,2024-12-01,relationship_event,,occurred,3,0,0,3,0,False,False,,
p8,train,mvu_5457eac57cbfe4758b062381,ME,p8_conv_8,12,2024-12-01,coping_attempt,,ongoing_stage,1,0,0,1,0,False,False,,
p8,train,mvu_ae7fb6c25f88075522f9cfed,ME,p8_conv_8,12,2024-12-01,support_experience,,ongoing_stage,1,0,0,1,0,False,False,,
p8,train,mvu_fad4931e59feb3336ba4cde3,ME,p8_conv_8,12,2024-12-01,meaningful_experience,,occurred,1,0,0,1,0,False,False,,
p8,train,mvu_50e2071eaf98983ccb3a4354,ME,p8_conv_8,12,2024-12-01,coping_attempt,,ongoing_stage,1,0,0,1,0,False,False,,
p8,train,mvu_eec44e0cad00cfc04f264269,MP,p8_conv_9,13,2024-12-03,enduring_preference,preferred_mindfulness_method,,1,0,0,1,0,False,False,,
p8,train,mvu_de5030c5b19fc04d0e5bb08f,MP,p8_conv_9,13,2024-12-03,enduring_preference,perceived_benefit_of_guided_meditation,,1,0,0,1,0,False,False,,
p8,train,mvu_21ec76b3e99ffcbcbaf1dde7,MP,p8_conv_9,13,2024-12-03,durable_health_constraint,current_attitude_toward_professional_therapy,,2,0,0,2,0,False,False,,
p8,train,mvu_d33807d7d22612f3ea8e34c6,ME,p8_conv_9,13,2024-12-03,support_experience,,occurred,1,0,0,1,0,False,False,,
p8,train,mvu_3a7a40ca9387afe4bbfc39c6,ME,p8_conv_9,13,2024-12-03,transient_state,,ongoing_stage,1,0,0,1,0,False,False,,
p8,train,mvu_9fb15a022c9f521b021101bf,ME,p8_conv_9,13,2024-12-03,state_onset,,occurred,2,0,0,2,0,False,False,,
p8,train,mvu_1abb46cc19990a6d7879b97d,MP,p8_conv_10,14,2024-12-10,stable_relationship_role,friend_role_with_george,,2,0,0,2,0,False,False,,
p8,train,mvu_f537fc02173fa6bc93540b3f,MP,p8_conv_10,14,2024-12-10,enduring_interest,renewed_interest_in_physical_activity,,1,0,0,1,0,False,False,,
p8,train,mvu_86c33461b5d350478e0d744c,ME,p8_conv_10,14,2024-12-10,meaningful_experience,,ongoing_stage,2,0,0,2,0,False,False,,
p8,train,mvu_93169998b1e8dc486f4f84bf,ME,p8_conv_10,14,2024-12-10,support_experience,,ongoing_stage,2,0,0,2,0,False,False,,
p8,train,mvu_d0dec83192465cf7f64e2b5a,ME,p8_conv_10,14,2024-12-10,state_onset,,occurred,2,0,0,2,0,False,False,,
p8,train,mvu_5094a81d68956bffdfdc6ae4,ME,p8_conv_10,14,2024-12-10,life_event,,occurred,1,0,0,1,0,False,False,,
p8,train,mvu_347f93838cf9e45ce41df878,ME,p8_conv_10,14,2024-12-10,coping_attempt,,ongoing_stage,2,0,0,2,0,False,False,,
p8,train,mvu_bf9505f63fe2f242175b0519,ME,p8_conv_10,14,2024-12-10,meaningful_experience,,ongoing_stage,1,0,0,1,0,False,False,,
p8,train,mvu_f066aff2473ecbed50aafe41,MP,p8_conv_11,15,2025-01-05,durable_health_constraint,current_alcohol_use_and_concern,,1,0,0,1,0,True,False,,
p8,train,mvu_8378e6059e442d32a5d24272,MP,p8_conv_11,15,2025-01-05,enduring_interest,renewed_interest_in_physical_activity,,1,0,0,1,0,True,False,,
p8,train,mvu_08d52306fb75cd87204d2fe9,MP,p8_conv_11,15,2025-01-05,stable_relationship_role,supportive_friendship_with_aa_peer,,1,0,0,1,0,True,False,,
p8,train,mvu_5225444dbae1ba9afe935a24,MP,p8_conv_11,15,2025-01-05,durable_health_constraint,emotional_response_to_relapse,,1,0,0,1,0,False,False,,
p8,train,mvu_79b7f8624807af056331a1e9,ME,p8_conv_11,15,2025-01-05,meaningful_experience,,occurred,2,0,0,2,0,False,False,,
p8,train,mvu_8cff47cd66378642e1836148,ME,p8_conv_11,15,2025-01-05,relationship_event,,ongoing_stage,2,0,0,2,0,False,False,,
p8,train,mvu_58e4acef25e99e9f5bbd5e1d,ME,p8_conv_11,15,2025-01-05,state_onset,,occurred,1,0,0,1,0,False,False,,
p8,train,mvu_4db573ff1be2f76d25439b62,ME,p8_conv_11,15,2025-01-05,life_event,,occurred,1,0,0,1,0,False,False,,
p8,train,mvu_2310837e85bf672af4d6e972,ME,p8_conv_11,15,2025-01-05,meaningful_experience,,occurred,1,0,0,1,0,False,False,,
p8,train,mvu_394391b83c587723640afa97,MP,p8_conv_12,16,2025-01-10,durable_health_constraint,emotional_response_to_relapse,,1,0,0,1,0,False,False,,
p8,train,mvu_3faf8a23d4104eef69e3f9f2,MP,p8_conv_12,16,2025-01-10,durable_health_constraint,current_social_isolation_and_emotional_impact,,1,0,0,1,0,False,False,,
p8,train,mvu_294c22b3e573e42b58ef7f5a,MP,p8_conv_12,16,2025-01-10,stable_relationship_role,supportive_friendship_with_aa_peer,,1,0,0,1,0,False,False,,
p8,train,mvu_a6486cb33aa19946ba9b102c,MP,p8_conv_12,16,2025-01-10,durable_boundary,difficulty_sharing_personal_struggles_with_friends,,1,0,0,1,0,False,False,,
p8,train,mvu_2577691b70e6bb1df0801e50,MP,p8_conv_12,16,2025-01-10,durable_health_constraint,current_attitude_toward_professional_therapy,,1,0,0,1,0,False,False,,
p8,train,mvu_68650fd9ca308ca100a149e4,MP,p8_conv_13,17,2025-01-25,durable_health_constraint,current_attitude_toward_professional_therapy,,3,0,0,3,0,False,False,,
p8,train,mvu_1364f93075a5083d8b9235f6,MP,p8_conv_13,17,2025-01-25,enduring_preference,preference_for_external_accountability_in_recovery,,1,0,0,1,0,False,False,,
p8,train,mvu_e7900e91fbfbae0beeac2968,ME,p8_conv_13,17,2025-01-25,relationship_event,,occurred,1,0,0,1,0,False,False,,
p8,train,mvu_af783aa34e24c7238a7fba6e,ME,p8_conv_13,17,2025-01-25,coping_attempt,,ongoing_stage,2,0,0,2,0,False,False,,
p8,train,mvu_409a796d7fbeb7f7cac95b00,MP,p8_conv_14,18,2025-02-05,durable_health_constraint,current_romantic_status_and_fear,,1,0,0,1,0,False,False,,
p8,train,mvu_0a900f0d6817727d1a30cf21,MP,p8_conv_14,18,2025-02-05,durable_health_constraint,current_social_discomfort_after_conflict_resolution,,2,0,0,2,0,False,False,,
p8,train,mvu_0d4d320a8952bea586ea5c26,MP,p8_conv_14,18,2025-02-05,enduring_preference,attitude_toward_healing_timeline,,1,0,0,1,0,False,False,,
p8,train,mvu_eb2ba4f798ae5e8662e53e91,ME,p8_conv_14,18,2025-02-05,meaningful_experience,,occurred,3,0,0,3,0,False,False,,
p8,train,mvu_fa8171dd162219b03d2e5fd6,ME,p8_conv_14,18,2025-02-05,relationship_event,,occurred,2,0,0,2,0,False,False,,
p8,train,mvu_771e318e8ecb4a58dd22c8a6,ME,p8_conv_15,19,2025-02-14,life_event,,occurred,2,0,0,2,0,False,False,,
p8,train,mvu_a9146ac9790151871bf985e3,ME,p8_conv_15,19,2025-02-14,meaningful_experience,,occurred,2,0,0,2,0,False,False,,
p8,train,mvu_cca3f8035bc649c3f853c902,ME,p8_conv_15,19,2025-02-14,coping_attempt,,ongoing_stage,1,0,0,1,0,False,False,,
p8,train,mvu_8dc803160a76aa584bf26ac6,MP,p8_conv_16,20,2025-03-01,durable_health_constraint,current_romantic_anxiety_and_relationship_fear,,1,0,0,1,0,False,False,,
p8,train,mvu_29870a06c636a77be7853fb8,MP,p8_conv_16,20,2025-03-01,durable_health_constraint,current_anxiety_management_efforts,,1,0,0,1,0,False,False,,
p8,train,mvu_a4abe96df99bdb99c17c9e40,MP,p8_conv_16,20,2025-03-01,enduring_preference,preference_for_sharing_vulnerabilities_in_romantic_context,,1,0,0,1,0,False,False,,
p8,train,mvu_38caf95eec4f483ff200dad6,MP,p8_conv_16,20,2025-03-01,stable_relationship_role,romantic_partner_role_with_emily,,1,0,0,1,0,False,False,,
p8,train,mvu_bca62cc2e7cbd483a72d7c25,ME,p8_conv_16,20,2025-03-01,relationship_event,,occurred,1,0,0,1,0,False,False,,
p8,train,mvu_f95a97bf4a583f7f8dedc435,ME,p8_conv_16,20,2025-03-01,meaningful_experience,,occurred,1,0,0,1,0,False,False,,
p8,train,mvu_9fab8d764316807252c22aca,ME,p8_conv_16,20,2025-03-01,coping_attempt,,ongoing_stage,1,0,0,1,0,False,False,,
p8,train,mvu_dc8fda78907db55108064081,ME,p8_conv_16,20,2025-03-01,support_experience,,occurred,1,0,0,1,0,False,False,,
p8,train,mvu_b482c9f8d4b887b155439433,ME,p8_conv_16,20,2025-03-01,life_event,,ongoing_stage,1,0,0,1,0,False,False,,
p8,train,mvu_168bbeedd5d8476b46e285c6,MP,p8_conv_17,21,2025-03-05,durable_health_constraint,current_job_doubt_and_career_uncertainty,,3,0,0,3,0,False,False,,
p8,train,mvu_65fdfdfcb3c5a6c673c6d0fb,MP,p8_conv_17,21,2025-03-05,durable_health_constraint,emotional_impact_of_performance_warning,,1,0,0,1,0,False,False,,
p8,train,mvu_343ad961fa85c1f96cb80eab,MP,p8_conv_17,21,2025-03-05,durable_health_constraint,relapse_linked_to_work_stress,,1,0,0,1,0,False,False,,
p8,train,mvu_7d8c9e176901a0b8611f3bc2,MP,p8_conv_17,21,2025-03-05,enduring_preference,desire_for_fresh_start_with_existential_uncertainty,,2,0,0,2,0,False,False,,
p8,train,mvu_94420ae1fe1f676cb27cd815,MP,p8_conv_17,21,2025-03-05,enduring_preference,reconsideration_of_mindfulness_practices,,1,0,0,1,0,False,False,,
p8,train,mvu_eede46fc36e1c8d175f066ca,ME,p8_conv_17,21,2025-03-05,meaningful_experience,,occurred,2,0,0,2,0,False,False,,
p8,train,mvu_f8f0046d57a0e61316391512,MP,p8_conv_18,22,2025-03-15,durable_health_constraint,current_job_performance_and_work_stress,,2,0,0,2,0,False,False,,
p8,train,mvu_880e1a062ddb4ab5432becce,MP,p8_conv_18,22,2025-03-15,enduring_preference,desire_for_fresh_start_with_existential_uncertainty,,2,0,0,2,0,False,False,,
p8,train,mvu_d75d23a2816f4e9d0976ce90,MP,p8_conv_18,22,2025-03-15,durable_health_constraint,current_romantic_anxiety_and_relationship_fear,,1,0,0,1,0,False,False,,
p8,train,mvu_24b86411c63c79774cb54675,ME,p8_conv_18,22,2025-03-15,support_experience,,occurred,1,0,0,1,0,False,False,,
p8,train,mvu_a6dc8e8688d0541436f643bb,MP,p8_conv_19,23,2025-03-20,enduring_preference,attitude_toward_healing_timeline,,1,0,0,1,0,True,False,,
p8,train,mvu_7543fccaf303409b3421fe69,MP,p8_conv_19,23,2025-03-20,durable_health_constraint,current_coping_strategy_for_stress_and_anxiety,,1,0,0,1,0,False,False,,
p8,train,mvu_2c949c41c7ecb97a3627fdbb,MP,p8_conv_19,23,2025-03-20,enduring_preference,desire_for_fresh_start_with_existential_uncertainty,,2,0,0,2,0,True,False,,
p8,train,mvu_cfc116ebb801f4fedacaf8f5,MP,p8_conv_19,23,2025-03-20,durable_health_constraint,emotional_impact_of_upcoming_relocation,,1,0,0,1,0,False,False,,
p8,train,mvu_4cd2700db23b343d921e35f0,ME,p8_conv_19,23,2025-03-20,meaningful_experience,,occurred,2,0,0,2,0,False,False,,
p8,train,mvu_70965ea5c416e06d20bca094,ME,p8_conv_19,23,2025-03-20,coping_attempt,,ongoing_stage,1,0,0,1,0,False,False,,
p8,train,mvu_65f01270255fd555317a8af6,ME,p8_conv_19,23,2025-03-20,support_experience,,occurred,1,0,0,1,0,False,False,,
p8,train,mvu_2a9aacff6c82b20697b61b74,ME,p8_conv_19,23,2025-03-20,state_change,,occurred,1,0,0,1,0,False,False,,
p8,train,mvu_4df2f08612f2c95d2f10151c,MP,p8_conv_20,24,2025-03-28,durable_health_constraint,fear_of_repeating_relationship_patterns_with_emily,,1,0,0,1,0,False,False,,
p8,train,mvu_72ac0f5c9351f0cbac23bd1d,ME,p8_conv_20,24,2025-03-28,meaningful_experience,,occurred,2,0,0,2,0,False,False,,
p8,train,mvu_0c7586aecf2c86bacc1d03a7,ME,p8_conv_20,24,2025-03-28,state_onset,,occurred,1,0,0,1,0,False,False,,
p8,train,mvu_ce530ed5ed6df973a42e6569,ME,p8_conv_20,24,2025-03-28,transient_state,,occurred,1,0,0,1,0,False,False,,
p8,train,mvu_8857f853f053bc8c15cb8e34,ME,p8_conv_20,24,2025-03-28,coping_attempt,,ongoing_stage,2,0,0,2,0,False,False,,
p8,train,mvu_61fe87d89d6719ba4aa60f29,ME,p8_conv_20,24,2025-03-28,meaningful_experience,,occurred,1,0,0,1,0,False,False,,
p8,train,mvu_20f80ade87103811d2ed7dcc,MP,p8_conv_21,25,2025-04-01,location,current_geographic_location,,3,0,0,3,0,False,False,,
p8,train,mvu_910d77f71c24dc6f359b9f24,MP,p8_conv_21,25,2025-04-01,durable_health_constraint,current_job_performance_and_work_stress,,2,0,0,2,0,False,False,,
p8,train,mvu_f7db1759f27380e13aff56e1,MP,p8_conv_21,25,2025-04-01,durable_health_constraint,current_anxiety_management_efforts,,1,0,0,1,0,False,False,,
p8,train,mvu_d610dc574356f2d7bc416de0,MP,p8_conv_21,25,2025-04-01,durable_health_constraint,current_social_isolation_and_emotional_impact,,1,0,0,1,0,False,False,,
p8,train,mvu_d2711e961655df41e7149ab5,MP,p8_conv_21,25,2025-04-01,enduring_interest,renewed_interest_in_physical_activity,,2,0,0,2,0,False,False,,
p8,train,mvu_711ba3d9f841c1ec4bedc78b,ME,p8_conv_21,25,2025-04-01,state_onset,,occurred,1,0,0,1,0,False,False,,
p8,train,mvu_61492ff7d6f63548ec6782c5,ME,p8_conv_21,25,2025-04-01,meaningful_experience,,occurred,1,0,0,1,0,False,False,,
p8,train,mvu_984bdfe75d37b90109ab05ac,ME,p8_conv_22,26,2025-05-15,relationship_event,,occurred,3,0,0,3,0,False,False,,
p8,train,mvu_247d094701558eb82ab6e6b8,ME,p8_conv_22,26,2025-05-15,transient_state,,ongoing_stage,2,0,0,2,0,False,False,,
p8,train,mvu_8625e99ea565eee47de1f035,ME,p8_conv_22,26,2025-05-15,coping_attempt,,ongoing_stage,2,0,0,2,0,False,False,,
p8,train,mvu_6ffcf26ea7cb0aff4ab709e6,ME,p8_conv_22,26,2025-05-15,coping_attempt,,ongoing_stage,1,0,0,1,0,False,False,,
p8,train,mvu_b57d0f18a4b04651a0150448,ME,p8_conv_23,27,2025-05-20,meaningful_experience,,occurred,2,0,0,2,0,False,False,,
p8,train,mvu_4bdaa9186544ad94916e035c,ME,p8_conv_23,27,2025-05-20,support_experience,,occurred,3,0,0,3,0,False,False,,
p8,train,mvu_a648a66c0484f433d81d5314,ME,p8_conv_23,27,2025-05-20,coping_attempt,,occurred,2,0,0,2,0,False,False,,
p8,train,mvu_e87246830ace6e68841bbd72,MP,p8_conv_24,28,2025-06-01,enduring_preference,attitude_toward_self_forgiveness_and_closure,,1,0,0,1,0,False,False,,
p8,train,mvu_4d6dfa39b7e50543d3aebbd7,MP,p8_conv_24,28,2025-06-01,durable_health_constraint,current_coping_strategy_through_journaling,,2,0,0,2,0,False,False,,
p8,train,mvu_c447451455c664da5cd89cc7,MP,p8_conv_24,28,2025-06-01,enduring_preference,self_attitude_under_uncertainty,,1,0,0,1,0,False,False,,
p8,train,mvu_9c93d655967e1d1efcc88b5b,MP,p8_conv_24,28,2025-06-01,durable_boundary,avoidance_of_uncomfortable_conversations,,1,0,0,1,0,False,False,,
p8,train,mvu_127b76fc4ce263dab41d65b3,ME,p8_conv_24,28,2025-06-01,coping_attempt,,ongoing_stage,2,0,0,2,0,False,False,,
p8,train,mvu_4ab4a7c579bee16fd60a75d3,ME,p8_conv_24,28,2025-06-01,relationship_event,,occurred,2,0,0,2,0,False,False,,
p8,train,mvu_e2cf3c6f4c4b3deb0b7bfbb9,MP,p8_conv_25,29,2025-06-15,durable_health_constraint,current_anxiety_about_relationship_future,,3,0,0,3,0,False,False,,
p8,train,mvu_2e431ee890dc4c7e0c0e2e67,MP,p8_conv_25,29,2025-06-15,durable_health_constraint,coping_strategy_through_journaling,,1,0,0,1,0,False,False,,
p8,train,mvu_170b6d6697d600c432c8485b,MP,p8_conv_25,29,2025-06-15,enduring_preference,preference_for_balanced_vulnerability_in_romance,,1,0,0,1,0,False,False,,
p8,train,mvu_67d62c772cf0b653a8cc0fce,MP,p8_conv_25,29,2025-06-15,enduring_preference,support_system_engagement_in_recovery,,1,0,0,1,0,False,False,,
p8,train,mvu_9c3d0d01731ee7c017220a26,ME,p8_conv_25,29,2025-06-15,relationship_event,,occurred,1,0,0,1,0,False,False,,
p8,train,mvu_a69101709b52b5bc17f82d38,ME,p8_conv_25,29,2025-06-15,meaningful_experience,,ongoing_stage,4,0,0,4,0,False,False,,
p8,train,mvu_5b72754b96c46eba68aa07f1,ME,p8_conv_25,29,2025-06-15,coping_attempt,,ongoing_stage,1,0,0,1,0,False,False,,
p8,train,mvu_8311ee68c2b962d0ad91fd79,ME,p8_conv_25,29,2025-06-15,life_event,,occurred,1,0,0,1,0,False,False,,
p8,train,mvu_1196fd3fc535b9198888e607,ME,p8_conv_26,30,2025-08-01,meaningful_experience,,occurred,3,0,0,3,0,False,False,,
p8,train,mvu_9397d412f47c6764004163a3,ME,p8_conv_26,30,2025-08-01,coping_attempt,,ongoing_stage,1,0,0,1,0,False,False,,
p8,train,mvu_53ac52432107b05150a50437,ME,p8_conv_26,30,2025-08-01,support_experience,,ongoing_stage,3,0,0,3,0,False,False,,
p8,train,mvu_6019fa41e00d44bd55d0c63e,MP,p8_conv_27,31,2025-09-10,durable_health_constraint,current_job_promotion_status,,3,0,0,3,0,False,False,,
p8,train,mvu_ecfa13e686186b649bae6680,MP,p8_conv_27,31,2025-09-10,durable_health_constraint,current_coping_strategy_through_nature_and_journaling,,1,0,0,1,0,False,False,,
p8,train,mvu_32ac7157c23debd061f58372,MP,p8_conv_27,31,2025-09-10,stable_relationship_role,romantic_partner_role_with_emily,,1,0,0,1,0,False,False,,
p8,train,mvu_0e9709da8cc482f070f88930,MP,p8_conv_27,31,2025-09-10,enduring_preference,attitude_toward_progress_and_growth,,1,0,0,1,0,False,False,,
p8,train,mvu_a526c1931c7cb0d339e0863c,ME,p8_conv_27,31,2025-09-10,coping_attempt,,ongoing_stage,1,0,0,1,0,False,False,,
p8,train,mvu_e961446e4aee6adfd0208c91,ME,p8_conv_27,31,2025-09-10,support_experience,,ongoing_stage,1,0,0,1,0,False,False,,
p8,train,mvu_92d21cacffc7c11729b28b04,ME,p8_conv_27,31,2025-09-10,meaningful_experience,,occurred,2,0,0,2,0,False,False,,
p8,train,mvu_0b78b065a5b66b5df419208e,MP,p8_conv_28,32,2025-09-15,durable_health_constraint,current_emotional_attachment_to_ex_girlfriend,,1,0,0,1,0,False,False,,
p8,train,mvu_5196f29e0d42143f3cc901d2,MP,p8_conv_28,32,2025-09-15,durable_health_constraint,coping_strategy_through_journaling,,1,0,0,1,0,False,False,,
p8,train,mvu_1919b32c911fee533769c4d1,MP,p8_conv_28,32,2025-09-15,enduring_preference,emotional_trigger_pattern_under_stress,,1,0,0,1,0,False,False,,
p8,train,mvu_1ab9f3a07e2727631268e012,MP,p8_conv_28,32,2025-09-15,stable_relationship_role,romantic_partner_role_with_emily,,1,0,0,1,0,False,False,,
p8,train,mvu_afb56bf82b9f5e39d2bc5150,MP,p8_conv_28,32,2025-09-15,durable_boundary,avoidance_of_vulnerability_in_romantic_context,,1,0,0,1,0,False,False,,
p8,train,mvu_da8e6d1f99c33de3d3e69401,MP,p8_conv_28,32,2025-09-15,enduring_preference,preference_for_sharing_vulnerabilities_in_romantic_context,,1,0,0,1,0,False,False,,
p8,train,mvu_b20dc75b7e3a6c9f1bea40ae,ME,p8_conv_28,32,2025-09-15,meaningful_experience,,occurred,1,0,0,1,0,False,False,,
p9,train,mvu_f1e7cb62ac7908108e0c476a,ME,esc82,0,2024-06-14,life_event,,occurred,1,0,0,1,0,False,False,,
p9,train,mvu_4d6eba60ba8dbdcb7a103510,ME,esc82,0,2024-06-14,life_event,,occurred,1,0,0,1,0,False,False,,
p9,train,mvu_014312795301ae7ca1560629,ME,esc82,0,2024-06-14,meaningful_experience,,occurred,2,0,0,2,0,False,False,,
p9,train,mvu_5a7eda0600a00ea25c9432c4,ME,esc82,0,2024-06-14,support_experience,,occurred,1,0,0,1,0,False,False,,
p9,train,mvu_856e266f21e5f75b51063095,MP,esc88,1,2024-07-15,identity,gender_identity,,1,0,0,1,0,False,False,,
p9,train,mvu_3cf1c71a523a4b289f3e09fe,MP,esc88,1,2024-07-15,location,residence_type,,1,0,0,1,0,False,False,,
p9,train,mvu_d4c02fbade716011d693812b,MP,esc88,1,2024-07-15,enduring_preference,romantic_interest,,1,0,0,1,0,False,False,,
p9,train,mvu_d6fcfc350340f424dbbb83b3,ME,esc88,1,2024-07-15,coping_attempt,,occurred,1,0,0,1,0,False,False,,
p9,train,mvu_b40c2d06d05cae989c4f5099,MP,esc539,2,2024-08-31,enduring_preference,trusting_people_quickly,,1,0,0,1,0,False,False,,
p9,train,mvu_b4bc6ae253cb8e7b90eaef56,ME,esc539,2,2024-08-31,relationship_event,,occurred,2,0,0,2,0,False,False,,
p9,train,mvu_2b3cfcbd072f21cce32e30a7,ME,esc539,2,2024-08-31,meaningful_experience,,occurred,1,0,0,1,0,False,False,,
p9,train,mvu_e885354e69db7fa46f5e1bb0,ME,esc682,3,2024-09-11,life_event,,occurred,1,0,0,1,0,False,False,,
p9,train,mvu_e5bf880f6e33ca3ac49fa6f4,ME,esc682,3,2024-09-11,coping_attempt,,ongoing_stage,1,0,0,1,0,False,False,,
p9,train,mvu_4e351678189d9921868202df,ME,esc682,3,2024-09-11,state_change,,occurred,1,0,0,1,0,False,False,,
p9,train,mvu_fa38e49d6806ce50678643bc,ME,esc682,3,2024-09-11,meaningful_experience,,occurred,1,0,0,1,0,False,False,,
p9,train,mvu_cc1b3b4f986f487a2054a7d9,MP,esc994,4,2024-09-12,occupation,current_employment_type,,1,0,0,1,0,False,False,,
p9,train,mvu_90f7e7ff0862160bcb11c97b,ME,esc994,4,2024-09-12,state_onset,,occurred,1,0,0,1,0,False,False,,
p9,train,mvu_e4220e5356a244e9404b731c,ME,esc994,4,2024-09-12,state_onset,,occurred,1,0,0,1,0,False,False,,
p9,train,mvu_f8ff2cc91b35abfda25b9a0a,ME,esc994,4,2024-09-12,coping_attempt,,occurred,1,0,0,1,0,False,False,,
p9,train,mvu_d88dfa971ee76628a313e534,ME,esc994,4,2024-09-12,coping_attempt,,occurred,2,0,0,2,0,False,False,,
p9,train,mvu_907cf8d0f61e62e977348a65,ME,p9_conv_1,5,2024-10-20,coping_attempt,,ongoing_stage,1,0,0,1,0,False,False,,
p9,train,mvu_eb5c770c571e61b83e6aebd9,ME,p9_conv_1,5,2024-10-20,transient_state,,ongoing_stage,4,0,0,4,0,False,False,,
p9,train,mvu_51563d2c7d3b53d438d987de,ME,p9_conv_1,5,2024-10-20,life_event,,occurred,2,0,0,2,0,False,False,,
p9,train,mvu_d3761b581faae62e4420e549,ME,p9_conv_1,5,2024-10-20,meaningful_experience,,occurred,2,0,0,2,0,False,False,,
p9,train,mvu_a0c581a37fa08d3a5a5159f2,ME,p9_conv_1,5,2024-10-20,coping_attempt,,ongoing_stage,1,0,0,1,0,False,False,,
p9,train,mvu_15ab352ea01d8266d2ebaa68,MP,p9_conv_2,6,2024-11-01,occupation,current_employment_type,,1,0,0,1,0,True,False,,
p9,train,mvu_347ed9c9141def0fae654755,MP,p9_conv_2,6,2024-11-01,stable_relationship_role,family_connection,,1,0,0,1,0,False,False,,
p9,train,mvu_78595cb842a6fa85fd8048ed,MP,p9_conv_2,6,2024-11-01,enduring_interest,interest_in_cooking_familiar_meals,,1,0,0,1,0,False,False,,
p9,train,mvu_934bdb75bc6fa7df5c52c868,ME,p9_conv_2,6,2024-11-01,life_event,,occurred,1,0,0,1,0,False,False,,
p9,train,mvu_74a1542537065348e41cfb63,ME,p9_conv_2,6,2024-11-01,coping_attempt,,occurred,1,0,0,1,0,False,False,,
p9,train,mvu_3cd597c30f86ee4943972d32,ME,p9_conv_2,6,2024-11-01,support_experience,,occurred,1,0,0,1,0,False,False,,
p9,train,mvu_bdbfea7bce17ab4294d8c1e2,MP,p9_conv_3,7,2024-11-15,stable_relationship_role,family_communication_pattern,,1,0,0,1,0,False,False,,
p9,train,mvu_4f51b244ce20144f6930304b,ME,p9_conv_3,7,2024-11-15,life_event,,occurred,1,0,0,1,0,False,False,,
p9,train,mvu_80f25afd1fc292a4d7358a82,ME,p9_conv_3,7,2024-11-15,state_onset,,ongoing_stage,1,0,0,1,0,False,False,,
p9,train,mvu_270829580fa9b90d2949e1a2,ME,p9_conv_3,7,2024-11-15,transient_state,,ongoing_stage,1,0,0,1,0,False,False,,
p9,train,mvu_f8a5c79eca255c9bf6a87986,ME,p9_conv_3,7,2024-11-15,meaningful_experience,,occurred,1,0,0,1,0,False,False,,
p9,train,mvu_8a2b265466a61f2fb7db0943,ME,p9_conv_3,7,2024-11-15,relationship_event,,ongoing_stage,1,0,0,1,0,False,False,,
p9,train,mvu_829a9f209f1fa3d95b7b0dcf,MP,p9_conv_4,8,2024-12-05,location,current_residence_context,,1,0,0,1,0,False,False,,
p9,train,mvu_861e8df4fb5f83797fa91cbf,ME,p9_conv_4,8,2024-12-05,relationship_event,,occurred,2,0,0,2,0,False,False,,
p9,train,mvu_f037017121e38d1b3d53abbc,ME,p9_conv_4,8,2024-12-05,life_event,,ongoing_stage,1,0,0,1,0,False,False,,
p9,train,mvu_78df0d5c1132bc4e7dcb0b42,ME,p9_conv_4,8,2024-12-05,coping_attempt,,ongoing_stage,1,0,0,1,0,False,False,,
p9,train,mvu_07b19933873227521cde5578,ME,p9_conv_4,8,2024-12-05,support_experience,,ongoing_stage,1,0,0,1,0,False,False,,
p9,train,mvu_672035e2109d8ba3f37f98fc,MP,p9_conv_5,9,2024-12-18,durable_health_constraint,chronic_physical_symptom,,1,0,0,1,0,False,False,,
p9,train,mvu_dfd055895c32a98670dee42c,ME,p9_conv_5,9,2024-12-18,state_onset,,occurred,2,0,0,2,0,False,False,,
p9,train,mvu_fb22901af0884902b91d27c3,ME,p9_conv_5,9,2024-12-18,relationship_event,,occurred,1,0,0,1,0,False,False,,
p9,train,mvu_e9a33eb843caa1fdf437f5e9,ME,p9_conv_5,9,2024-12-18,coping_attempt,,occurred,1,0,0,1,0,False,False,,
p9,train,mvu_b257f145a5d2f747297f0c4b,ME,p9_conv_5,9,2024-12-18,transient_state,,ongoing_stage,3,0,0,3,0,False,False,,
p9,train,mvu_82e1eaf8b7a6e45d241ab589,ME,p9_conv_5,9,2024-12-18,meaningful_experience,,ongoing_stage,2,0,0,2,0,False,False,,
p9,train,mvu_db7b5464bfc6a57310283be8,MP,p9_conv_6,10,2025-02-02,durable_health_constraint,chronic_physical_symptom,,1,0,0,1,0,True,False,,
p9,train,mvu_20d8a8b081e2ce46b562ed9c,ME,p9_conv_6,10,2025-02-02,state_onset,,ongoing_stage,1,0,0,1,0,False,False,,
p9,train,mvu_9996b1e151ab2ddbe6bf31ef,MP,p9_conv_7,11,2025-03-01,durable_health_constraint,chronic_physical_symptom,,1,0,0,1,0,True,False,,
p9,train,mvu_5ae00ec3c0af5eca16eb1b7a,MP,p9_conv_7,11,2025-03-01,occupation,current_employment_type,,1,0,0,1,0,True,False,,
p9,train,mvu_c299c91e0cf2f20805e21001,MP,p9_conv_7,11,2025-03-01,stable_relationship_role,family_connection,,1,0,0,1,0,True,False,,
p9,train,mvu_33ac952bae9c96befd32705b,MP,p9_conv_7,11,2025-03-01,enduring_preference,difficulty_reaching_out_to_others_after_conflict,,1,0,0,1,0,False,False,,
p9,train,mvu_dd7b2f98f6c1fbbaa79a8acc,ME,p9_conv_7,11,2025-03-01,life_event,,occurred,1,0,0,1,0,False,False,,
p9,train,mvu_9c8b7a6e86b0e1b7976b8306,ME,p9_conv_7,11,2025-03-01,support_experience,,occurred,1,0,0,1,0,False,False,,
p9,train,mvu_c323b05f795c60ade7d18ed4,ME,p9_conv_7,11,2025-03-01,relationship_event,,occurred,1,0,0,1,0,False,False,,
p9,train,mvu_32eba97308fd42289db00074,ME,p9_conv_7,11,2025-03-01,coping_attempt,,ongoing_stage,1,0,0,1,0,False,False,,
p9,train,mvu_47d0732dadd07c63adc0943f,ME,p9_conv_7,11,2025-03-01,meaningful_experience,,occurred,1,0,0,1,0,False,False,,
p9,train,mvu_c8e8228ec5b5db19a027ae46,ME,p9_conv_7,11,2025-03-01,coping_attempt,,ongoing_stage,1,0,0,1,0,False,False,,
p9,train,mvu_45822f4e9843653840eb2868,ME,p9_conv_8,12,2025-05-10,life_event,,occurred,3,0,0,3,0,False,False,,
p9,train,mvu_ea4003ff4f66508c46b5da04,ME,p9_conv_8,12,2025-05-10,state_onset,,occurred,2,0,0,2,0,False,False,,
p9,train,mvu_4bf1493504de78d515b543ae,ME,p9_conv_8,12,2025-05-10,relationship_event,,occurred,1,0,0,1,0,False,False,,
p9,train,mvu_21f8494f1153ca0642ca349c,ME,p9_conv_8,12,2025-05-10,coping_attempt,,occurred,1,0,0,1,0,False,False,,
p9,train,mvu_2e3c787fa1b10bd9b7e835d7,ME,p9_conv_8,12,2025-05-10,support_experience,,occurred,1,0,0,1,0,False,False,,
p9,train,mvu_3d75967672c0dd7f8f058925,ME,p9_conv_8,12,2025-05-10,meaningful_experience,,ongoing_stage,1,0,0,1,0,False,False,,
p9,train,mvu_598d4b28eb27401d6cac4049,MP,p9_conv_9,13,2025-06-05,durable_health_constraint,chronic_physical_symptom,,1,0,0,1,0,True,False,,
p9,train,mvu_bd2a035df6317be87ef951f0,ME,p9_conv_9,13,2025-06-05,life_event,,occurred,1,0,0,1,0,False,False,,
p9,train,mvu_ffd4ff4816161f7ff03140fb,ME,p9_conv_9,13,2025-06-05,transient_state,,ongoing_stage,1,0,0,1,0,False,False,,
p9,train,mvu_4edc20aa1702ea6ef0b55be5,ME,p9_conv_9,13,2025-06-05,coping_attempt,,ongoing_stage,1,0,0,1,0,False,False,,
p9,train,mvu_43635ed2df3b8d4db331164a,ME,p9_conv_9,13,2025-06-05,coping_attempt,,ongoing_stage,1,0,0,1,0,False,False,,
p9,train,mvu_1b58862756039a6d8b445c80,ME,p9_conv_9,13,2025-06-05,coping_attempt,,ongoing_stage,1,0,0,1,0,False,False,,
p9,train,mvu_0fab6dec6ad7b1e4624c3e23,ME,p9_conv_9,13,2025-06-05,support_experience,,occurred,1,0,0,1,0,False,False,,
p9,train,mvu_cef0a7d2b4bd75793c5afc2f,ME,p9_conv_9,13,2025-06-05,meaningful_experience,,ongoing_stage,1,0,0,1,0,False,False,,
p9,train,mvu_c76ae846b3b9f5ae194a2b65,MP,p9_conv_10,14,2025-06-15,occupation,current_employment_type,,1,0,0,1,0,False,False,,
p9,train,mvu_7cf587d4ada30d6c6578a6b5,MP,p9_conv_10,14,2025-06-15,location,current_residence_context,,1,0,0,1,0,False,False,,
p9,train,mvu_dbd66c2aafd11bff4cb3ba68,ME,p9_conv_10,14,2025-06-15,state_onset,,occurred,1,0,0,1,0,False,False,,
p9,train,mvu_985dabcd2bd3c78762ac4259,ME,p9_conv_10,14,2025-06-15,life_event,,occurred,1,0,0,1,0,False,False,,
p9,train,mvu_49f87401e2d93d924a205791,ME,p9_conv_10,14,2025-06-15,support_experience,,occurred,1,0,0,1,0,False,False,,
p9,train,mvu_70ac49c89e98cf04d20d7f45,ME,p9_conv_10,14,2025-06-15,relationship_event,,occurred,1,0,0,1,0,False,False,,
p9,train,mvu_daf575d4358e950e70685717,ME,p9_conv_10,14,2025-06-15,state_change,,occurred,2,0,0,2,0,False,False,,
p9,train,mvu_76ee1b1e9201b93b3b4ea44f,ME,p9_conv_10,14,2025-06-15,coping_attempt,,ongoing_stage,1,0,0,1,0,False,False,,
p9,train,mvu_8b888fc30692bcd9c8c9dc9c,ME,p9_conv_10,14,2025-06-15,meaningful_experience,,ongoing_stage,1,0,0,1,0,False,False,,
p9,train,mvu_c887cd8cc0748f9e6bacc90c,MP,p9_conv_11,15,2025-07-01,enduring_preference,difficulty_reaching_out_to_others_after_conflict,,1,0,0,1,0,True,False,,
p9,train,mvu_2b0e2a50d6a27a4a47b7a61e,MP,p9_conv_11,15,2025-07-01,durable_health_constraint,anxiety,,1,0,0,1,0,False,False,,
p9,train,mvu_8e0ac9e6d73855b1320cb17c,ME,p9_conv_11,15,2025-07-01,relationship_event,,occurred,1,0,0,1,0,False,False,,
p9,train,mvu_d40e4c877147c4743b481d36,ME,p9_conv_11,15,2025-07-01,coping_attempt,,ongoing_stage,1,0,0,1,0,False,False,,
p9,train,mvu_5b4053951284d1992e51d95f,ME,p9_conv_11,15,2025-07-01,support_experience,,occurred,1,0,0,1,0,False,False,,
p9,train,mvu_d4429b06529d12a34c3efe8c,ME,p9_conv_11,15,2025-07-01,meaningful_experience,,ongoing_stage,1,0,0,1,0,False,False,,
p9,train,mvu_5242445a75710b3944433bdb,MP,p9_conv_12,16,2025-07-25,durable_health_constraint,chronic_physical_symptom,,1,0,0,1,0,False,False,,
p9,train,mvu_ca32aabc8625fe42b78b8086,ME,p9_conv_12,16,2025-07-25,relationship_event,,occurred,2,0,0,2,0,False,False,,
p9,train,mvu_b77eb84e72b3febea076e187,ME,p9_conv_12,16,2025-07-25,transient_state,,ongoing_stage,2,0,0,2,0,False,False,,
p9,train,mvu_de0e6b65eabbbd5da476d759,ME,p9_conv_12,16,2025-07-25,support_experience,,occurred,1,0,0,1,0,False,False,,
p9,train,mvu_8a898a38fec7fc62a91d7963,ME,p9_conv_13,17,2025-08-05,meaningful_experience,,occurred,2,0,0,2,0,False,False,,
p9,train,mvu_de328ffce659f484ea3ac1e0,ME,p9_conv_13,17,2025-08-05,state_onset,,occurred,2,0,0,2,0,False,False,,
p9,train,mvu_91aaaafabb550e968c26794c,MP,p9_conv_14,18,2025-09-01,durable_health_constraint,back_pain,,2,0,0,2,0,False,False,,
p9,train,mvu_7c726140a5b005d6c2e3e038,MP,p9_conv_14,18,2025-09-01,enduring_interest,valuing_shared_history_in_friendships,,2,0,0,2,0,False,False,,
p9,train,mvu_5277218f0a40d2d32cd41b3b,ME,p9_conv_14,18,2025-09-01,relationship_event,,occurred,3,0,0,3,0,False,False,,
p9,train,mvu_f0e1d1c83b58dd11ebf3b8dd,ME,p9_conv_14,18,2025-09-01,coping_attempt,,ongoing_stage,2,0,0,2,0,False,False,,
p9,train,mvu_d35c604da2313fec0535020d,ME,p9_conv_14,18,2025-09-01,coping_attempt,,ongoing_stage,1,0,0,1,0,False,False,,
p9,train,mvu_8bc7098db6d8ff94054be392,ME,p9_conv_14,18,2025-09-01,transient_state,,occurred,2,0,0,2,0,False,False,,
p9,train,mvu_7331d8df5b4e24833660ba25,ME,p9_conv_15,19,2025-09-10,coping_attempt,,occurred,1,0,0,1,0,False,False,,
p9,train,mvu_4df263a69d573b0f7257358f,ME,p9_conv_15,19,2025-09-10,coping_attempt,,ongoing_stage,1,0,0,1,0,False,False,,
p9,train,mvu_9325b78987ec30cb4d538f99,ME,p9_conv_15,19,2025-09-10,state_onset,,occurred,1,0,0,1,0,False,False,,
p9,train,mvu_bf553fdd85b40fe48043ec5d,ME,p9_conv_15,19,2025-09-10,meaningful_experience,,occurred,1,0,0,1,0,False,False,,
p9,train,mvu_f485c0ee6e51e0889379a786,ME,p9_conv_16,20,2025-09-25,meaningful_experience,,occurred,2,0,0,2,0,False,False,,
p9,train,mvu_dab3afacbb11da3cbbf6e835,ME,p9_conv_16,20,2025-09-25,relationship_event,,occurred,1,0,0,1,0,False,False,,
