owner,split,group,idx,capability,structural_stratum,semantic_admissibility,independent_gold
p1,dev,timeline,1,temporal reasoning,visible_reference_present,pending_source_scope_review,False
p1,dev,timeline,2,conflict detection,visible_reference_present,pending_source_scope_review,False
p1,dev,timeline,3,user modeling,visible_reference_present,pending_source_scope_review,False
p1,dev,timeline,4,abstention,no_evidence,pending_source_scope_review,False
p1,dev,timeline,5,information extraction,visible_reference_present,pending_source_scope_review,False
p1,dev,esc1024,1,information extraction,visible_reference_present,pending_source_scope_review,False
p1,dev,esc1024,2,temporal reasoning,visible_reference_present,pending_source_scope_review,False
p1,dev,esc1024,3,conflict detection,visible_reference_present,pending_source_scope_review,False
p1,dev,esc1024,4,abstention,no_evidence,pending_source_scope_review,False
p1,dev,esc1024,5,user modeling,visible_reference_present,pending_source_scope_review,False
p1,dev,esc1172,1,information extraction,private_only,pending_source_scope_review,False
p1,dev,esc1172,2,temporal reasoning,visible_reference_present,pending_source_scope_review,False
p1,dev,esc1172,3,conflict detection,visible_reference_present,pending_source_scope_review,False
p1,dev,esc1172,4,user modeling,visible_reference_present,pending_source_scope_review,False
p1,dev,esc1172,5,abstention,no_evidence,pending_source_scope_review,False
p1,dev,esc245,1,information extraction,visible_reference_present,pending_source_scope_review,False
p1,dev,esc245,2,temporal reasoning,visible_reference_present,pending_source_scope_review,False
p1,dev,esc245,3,temporal reasoning,visible_reference_present,pending_source_scope_review,False
p1,dev,esc245,4,conflict detection,visible_reference_present,pending_source_scope_review,False
p1,dev,esc245,5,user modeling,visible_reference_present,pending_source_scope_review,False
p1,dev,esc245,6,abstention,no_evidence,pending_source_scope_review,False
p1,dev,esc786,1,information extraction,visible_reference_present,pending_source_scope_review,False
p1,dev,esc786,2,temporal reasoning,visible_reference_present,pending_source_scope_review,False
p1,dev,esc786,3,conflict detection,visible_reference_present,pending_source_scope_review,False
p1,dev,esc786,4,user modeling,visible_reference_present,pending_source_scope_review,False
p1,dev,p1_conv_1,1,information extraction,visible_reference_present,pending_source_scope_review,False
p1,dev,p1_conv_1,2,conflict detection,visible_reference_present,pending_source_scope_review,False
p1,dev,p1_conv_1,3,user modeling,visible_reference_present,pending_source_scope_review,False
p1,dev,p1_conv_2,1,information extraction,visible_reference_present,pending_source_scope_review,False
p1,dev,p1_conv_2,2,conflict detection,visible_reference_present,pending_source_scope_review,False
p1,dev,p1_conv_2,3,temporal reasoning,visible_reference_present,pending_source_scope_review,False
p1,dev,p1_conv_2,4,abstention,no_evidence,pending_source_scope_review,False
p1,dev,p1_conv_2,5,user modeling,visible_reference_present,pending_source_scope_review,False
p1,dev,p1_conv_3,1,information extraction,visible_reference_present,pending_source_scope_review,False
p1,dev,p1_conv_3,2,temporal reasoning,visible_reference_present,pending_source_scope_review,False
p1,dev,p1_conv_3,3,conflict detection,visible_reference_present,pending_source_scope_review,False
p1,dev,p1_conv_3,4,user modeling,unresolved_reference,pending_source_scope_review,False
p1,dev,p1_conv_3,5,abstention,no_evidence,pending_source_scope_review,False
p1,dev,p1_conv_4,1,information extraction,visible_reference_present,pending_source_scope_review,False
p1,dev,p1_conv_4,2,temporal reasoning,visible_reference_present,pending_source_scope_review,False
p1,dev,p1_conv_4,3,temporal reasoning,visible_reference_present,pending_source_scope_review,False
p1,dev,p1_conv_4,4,conflict detection,visible_reference_present,pending_source_scope_review,False
p1,dev,p1_conv_4,5,abstention,no_evidence,pending_source_scope_review,False
p1,dev,p1_conv_4,6,user modeling,visible_reference_present,pending_source_scope_review,False
p1,dev,p1_conv_5,1,information extraction,visible_reference_present,pending_source_scope_review,False
p1,dev,p1_conv_5,2,temporal reasoning,visible_reference_present,pending_source_scope_review,False
p1,dev,p1_conv_5,3,conflict detection,visible_reference_present,pending_source_scope_review,False
p1,dev,p1_conv_5,4,abstention,no_evidence,pending_source_scope_review,False
p1,dev,p1_conv_5,5,user modeling,visible_reference_present,pending_source_scope_review,False
p1,dev,p1_conv_6,1,information extraction,visible_reference_present,pending_source_scope_review,False
p1,dev,p1_conv_6,2,temporal reasoning,visible_reference_present,pending_source_scope_review,False
p1,dev,p1_conv_6,3,temporal reasoning,visible_reference_present,pending_source_scope_review,False
p1,dev,p1_conv_6,4,conflict detection,visible_reference_present,pending_source_scope_review,False
p1,dev,p1_conv_6,5,abstention,no_evidence,pending_source_scope_review,False
p1,dev,p1_conv_6,6,user modeling,visible_reference_present,pending_source_scope_review,False
p1,dev,p1_conv_7,1,information extraction,visible_reference_present,pending_source_scope_review,False
p1,dev,p1_conv_7,2,temporal reasoning,visible_reference_present,pending_source_scope_review,False
p1,dev,p1_conv_7,3,temporal reasoning,visible_reference_present,pending_source_scope_review,False
p1,dev,p1_conv_7,4,conflict detection,visible_reference_present,pending_source_scope_review,False
p1,dev,p1_conv_7,5,user modeling,visible_reference_present,pending_source_scope_review,False
p1,dev,p1_conv_8,1,information extraction,visible_reference_present,pending_source_scope_review,False
p1,dev,p1_conv_8,2,temporal reasoning,visible_reference_present,pending_source_scope_review,False
p1,dev,p1_conv_8,3,conflict detection,visible_reference_present,pending_source_scope_review,False
p1,dev,p1_conv_8,4,user modeling,visible_reference_present,pending_source_scope_review,False
p1,dev,p1_conv_8,5,abstention,no_evidence,pending_source_scope_review,False
p1,dev,p1_conv_9,1,information extraction,visible_reference_present,pending_source_scope_review,False
p1,dev,p1_conv_9,2,temporal reasoning,visible_reference_present,pending_source_scope_review,False
p1,dev,p1_conv_9,3,conflict detection,visible_reference_present,pending_source_scope_review,False
p1,dev,p1_conv_9,4,abstention,no_evidence,pending_source_scope_review,False
p1,dev,p1_conv_9,5,user modeling,visible_reference_present,pending_source_scope_review,False
p1,dev,p1_conv_10,1,information extraction,visible_reference_present,pending_source_scope_review,False
p1,dev,p1_conv_10,2,temporal reasoning,visible_reference_present,pending_source_scope_review,False
p1,dev,p1_conv_10,3,conflict detection,visible_reference_present,pending_source_scope_review,False
p1,dev,p1_conv_10,4,abstention,no_evidence,pending_source_scope_review,False
p1,dev,p1_conv_10,5,user modeling,unresolved_reference,pending_source_scope_review,False
p1,dev,p1_conv_11,1,temporal reasoning,visible_reference_present,pending_source_scope_review,False
p1,dev,p1_conv_11,2,conflict detection,visible_reference_present,pending_source_scope_review,False
p1,dev,p1_conv_11,3,user modeling,visible_reference_present,pending_source_scope_review,False
p1,dev,p1_conv_12,1,temporal reasoning,visible_reference_present,pending_source_scope_review,False
p1,dev,p1_conv_12,2,conflict detection,visible_reference_present,pending_source_scope_review,False
p1,dev,p1_conv_12,3,user modeling,visible_reference_present,pending_source_scope_review,False
p1,dev,p1_conv_13,1,information extraction,visible_reference_present,pending_source_scope_review,False
p1,dev,p1_conv_13,2,temporal reasoning,visible_reference_present,pending_source_scope_review,False
p1,dev,p1_conv_13,3,temporal reasoning,visible_reference_present,pending_source_scope_review,False
p1,dev,p1_conv_13,4,user modeling,visible_reference_present,pending_source_scope_review,False
p1,dev,p1_conv_13,5,abstention,no_evidence,pending_source_scope_review,False
p1,dev,p1_conv_14,1,information extraction,visible_reference_present,pending_source_scope_review,False
p1,dev,p1_conv_14,2,user modeling,visible_reference_present,pending_source_scope_review,False
p1,dev,p1_conv_14,3,abstention,no_evidence,pending_source_scope_review,False
p1,dev,p1_conv_14,4,user modeling,visible_reference_present,pending_source_scope_review,False
p1,dev,p1_conv_15,1,information extraction,visible_reference_present,pending_source_scope_review,False
p1,dev,p1_conv_15,2,temporal reasoning,visible_reference_present,pending_source_scope_review,False
p1,dev,p1_conv_15,3,conflict detection,visible_reference_present,pending_source_scope_review,False
p1,dev,p1_conv_15,4,abstention,no_evidence,pending_source_scope_review,False
p1,dev,p1_conv_15,5,user modeling,visible_reference_present,pending_source_scope_review,False
p1,dev,p1_conv_16,1,temporal reasoning,visible_reference_present,pending_source_scope_review,False
p1,dev,p1_conv_16,2,conflict detection,visible_reference_present,pending_source_scope_review,False
p1,dev,p1_conv_16,3,abstention,no_evidence,pending_source_scope_review,False
p1,dev,p1_conv_16,4,user modeling,visible_reference_present,pending_source_scope_review,False
p1,dev,p1_conv_17,1,information extraction,visible_reference_present,pending_source_scope_review,False
p1,dev,p1_conv_17,2,temporal reasoning,visible_reference_present,pending_source_scope_review,False
p1,dev,p1_conv_17,3,conflict detection,visible_reference_present,pending_source_scope_review,False
p1,dev,p1_conv_17,4,abstention,no_evidence,pending_source_scope_review,False
p1,dev,p1_conv_17,5,user modeling,visible_reference_present,pending_source_scope_review,False
p1,dev,p1_conv_18,1,information extraction,visible_reference_present,pending_source_scope_review,False
p1,dev,p1_conv_18,2,temporal reasoning,visible_reference_present,pending_source_scope_review,False
p1,dev,p1_conv_18,3,temporal reasoning,visible_reference_present,pending_source_scope_review,False
p1,dev,p1_conv_18,4,conflict detection,visible_reference_present,pending_source_scope_review,False
p1,dev,p1_conv_18,5,abstention,no_evidence,pending_source_scope_review,False
p1,dev,p1_conv_18,6,user modeling,visible_reference_present,pending_source_scope_review,False
p1,dev,p1_conv_19,1,temporal reasoning,visible_reference_present,pending_source_scope_review,False
p1,dev,p1_conv_19,2,conflict detection,visible_reference_present,pending_source_scope_review,False
p1,dev,p1_conv_19,3,abstention,no_evidence,pending_source_scope_review,False
p1,dev,p1_conv_19,4,user modeling,visible_reference_present,pending_source_scope_review,False
p1,dev,p1_conv_20,1,information extraction,visible_reference_present,pending_source_scope_review,False
p1,dev,p1_conv_20,2,temporal reasoning,visible_reference_present,pending_source_scope_review,False
p1,dev,p1_conv_20,3,conflict detection,visible_reference_present,pending_source_scope_review,False
p1,dev,p1_conv_20,4,abstention,no_evidence,pending_source_scope_review,False
p1,dev,p1_conv_20,5,user modeling,visible_reference_present,pending_source_scope_review,False
p1,dev,p1_conv_21,1,information extraction,visible_reference_present,pending_source_scope_review,False
p1,dev,p1_conv_21,2,conflict detection,visible_reference_present,pending_source_scope_review,False
p1,dev,p1_conv_21,3,abstention,no_evidence,pending_source_scope_review,False
p1,dev,p1_conv_21,4,user modeling,visible_reference_present,pending_source_scope_review,False
p1,dev,p1_conv_22,1,information extraction,visible_reference_present,pending_source_scope_review,False
p1,dev,p1_conv_22,2,temporal reasoning,visible_reference_present,pending_source_scope_review,False
p1,dev,p1_conv_22,3,conflict detection,visible_reference_present,pending_source_scope_review,False
p1,dev,p1_conv_22,4,user modeling,visible_reference_present,pending_source_scope_review,False
p1,dev,p1_conv_23,1,information extraction,visible_reference_present,pending_source_scope_review,False
p1,dev,p1_conv_23,2,temporal reasoning,visible_reference_present,pending_source_scope_review,False
p1,dev,p1_conv_23,3,user modeling,visible_reference_present,pending_source_scope_review,False
p1,dev,p1_conv_24,1,temporal reasoning,visible_reference_present,pending_source_scope_review,False
p1,dev,p1_conv_24,2,conflict detection,visible_reference_present,pending_source_scope_review,False
p1,dev,p1_conv_24,3,user modeling,visible_reference_present,pending_source_scope_review,False
p1,dev,p1_conv_24,4,abstention,no_evidence,pending_source_scope_review,False
p1,dev,p1_conv_25,1,information extraction,visible_reference_present,pending_source_scope_review,False
p1,dev,p1_conv_25,2,temporal reasoning,visible_reference_present,pending_source_scope_review,False
p1,dev,p1_conv_25,3,conflict detection,visible_reference_present,pending_source_scope_review,False
p1,dev,p1_conv_25,4,user modeling,visible_reference_present,pending_source_scope_review,False
p1,dev,p1_conv_26,1,information extraction,visible_reference_present,pending_source_scope_review,False
p1,dev,p1_conv_26,2,temporal reasoning,visible_reference_present,pending_source_scope_review,False
p1,dev,p1_conv_26,3,user modeling,visible_reference_present,pending_source_scope_review,False
p1,dev,p1_conv_26,4,abstention,no_evidence,pending_source_scope_review,False
p1,dev,p1_conv_26,5,user modeling,visible_reference_present,pending_source_scope_review,False
p1,dev,p1_conv_27,1,temporal reasoning,visible_reference_present,pending_source_scope_review,False
p1,dev,p1_conv_27,2,conflict detection,visible_reference_present,pending_source_scope_review,False
p1,dev,p1_conv_27,3,abstention,no_evidence,pending_source_scope_review,False
p1,dev,p1_conv_27,4,user modeling,visible_reference_present,pending_source_scope_review,False
p1,dev,p1_conv_27,5,user modeling,visible_reference_present,pending_source_scope_review,False
p1,dev,p1_conv_28,1,information extraction,visible_reference_present,pending_source_scope_review,False
p1,dev,p1_conv_28,2,temporal reasoning,visible_reference_present,pending_source_scope_review,False
p1,dev,p1_conv_28,3,user modeling,visible_reference_present,pending_source_scope_review,False
p2,train,timeline,1,information extraction,visible_reference_present,pending_source_scope_review,False
p2,train,timeline,2,temporal reasoning,visible_reference_present,pending_source_scope_review,False
p2,train,timeline,3,abstention,no_evidence,pending_source_scope_review,False
p2,train,timeline,4,user modeling,visible_reference_present,pending_source_scope_review,False
p2,train,esc1091,1,information extraction,visible_reference_present,pending_source_scope_review,False
p2,train,esc1091,2,user modeling,visible_reference_present,pending_source_scope_review,False
p2,train,esc1091,3,abstention,no_evidence,pending_source_scope_review,False
p2,train,esc150,1,user modeling,visible_reference_present,pending_source_scope_review,False
p2,train,esc955,1,information extraction,visible_reference_present,pending_source_scope_review,False
p2,train,esc955,2,user modeling,visible_reference_present,pending_source_scope_review,False
p2,train,esc611,1,user modeling,visible_reference_present,pending_source_scope_review,False
p2,train,p2_conv_2,1,temporal reasoning,visible_reference_present,pending_source_scope_review,False
p2,train,p2_conv_2,2,abstention,no_evidence,pending_source_scope_review,False
p2,train,p2_conv_3,1,user modeling,visible_reference_present,pending_source_scope_review,False
p2,train,p2_conv_4,1,temporal reasoning,visible_reference_present,pending_source_scope_review,False
p2,train,p2_conv_5,1,conflict detection,visible_reference_present,pending_source_scope_review,False
p2,train,p2_conv_5,2,abstention,no_evidence,pending_source_scope_review,False
p2,train,p2_conv_6,1,abstention,no_evidence,pending_source_scope_review,False
p2,train,p2_conv_7,1,temporal reasoning,visible_reference_present,pending_source_scope_review,False
p2,train,p2_conv_8,1,information extraction,visible_reference_present,pending_source_scope_review,False
p2,train,p2_conv_9,1,information extraction,visible_reference_present,pending_source_scope_review,False
p2,train,p2_conv_9,2,conflict detection,visible_reference_present,pending_source_scope_review,False
p2,train,p2_conv_9,3,user modeling,visible_reference_present,pending_source_scope_review,False
p2,train,p2_conv_11,1,conflict detection,visible_reference_present,pending_source_scope_review,False
p2,train,p2_conv_12,1,temporal reasoning,visible_reference_present,pending_source_scope_review,False
p2,train,p2_conv_12,2,conflict detection,visible_reference_present,pending_source_scope_review,False
p2,train,p2_conv_16,1,information extraction,visible_reference_present,pending_source_scope_review,False
p2,train,p2_conv_16,2,conflict detection,visible_reference_present,pending_source_scope_review,False
p2,train,p2_conv_17,1,information extraction,visible_reference_present,pending_source_scope_review,False
p2,train,p2_conv_19,1,temporal reasoning,visible_reference_present,pending_source_scope_review,False
p2,train,p2_conv_19,2,user modeling,visible_reference_present,pending_source_scope_review,False
p2,train,p2_conv_20,1,conflict detection,visible_reference_present,pending_source_scope_review,False
p2,train,p2_conv_21,1,information extraction,visible_reference_present,pending_source_scope_review,False
p2,train,p2_conv_21,2,abstention,no_evidence,pending_source_scope_review,False
p2,train,p2_conv_22,1,information extraction,visible_reference_present,pending_source_scope_review,False
p2,train,p2_conv_22,2,conflict detection,visible_reference_present,pending_source_scope_review,False
p3,train,timeline,1,information extraction,visible_reference_present,pending_source_scope_review,False
p3,train,timeline,2,temporal reasoning,visible_reference_present,pending_source_scope_review,False
p3,train,timeline,3,temporal reasoning,visible_reference_present,pending_source_scope_review,False
p3,train,timeline,4,conflict detection,visible_reference_present,pending_source_scope_review,False
p3,train,timeline,5,conflict detection,visible_reference_present,pending_source_scope_review,False
p3,train,timeline,6,user modeling,visible_reference_present,pending_source_scope_review,False
p3,train,esc844,1,information extraction,visible_reference_present,pending_source_scope_review,False
p3,train,esc844,2,temporal reasoning,visible_reference_present,pending_source_scope_review,False
p3,train,esc844,3,conflict detection,visible_reference_present,pending_source_scope_review,False
p3,train,esc844,4,abstention,no_evidence,pending_source_scope_review,False
p3,train,esc207,1,information extraction,visible_reference_present,pending_source_scope_review,False
p3,train,esc207,2,conflict detection,visible_reference_present,pending_source_scope_review,False
p3,train,esc207,3,abstention,no_evidence,pending_source_scope_review,False
p3,train,esc471,1,information extraction,visible_reference_present,pending_source_scope_review,False
p3,train,esc471,2,temporal reasoning,visible_reference_present,pending_source_scope_review,False
p3,train,esc471,3,abstention,no_evidence,pending_source_scope_review,False
p3,train,esc471,4,conflict detection,visible_reference_present,pending_source_scope_review,False
p3,train,p3_conv_2,1,abstention,no_evidence,pending_source_scope_review,False
p3,train,p3_conv_3,1,information extraction,visible_reference_present,pending_source_scope_review,False
p3,train,p3_conv_3,2,conflict detection,visible_reference_present,pending_source_scope_review,False
p3,train,p3_conv_3,3,abstention,no_evidence,pending_source_scope_review,False
p3,train,p3_conv_3,4,user modeling,visible_reference_present,pending_source_scope_review,False
p3,train,p3_conv_4,1,information extraction,visible_reference_present,pending_source_scope_review,False
p3,train,p3_conv_4,2,temporal reasoning,visible_reference_present,pending_source_scope_review,False
p3,train,p3_conv_4,3,conflict detection,visible_reference_present,pending_source_scope_review,False
p3,train,p3_conv_4,4,abstention,no_evidence,pending_source_scope_review,False
p3,train,p3_conv_4,5,user modeling,visible_reference_present,pending_source_scope_review,False
p3,train,p3_conv_5,1,information extraction,visible_reference_present,pending_source_scope_review,False
p3,train,p3_conv_5,2,information extraction,visible_reference_present,pending_source_scope_review,False
p3,train,p3_conv_5,3,conflict detection,visible_reference_present,pending_source_scope_review,False
p3,train,p3_conv_5,4,user modeling,visible_reference_present,pending_source_scope_review,False
p3,train,p3_conv_5,5,abstention,no_evidence,pending_source_scope_review,False
p3,train,p3_conv_6,1,information extraction,visible_reference_present,pending_source_scope_review,False
p3,train,p3_conv_6,2,temporal reasoning,visible_reference_present,pending_source_scope_review,False
p3,train,p3_conv_6,3,abstention,no_evidence,pending_source_scope_review,False
p3,train,p3_conv_6,4,user modeling,visible_reference_present,pending_source_scope_review,False
p3,train,esc51,1,information extraction,visible_reference_present,pending_source_scope_review,False
p3,train,esc51,2,temporal reasoning,visible_reference_present,pending_source_scope_review,False
p3,train,esc51,3,abstention,no_evidence,pending_source_scope_review,False
p3,train,esc51,4,user modeling,visible_reference_present,pending_source_scope_review,False
p3,train,p3_conv_7,1,information extraction,visible_reference_present,pending_source_scope_review,False
p3,train,p3_conv_7,2,temporal reasoning,visible_reference_present,pending_source_scope_review,False
p3,train,p3_conv_7,3,temporal reasoning,visible_reference_present,pending_source_scope_review,False
p3,train,p3_conv_7,4,conflict detection,visible_reference_present,pending_source_scope_review,False
p3,train,p3_conv_7,5,abstention,no_evidence,pending_source_scope_review,False
p3,train,p3_conv_7,6,user modeling,visible_reference_present,pending_source_scope_review,False
p3,train,p3_conv_8,1,information extraction,visible_reference_present,pending_source_scope_review,False
p3,train,p3_conv_8,2,temporal reasoning,visible_reference_present,pending_source_scope_review,False
p3,train,p3_conv_8,3,conflict detection,visible_reference_present,pending_source_scope_review,False
p3,train,p3_conv_8,4,user modeling,visible_reference_present,pending_source_scope_review,False
p3,train,p3_conv_9,1,conflict detection,visible_reference_present,pending_source_scope_review,False
p3,train,p3_conv_9,2,conflict detection,visible_reference_present,pending_source_scope_review,False
p3,train,p3_conv_9,3,abstention,no_evidence,pending_source_scope_review,False
p3,train,p3_conv_9,4,user modeling,visible_reference_present,pending_source_scope_review,False
p3,train,p3_conv_9,5,user modeling,visible_reference_present,pending_source_scope_review,False
p3,train,p3_conv_10,1,information extraction,visible_reference_present,pending_source_scope_review,False
p3,train,p3_conv_10,2,temporal reasoning,visible_reference_present,pending_source_scope_review,False
p3,train,p3_conv_10,3,conflict detection,visible_reference_present,pending_source_scope_review,False
p3,train,p3_conv_10,4,abstention,no_evidence,pending_source_scope_review,False
p3,train,p3_conv_11,1,information extraction,visible_reference_present,pending_source_scope_review,False
p3,train,p3_conv_11,2,abstention,no_evidence,pending_source_scope_review,False
p3,train,p3_conv_11,3,user modeling,visible_reference_present,pending_source_scope_review,False
p3,train,p3_conv_12,1,information extraction,visible_reference_present,pending_source_scope_review,False
p3,train,p3_conv_12,2,abstention,no_evidence,pending_source_scope_review,False
p3,train,p3_conv_12,3,user modeling,visible_reference_present,pending_source_scope_review,False
p3,train,p3_conv_13,1,information extraction,visible_reference_present,pending_source_scope_review,False
p3,train,p3_conv_13,2,temporal reasoning,visible_reference_present,pending_source_scope_review,False
p3,train,p3_conv_13,3,conflict detection,visible_reference_present,pending_source_scope_review,False
p3,train,p3_conv_13,4,abstention,no_evidence,pending_source_scope_review,False
p3,train,p3_conv_13,5,user modeling,visible_reference_present,pending_source_scope_review,False
p3,train,p3_conv_14,1,information extraction,visible_reference_present,pending_source_scope_review,False
p3,train,p3_conv_14,2,temporal reasoning,visible_reference_present,pending_source_scope_review,False
p3,train,p3_conv_14,3,abstention,no_evidence,pending_source_scope_review,False
p3,train,p3_conv_15,1,abstention,no_evidence,pending_source_scope_review,False
p3,train,p3_conv_15,2,abstention,no_evidence,pending_source_scope_review,False
p3,train,p3_conv_15,3,user modeling,visible_reference_present,pending_source_scope_review,False
p3,train,p3_conv_16,1,information extraction,visible_reference_present,pending_source_scope_review,False
p3,train,p3_conv_16,2,conflict detection,visible_reference_present,pending_source_scope_review,False
p3,train,p3_conv_17,1,information extraction,visible_reference_present,pending_source_scope_review,False
p3,train,p3_conv_17,2,temporal reasoning,visible_reference_present,pending_source_scope_review,False
p3,train,p3_conv_17,3,conflict detection,visible_reference_present,pending_source_scope_review,False
p3,train,p3_conv_17,4,abstention,no_evidence,pending_source_scope_review,False
p3,train,p3_conv_17,5,user modeling,visible_reference_present,pending_source_scope_review,False
p3,train,p3_conv_18,1,information extraction,visible_reference_present,pending_source_scope_review,False
p3,train,p3_conv_18,2,conflict detection,visible_reference_present,pending_source_scope_review,False
p3,train,p3_conv_18,3,abstention,no_evidence,pending_source_scope_review,False
p3,train,p3_conv_19,1,temporal reasoning,visible_reference_present,pending_source_scope_review,False
p3,train,p3_conv_19,2,abstention,no_evidence,pending_source_scope_review,False
p3,train,p3_conv_19,3,user modeling,visible_reference_present,pending_source_scope_review,False
p3,train,p3_conv_20,1,information extraction,visible_reference_present,pending_source_scope_review,False
p3,train,p3_conv_20,2,temporal reasoning,visible_reference_present,pending_source_scope_review,False
p3,train,p3_conv_20,3,conflict detection,visible_reference_present,pending_source_scope_review,False
p3,train,p3_conv_20,4,conflict detection,visible_reference_present,pending_source_scope_review,False
p3,train,p3_conv_20,5,user modeling,visible_reference_present,pending_source_scope_review,False
p3,train,p3_conv_21,1,information extraction,visible_reference_present,pending_source_scope_review,False
p3,train,p3_conv_21,2,temporal reasoning,visible_reference_present,pending_source_scope_review,False
p3,train,p3_conv_21,3,user modeling,visible_reference_present,pending_source_scope_review,False
p3,train,p3_conv_21,4,abstention,no_evidence,pending_source_scope_review,False
p3,train,p3_conv_22,1,temporal reasoning,visible_reference_present,pending_source_scope_review,False
p3,train,p3_conv_22,2,conflict detection,visible_reference_present,pending_source_scope_review,False
p3,train,p3_conv_23,1,information extraction,visible_reference_present,pending_source_scope_review,False
p3,train,p3_conv_23,2,temporal reasoning,visible_reference_present,pending_source_scope_review,False
p3,train,p3_conv_23,3,conflict detection,visible_reference_present,pending_source_scope_review,False
p3,train,p3_conv_23,4,abstention,no_evidence,pending_source_scope_review,False
p3,train,p3_conv_24,1,information extraction,visible_reference_present,pending_source_scope_review,False
p3,train,p3_conv_24,2,abstention,no_evidence,pending_source_scope_review,False
p3,train,p3_conv_24,3,user modeling,visible_reference_present,pending_source_scope_review,False
p5,train,timeline,1,conflict detection,visible_reference_present,pending_source_scope_review,False
p5,train,timeline,2,user modeling,visible_reference_present,pending_source_scope_review,False
p5,train,timeline,3,information extraction,visible_reference_present,pending_source_scope_review,False
p5,train,timeline,4,information extraction,visible_reference_present,pending_source_scope_review,False
p5,train,esc652,1,information extraction,visible_reference_present,pending_source_scope_review,False
p5,train,esc652,2,information extraction,visible_reference_present,pending_source_scope_review,False
p5,train,esc652,3,temporal reasoning,visible_reference_present,pending_source_scope_review,False
p5,train,esc62,1,information extraction,visible_reference_present,pending_source_scope_review,False
p5,train,esc62,2,temporal reasoning,unresolved_reference,pending_source_scope_review,False
p5,train,esc62,3,conflict detection,visible_reference_present,pending_source_scope_review,False
p5,train,esc62,4,abstention,no_evidence,pending_source_scope_review,False
p5,train,esc62,5,user modeling,visible_reference_present,pending_source_scope_review,False
p5,train,esc968,1,information extraction,visible_reference_present,pending_source_scope_review,False
p5,train,esc968,2,temporal reasoning,visible_reference_present,pending_source_scope_review,False
p5,train,esc968,3,user modeling,visible_reference_present,pending_source_scope_review,False
p5,train,esc968,4,abstention,no_evidence,pending_source_scope_review,False
p5,train,esc1013,1,information extraction,visible_reference_present,pending_source_scope_review,False
p5,train,esc1013,2,temporal reasoning,visible_reference_present,pending_source_scope_review,False
p5,train,esc1013,3,user modeling,visible_reference_present,pending_source_scope_review,False
p5,train,p5_conv_1,1,information extraction,visible_reference_present,pending_source_scope_review,False
p5,train,p5_conv_1,2,information extraction,visible_reference_present,pending_source_scope_review,False
p5,train,p5_conv_1,3,temporal reasoning,visible_reference_present,pending_source_scope_review,False
p5,train,p5_conv_1,4,conflict detection,visible_reference_present,pending_source_scope_review,False
p5,train,p5_conv_1,5,abstention,no_evidence,pending_source_scope_review,False
p5,train,p5_conv_2,1,information extraction,visible_reference_present,pending_source_scope_review,False
p5,train,p5_conv_2,2,temporal reasoning,visible_reference_present,pending_source_scope_review,False
p5,train,p5_conv_2,3,conflict detection,visible_reference_present,pending_source_scope_review,False
p5,train,p5_conv_2,4,abstention,no_evidence,pending_source_scope_review,False
p5,train,p5_conv_2,5,user modeling,visible_reference_present,pending_source_scope_review,False
p5,train,p5_conv_3,1,information extraction,visible_reference_present,pending_source_scope_review,False
p5,train,p5_conv_3,2,temporal reasoning,visible_reference_present,pending_source_scope_review,False
p5,train,p5_conv_3,3,abstention,no_evidence,pending_source_scope_review,False
p5,train,p5_conv_3,4,user modeling,visible_reference_present,pending_source_scope_review,False
p5,train,p5_conv_4,1,information extraction,visible_reference_present,pending_source_scope_review,False
p5,train,p5_conv_4,2,temporal reasoning,visible_reference_present,pending_source_scope_review,False
p5,train,p5_conv_4,3,conflict detection,visible_reference_present,pending_source_scope_review,False
p5,train,p5_conv_4,4,conflict detection,visible_reference_present,pending_source_scope_review,False
p5,train,p5_conv_4,5,abstention,no_evidence,pending_source_scope_review,False
p5,train,p5_conv_5,1,information extraction,visible_reference_present,pending_source_scope_review,False
p5,train,p5_conv_5,2,temporal reasoning,unresolved_reference,pending_source_scope_review,False
p5,train,p5_conv_5,3,abstention,no_evidence,pending_source_scope_review,False
p5,train,p5_conv_5,4,user modeling,visible_reference_present,pending_source_scope_review,False
p5,train,p5_conv_6,1,information extraction,visible_reference_present,pending_source_scope_review,False
p5,train,p5_conv_6,2,information extraction,visible_reference_present,pending_source_scope_review,False
p5,train,p5_conv_6,3,user modeling,visible_reference_present,pending_source_scope_review,False
p5,train,p5_conv_7,1,temporal reasoning,visible_reference_present,pending_source_scope_review,False
p5,train,p5_conv_7,2,conflict detection,visible_reference_present,pending_source_scope_review,False
p5,train,p5_conv_7,3,abstention,no_evidence,pending_source_scope_review,False
p5,train,p5_conv_7,4,user modeling,visible_reference_present,pending_source_scope_review,False
p5,train,p5_conv_9,1,conflict detection,visible_reference_present,pending_source_scope_review,False
p5,train,p5_conv_10,1,information extraction,visible_reference_present,pending_source_scope_review,False
p5,train,p5_conv_10,2,abstention,no_evidence,pending_source_scope_review,False
p5,train,p5_conv_11,1,information extraction,visible_reference_present,pending_source_scope_review,False
p5,train,p5_conv_11,2,information extraction,visible_reference_present,pending_source_scope_review,False
p5,train,p5_conv_11,3,conflict detection,visible_reference_present,pending_source_scope_review,False
p5,train,p5_conv_11,4,user modeling,unresolved_reference,pending_source_scope_review,False
p5,train,p5_conv_12,1,information extraction,visible_reference_present,pending_source_scope_review,False
p5,train,p5_conv_12,2,conflict detection,visible_reference_present,pending_source_scope_review,False
p5,train,p5_conv_12,3,abstention,no_evidence,pending_source_scope_review,False
p5,train,p5_conv_12,4,user modeling,visible_reference_present,pending_source_scope_review,False
p5,train,p5_conv_13,1,information extraction,visible_reference_present,pending_source_scope_review,False
p5,train,p5_conv_13,2,temporal reasoning,visible_reference_present,pending_source_scope_review,False
p5,train,p5_conv_13,3,abstention,no_evidence,pending_source_scope_review,False
p5,train,p5_conv_13,4,user modeling,visible_reference_present,pending_source_scope_review,False
p5,train,p5_conv_14,1,information extraction,visible_reference_present,pending_source_scope_review,False
p5,train,p5_conv_14,2,temporal reasoning,visible_reference_present,pending_source_scope_review,False
p5,train,p5_conv_14,3,abstention,no_evidence,pending_source_scope_review,False
p5,train,p5_conv_14,4,user modeling,visible_reference_present,pending_source_scope_review,False
p5,train,p5_conv_15,1,information extraction,visible_reference_present,pending_source_scope_review,False
p5,train,p5_conv_15,2,temporal reasoning,visible_reference_present,pending_source_scope_review,False
p5,train,p5_conv_15,3,conflict detection,visible_reference_present,pending_source_scope_review,False
p5,train,p5_conv_15,4,user modeling,visible_reference_present,pending_source_scope_review,False
p5,train,p5_conv_16,1,temporal reasoning,visible_reference_present,pending_source_scope_review,False
p5,train,p5_conv_16,2,conflict detection,visible_reference_present,pending_source_scope_review,False
p5,train,p5_conv_16,3,abstention,no_evidence,pending_source_scope_review,False
p5,train,p5_conv_16,4,user modeling,visible_reference_present,pending_source_scope_review,False
p6,train,timeline,1,information extraction,visible_reference_present,pending_source_scope_review,False
p6,train,timeline,2,temporal reasoning,visible_reference_present,pending_source_scope_review,False
p6,train,timeline,3,conflict detection,visible_reference_present,pending_source_scope_review,False
p6,train,timeline,4,abstention,no_evidence,pending_source_scope_review,False
p6,train,timeline,5,user modeling,visible_reference_present,pending_source_scope_review,False
p6,train,esc140,1,information extraction,visible_reference_present,pending_source_scope_review,False
p6,train,esc140,2,temporal reasoning,visible_reference_present,pending_source_scope_review,False
p6,train,esc140,3,abstention,no_evidence,pending_source_scope_review,False
p6,train,esc1121,1,conflict detection,visible_reference_present,pending_source_scope_review,False
p6,train,esc1121,2,abstention,no_evidence,pending_source_scope_review,False
p6,train,esc1121,3,user modeling,visible_reference_present,pending_source_scope_review,False
p6,train,esc717,1,information extraction,visible_reference_present,pending_source_scope_review,False
p6,train,esc717,2,conflict detection,visible_reference_present,pending_source_scope_review,False
p6,train,esc717,3,abstention,no_evidence,pending_source_scope_review,False
p6,train,esc717,4,user modeling,visible_reference_present,pending_source_scope_review,False
p6,train,esc858,1,information extraction,visible_reference_present,pending_source_scope_review,False
p6,train,esc858,2,temporal reasoning,visible_reference_present,pending_source_scope_review,False
p6,train,esc858,3,conflict detection,visible_reference_present,pending_source_scope_review,False
p6,train,esc858,4,abstention,no_evidence,pending_source_scope_review,False
p6,train,esc858,5,user modeling,visible_reference_present,pending_source_scope_review,False
p6,train,p6_conv_1,1,information extraction,visible_reference_present,pending_source_scope_review,False
p6,train,p6_conv_1,2,temporal reasoning,visible_reference_present,pending_source_scope_review,False
p6,train,p6_conv_1,3,temporal reasoning,visible_reference_present,pending_source_scope_review,False
p6,train,p6_conv_1,4,abstention,no_evidence,pending_source_scope_review,False
p6,train,p6_conv_2,1,information extraction,visible_reference_present,pending_source_scope_review,False
p6,train,p6_conv_2,2,temporal reasoning,visible_reference_present,pending_source_scope_review,False
p6,train,p6_conv_2,3,abstention,no_evidence,pending_source_scope_review,False
p6,train,p6_conv_2,4,user modeling,visible_reference_present,pending_source_scope_review,False
p6,train,p6_conv_3,1,information extraction,visible_reference_present,pending_source_scope_review,False
p6,train,p6_conv_3,2,user modeling,visible_reference_present,pending_source_scope_review,False
p6,train,p6_conv_3,3,information extraction,no_evidence,pending_source_scope_review,False
p6,train,esc660,1,temporal reasoning,visible_reference_present,pending_source_scope_review,False
p6,train,esc660,2,temporal reasoning,visible_reference_present,pending_source_scope_review,False
p6,train,esc660,3,information extraction,visible_reference_present,pending_source_scope_review,False
p6,train,esc660,4,conflict detection,visible_reference_present,pending_source_scope_review,False
p6,train,esc660,5,conflict detection,visible_reference_present,pending_source_scope_review,False
p6,train,esc660,6,user modeling,visible_reference_present,pending_source_scope_review,False
p6,train,p6_conv_5,1,information extraction,visible_reference_present,pending_source_scope_review,False
p6,train,p6_conv_5,2,temporal reasoning,visible_reference_present,pending_source_scope_review,False
p6,train,p6_conv_5,3,abstention,no_evidence,pending_source_scope_review,False
p6,train,p6_conv_5,4,user modeling,visible_reference_present,pending_source_scope_review,False
p6,train,p6_conv_5,5,abstention,no_evidence,pending_source_scope_review,False
p6,train,p6_conv_5,6,temporal reasoning,visible_reference_present,pending_source_scope_review,False
p6,train,p6_conv_5,7,user modeling,visible_reference_present,pending_source_scope_review,False
p6,train,p6_conv_5,8,conflict detection,visible_reference_present,pending_source_scope_review,False
p6,train,p6_conv_7,1,information extraction,visible_reference_present,pending_source_scope_review,False
p6,train,p6_conv_7,2,conflict detection,visible_reference_present,pending_source_scope_review,False
p6,train,p6_conv_7,3,abstention,no_evidence,pending_source_scope_review,False
p6,train,p6_conv_7,4,user modeling,visible_reference_present,pending_source_scope_review,False
p6,train,p6_conv_7,5,user modeling,visible_reference_present,pending_source_scope_review,False
p6,train,p6_conv_8,1,information extraction,visible_reference_present,pending_source_scope_review,False
p6,train,p6_conv_8,2,temporal reasoning,visible_reference_present,pending_source_scope_review,False
p6,train,p6_conv_8,3,conflict detection,visible_reference_present,pending_source_scope_review,False
p6,train,p6_conv_8,4,abstention,no_evidence,pending_source_scope_review,False
p6,train,p6_conv_8,5,user modeling,visible_reference_present,pending_source_scope_review,False
p6,train,p6_conv_9,1,information extraction,visible_reference_present,pending_source_scope_review,False
p6,train,p6_conv_9,2,temporal reasoning,visible_reference_present,pending_source_scope_review,False
p6,train,p6_conv_9,3,conflict detection,visible_reference_present,pending_source_scope_review,False
p6,train,p6_conv_9,4,abstention,no_evidence,pending_source_scope_review,False
p6,train,p6_conv_9,5,user modeling,visible_reference_present,pending_source_scope_review,False
p6,train,p6_conv_10,1,information extraction,visible_reference_present,pending_source_scope_review,False
p6,train,p6_conv_10,2,temporal reasoning,visible_reference_present,pending_source_scope_review,False
p6,train,p6_conv_10,3,conflict detection,visible_reference_present,pending_source_scope_review,False
p6,train,p6_conv_10,4,user modeling,visible_reference_present,pending_source_scope_review,False
p6,train,p6_conv_11,1,information extraction,visible_reference_present,pending_source_scope_review,False
p6,train,p6_conv_11,2,temporal reasoning,visible_reference_present,pending_source_scope_review,False
p6,train,p6_conv_11,3,conflict detection,visible_reference_present,pending_source_scope_review,False
p6,train,p6_conv_11,4,abstention,no_evidence,pending_source_scope_review,False
p6,train,p6_conv_11,5,user modeling,unresolved_reference,pending_source_scope_review,False
p6,train,p6_conv_12,1,information extraction,visible_reference_present,pending_source_scope_review,False
p6,train,p6_conv_12,2,temporal reasoning,visible_reference_present,pending_source_scope_review,False
p6,train,p6_conv_12,3,conflict detection,visible_reference_present,pending_source_scope_review,False
p6,train,p6_conv_12,4,abstention,no_evidence,pending_source_scope_review,False
p6,train,p6_conv_12,5,user modeling,visible_reference_present,pending_source_scope_review,False
p6,train,p6_conv_13,1,information extraction,visible_reference_present,pending_source_scope_review,False
p6,train,p6_conv_13,2,temporal reasoning,visible_reference_present,pending_source_scope_review,False
p6,train,p6_conv_13,3,abstention,no_evidence,pending_source_scope_review,False
p6,train,p6_conv_13,4,user modeling,visible_reference_present,pending_source_scope_review,False
p6,train,p6_conv_14,1,temporal reasoning,visible_reference_present,pending_source_scope_review,False
p6,train,p6_conv_14,2,user modeling,visible_reference_present,pending_source_scope_review,False
p6,train,p6_conv_14,3,conflict detection,visible_reference_present,pending_source_scope_review,False
p6,train,p6_conv_15,1,information extraction,visible_reference_present,pending_source_scope_review,False
p6,train,p6_conv_15,2,temporal reasoning,visible_reference_present,pending_source_scope_review,False
p6,train,p6_conv_15,3,conflict detection,visible_reference_present,pending_source_scope_review,False
p6,train,p6_conv_15,4,user modeling,visible_reference_present,pending_source_scope_review,False
p6,train,p6_conv_15,5,abstention,no_evidence,pending_source_scope_review,False
p6,train,p6_conv_16,1,information extraction,visible_reference_present,pending_source_scope_review,False
p6,train,p6_conv_16,2,temporal reasoning,visible_reference_present,pending_source_scope_review,False
p6,train,p6_conv_16,3,conflict detection,visible_reference_present,pending_source_scope_review,False
p6,train,p6_conv_16,4,abstention,no_evidence,pending_source_scope_review,False
p6,train,p6_conv_16,5,user modeling,visible_reference_present,pending_source_scope_review,False
p6,train,p7_conv_17,1,temporal reasoning,unresolved_reference,pending_source_scope_review,False
p6,train,p7_conv_17,2,conflict detection,unresolved_reference,pending_source_scope_review,False
p6,train,p7_conv_17,3,user modeling,unresolved_reference,pending_source_scope_review,False
p6,train,p7_conv_17,4,user modeling,unresolved_reference,pending_source_scope_review,False
p6,train,p7_conv_17,5,abstention,no_evidence,pending_source_scope_review,False
p6,train,p6_conv_18,1,information extraction,visible_reference_present,pending_source_scope_review,False
p6,train,p6_conv_18,2,user modeling,visible_reference_present,pending_source_scope_review,False
p6,train,p6_conv_18,3,abstention,no_evidence,pending_source_scope_review,False
p6,train,p6_conv_19,1,information extraction,visible_reference_present,pending_source_scope_review,False
p6,train,p6_conv_19,2,temporal reasoning,visible_reference_present,pending_source_scope_review,False
p6,train,p6_conv_19,3,conflict detection,visible_reference_present,pending_source_scope_review,False
p6,train,p6_conv_19,4,abstention,no_evidence,pending_source_scope_review,False
p6,train,p6_conv_19,5,user modeling,visible_reference_present,pending_source_scope_review,False
p6,train,p6_conv_20,1,information extraction,visible_reference_present,pending_source_scope_review,False
p6,train,p6_conv_20,2,abstention,no_evidence,pending_source_scope_review,False
p8,train,timeline,1,information extraction,visible_reference_present,pending_source_scope_review,False
p8,train,timeline,2,temporal reasoning,visible_reference_present,pending_source_scope_review,False
p8,train,timeline,3,temporal reasoning,visible_reference_present,pending_source_scope_review,False
p8,train,timeline,4,conflict detection,visible_reference_present,pending_source_scope_review,False
p8,train,timeline,5,abstention,no_evidence,pending_source_scope_review,False
p8,train,esc995,1,information extraction,visible_reference_present,pending_source_scope_review,False
p8,train,esc995,2,information extraction,visible_reference_present,pending_source_scope_review,False
p8,train,esc995,3,temporal reasoning,visible_reference_present,pending_source_scope_review,False
p8,train,esc995,4,user modeling,visible_reference_present,pending_source_scope_review,False
p8,train,esc995,5,conflict detection,visible_reference_present,pending_source_scope_review,False
p8,train,esc995,6,abstention,no_evidence,pending_source_scope_review,False
p8,train,esc1283,1,information extraction,visible_reference_present,pending_source_scope_review,False
p8,train,esc1283,2,conflict detection,visible_reference_present,pending_source_scope_review,False
p8,train,esc1283,3,abstention,no_evidence,pending_source_scope_review,False
p8,train,esc242,1,information extraction,visible_reference_present,pending_source_scope_review,False
p8,train,esc242,2,temporal reasoning,visible_reference_present,pending_source_scope_review,False
p8,train,esc242,3,conflict detection,visible_reference_present,pending_source_scope_review,False
p8,train,esc242,4,conflict detection,visible_reference_present,pending_source_scope_review,False
p8,train,esc242,5,user modeling,visible_reference_present,pending_source_scope_review,False
p8,train,esc1082,1,information extraction,visible_reference_present,pending_source_scope_review,False
p8,train,esc1082,2,conflict detection,visible_reference_present,pending_source_scope_review,False
p8,train,esc1082,3,conflict detection,visible_reference_present,pending_source_scope_review,False
p8,train,esc1082,4,abstention,no_evidence,pending_source_scope_review,False
p8,train,esc1082,5,user modeling,visible_reference_present,pending_source_scope_review,False
p8,train,p8_conv_1,1,temporal reasoning,visible_reference_present,pending_source_scope_review,False
p8,train,p8_conv_1,2,abstention,no_evidence,pending_source_scope_review,False
p8,train,p8_conv_1,3,user modeling,visible_reference_present,pending_source_scope_review,False
p8,train,esc617,1,information extraction,visible_reference_present,pending_source_scope_review,False
p8,train,esc617,2,conflict detection,visible_reference_present,pending_source_scope_review,False
p8,train,p8_conv_2,1,information extraction,visible_reference_present,pending_source_scope_review,False
p8,train,p8_conv_2,2,abstention,no_evidence,pending_source_scope_review,False
p8,train,p8_conv_2,3,user modeling,visible_reference_present,pending_source_scope_review,False
p8,train,p8_conv_5,1,information extraction,visible_reference_present,pending_source_scope_review,False
p8,train,p8_conv_5,2,temporal reasoning,visible_reference_present,pending_source_scope_review,False
p8,train,p8_conv_5,3,user modeling,visible_reference_present,pending_source_scope_review,False
p8,train,p8_conv_6,1,information extraction,visible_reference_present,pending_source_scope_review,False
p8,train,p8_conv_6,2,temporal reasoning,visible_reference_present,pending_source_scope_review,False
p8,train,p8_conv_6,3,conflict detection,visible_reference_present,pending_source_scope_review,False
p8,train,p8_conv_6,4,abstention,no_evidence,pending_source_scope_review,False
p8,train,p8_conv_8,1,information extraction,visible_reference_present,pending_source_scope_review,False
p8,train,p8_conv_8,2,temporal reasoning,visible_reference_present,pending_source_scope_review,False
p8,train,p8_conv_8,3,user modeling,visible_reference_present,pending_source_scope_review,False
p8,train,p8_conv_8,4,abstention,no_evidence,pending_source_scope_review,False
p8,train,p8_conv_9,1,information extraction,visible_reference_present,pending_source_scope_review,False
p8,train,p8_conv_9,2,conflict detection,visible_reference_present,pending_source_scope_review,False
p8,train,p8_conv_9,3,abstention,no_evidence,pending_source_scope_review,False
p8,train,p8_conv_9,4,user modeling,visible_reference_present,pending_source_scope_review,False
p8,train,p8_conv_11,1,information extraction,visible_reference_present,pending_source_scope_review,False
p8,train,p8_conv_11,2,temporal reasoning,visible_reference_present,pending_source_scope_review,False
p8,train,p8_conv_11,3,conflict detection,visible_reference_present,pending_source_scope_review,False
p8,train,p8_conv_11,4,user modeling,visible_reference_present,pending_source_scope_review,False
p8,train,p8_conv_14,1,information extraction,visible_reference_present,pending_source_scope_review,False
p8,train,p8_conv_14,2,conflict detection,visible_reference_present,pending_source_scope_review,False
p8,train,p8_conv_14,3,user modeling,visible_reference_present,pending_source_scope_review,False
p8,train,p8_conv_16,1,information extraction,visible_reference_present,pending_source_scope_review,False
p8,train,p8_conv_16,2,temporal reasoning,visible_reference_present,pending_source_scope_review,False
p8,train,p8_conv_16,3,conflict detection,visible_reference_present,pending_source_scope_review,False
p8,train,p8_conv_16,4,conflict detection,visible_reference_present,pending_source_scope_review,False
p8,train,p8_conv_16,5,abstention,no_evidence,pending_source_scope_review,False
p8,train,p8_conv_17,1,information extraction,visible_reference_present,pending_source_scope_review,False
p8,train,p8_conv_17,2,conflict detection,visible_reference_present,pending_source_scope_review,False
p8,train,p8_conv_17,3,abstention,no_evidence,pending_source_scope_review,False
p8,train,p8_conv_17,4,user modeling,visible_reference_present,pending_source_scope_review,False
p8,train,p8_conv_21,1,information extraction,visible_reference_present,pending_source_scope_review,False
p8,train,p8_conv_21,2,conflict detection,visible_reference_present,pending_source_scope_review,False
p8,train,p8_conv_21,3,conflict detection,visible_reference_present,pending_source_scope_review,False
p8,train,p8_conv_21,4,user modeling,visible_reference_present,pending_source_scope_review,False
p8,train,p8_conv_21,5,abstention,no_evidence,pending_source_scope_review,False
p8,train,p8_conv_24,1,information extraction,visible_reference_present,pending_source_scope_review,False
p8,train,p8_conv_24,2,temporal reasoning,visible_reference_present,pending_source_scope_review,False
p8,train,p8_conv_24,3,user modeling,visible_reference_present,pending_source_scope_review,False
p8,train,p8_conv_24,4,user modeling,visible_reference_present,pending_source_scope_review,False
p8,train,p8_conv_27,1,information extraction,visible_reference_present,pending_source_scope_review,False
p8,train,p8_conv_27,2,temporal reasoning,visible_reference_present,pending_source_scope_review,False
p8,train,p8_conv_27,3,conflict detection,visible_reference_present,pending_source_scope_review,False
p8,train,p8_conv_27,4,abstention,no_evidence,pending_source_scope_review,False
p8,train,p8_conv_27,5,user modeling,visible_reference_present,pending_source_scope_review,False
p8,train,p8_conv_28,1,user modeling,visible_reference_present,pending_source_scope_review,False
p8,train,p8_conv_28,2,information extraction,visible_reference_present,pending_source_scope_review,False
p8,train,p8_conv_28,3,temporal reasoning,visible_reference_present,pending_source_scope_review,False
p8,train,p8_conv_28,4,conflict detection,visible_reference_present,pending_source_scope_review,False
p9,train,timeline,1,information extraction,visible_reference_present,pending_source_scope_review,False
p9,train,timeline,2,temporal reasoning,unresolved_reference,pending_source_scope_review,False
p9,train,timeline,3,temporal reasoning,visible_reference_present,pending_source_scope_review,False
p9,train,timeline,4,conflict detection,visible_reference_present,pending_source_scope_review,False
p9,train,timeline,5,information extraction,visible_reference_present,pending_source_scope_review,False
p9,train,timeline,6,user modeling,private_only,pending_source_scope_review,False
p9,train,esc82,1,information extraction,visible_reference_present,pending_source_scope_review,False
p9,train,esc82,2,conflict detection,visible_reference_present,pending_source_scope_review,False
p9,train,esc82,3,abstention,no_evidence,pending_source_scope_review,False
p9,train,esc82,4,user modeling,visible_reference_present,pending_source_scope_review,False
p9,train,esc88,1,information extraction,visible_reference_present,pending_source_scope_review,False
p9,train,esc88,2,information extraction,visible_reference_present,pending_source_scope_review,False
p9,train,esc88,3,information extraction,visible_reference_present,pending_source_scope_review,False
p9,train,esc88,4,temporal reasoning,visible_reference_present,pending_source_scope_review,False
p9,train,esc88,5,conflict detection,visible_reference_present,pending_source_scope_review,False
p9,train,esc88,6,user modeling,visible_reference_present,pending_source_scope_review,False
p9,train,esc539,1,information extraction,visible_reference_present,pending_source_scope_review,False
p9,train,esc539,2,temporal reasoning,visible_reference_present,pending_source_scope_review,False
p9,train,esc539,3,conflict detection,visible_reference_present,pending_source_scope_review,False
p9,train,esc539,4,user modeling,visible_reference_present,pending_source_scope_review,False
p9,train,esc994,1,information extraction,visible_reference_present,pending_source_scope_review,False
p9,train,esc994,2,temporal reasoning,visible_reference_present,pending_source_scope_review,False
p9,train,esc994,3,information extraction,visible_reference_present,pending_source_scope_review,False
p9,train,esc994,4,abstention,no_evidence,pending_source_scope_review,False
p9,train,esc994,5,user modeling,visible_reference_present,pending_source_scope_review,False
p9,train,esc682,1,information extraction,visible_reference_present,pending_source_scope_review,False
p9,train,esc682,2,temporal reasoning,visible_reference_present,pending_source_scope_review,False
p9,train,esc682,3,user modeling,visible_reference_present,pending_source_scope_review,False
p9,train,esc682,4,abstention,no_evidence,pending_source_scope_review,False
p9,train,esc682,5,conflict detection,visible_reference_present,pending_source_scope_review,False
p9,train,p9_conv_1,1,information extraction,visible_reference_present,pending_source_scope_review,False
p9,train,p9_conv_1,2,conflict detection,visible_reference_present,pending_source_scope_review,False
p9,train,p9_conv_1,3,abstention,no_evidence,pending_source_scope_review,False
p9,train,p9_conv_1,4,user modeling,visible_reference_present,pending_source_scope_review,False
p9,train,p9_conv_2,1,information extraction,visible_reference_present,pending_source_scope_review,False
p9,train,p9_conv_2,2,temporal reasoning,visible_reference_present,pending_source_scope_review,False
p9,train,p9_conv_2,3,temporal reasoning,visible_reference_present,pending_source_scope_review,False
p9,train,p9_conv_2,4,abstention,no_evidence,pending_source_scope_review,False
p9,train,p9_conv_2,5,user modeling,visible_reference_present,pending_source_scope_review,False
p9,train,p9_conv_3,1,information extraction,visible_reference_present,pending_source_scope_review,False
p9,train,p9_conv_3,2,temporal reasoning,visible_reference_present,pending_source_scope_review,False
p9,train,p9_conv_3,3,conflict detection,visible_reference_present,pending_source_scope_review,False
p9,train,p9_conv_3,4,abstention,no_evidence,pending_source_scope_review,False
p9,train,p9_conv_3,5,user modeling,visible_reference_present,pending_source_scope_review,False
p9,train,p9_conv_4,1,information extraction,visible_reference_present,pending_source_scope_review,False
p9,train,p9_conv_4,2,conflict detection,visible_reference_present,pending_source_scope_review,False
p9,train,p9_conv_4,3,user modeling,visible_reference_present,pending_source_scope_review,False
p9,train,p9_conv_5,1,temporal reasoning,visible_reference_present,pending_source_scope_review,False
p9,train,p9_conv_5,2,temporal reasoning,visible_reference_present,pending_source_scope_review,False
p9,train,p9_conv_5,3,conflict detection,visible_reference_present,pending_source_scope_review,False
p9,train,p9_conv_5,4,abstention,no_evidence,pending_source_scope_review,False
p9,train,p9_conv_5,5,user modeling,visible_reference_present,pending_source_scope_review,False
p9,train,p9_conv_6,1,information extraction,visible_reference_present,pending_source_scope_review,False
p9,train,p9_conv_6,2,temporal reasoning,visible_reference_present,pending_source_scope_review,False
p9,train,p9_conv_6,3,conflict detection,visible_reference_present,pending_source_scope_review,False
p9,train,p9_conv_6,4,abstention,no_evidence,pending_source_scope_review,False
p9,train,p9_conv_6,5,user modeling,visible_reference_present,pending_source_scope_review,False
p9,train,p9_conv_7,1,information extraction,visible_reference_present,pending_source_scope_review,False
p9,train,p9_conv_7,2,temporal reasoning,visible_reference_present,pending_source_scope_review,False
p9,train,p9_conv_7,3,temporal reasoning,visible_reference_present,pending_source_scope_review,False
p9,train,p9_conv_7,4,conflict detection,visible_reference_present,pending_source_scope_review,False
p9,train,p9_conv_7,5,abstention,no_evidence,pending_source_scope_review,False
p9,train,p9_conv_7,6,user modeling,visible_reference_present,pending_source_scope_review,False
p9,train,p9_conv_8,1,information extraction,visible_reference_present,pending_source_scope_review,False
p9,train,p9_conv_8,2,temporal reasoning,visible_reference_present,pending_source_scope_review,False
p9,train,p9_conv_8,3,conflict detection,visible_reference_present,pending_source_scope_review,False
p9,train,p9_conv_8,4,abstention,no_evidence,pending_source_scope_review,False
p9,train,p9_conv_8,5,user modeling,visible_reference_present,pending_source_scope_review,False
p9,train,p9_conv_9,1,information extraction,visible_reference_present,pending_source_scope_review,False
p9,train,p9_conv_9,2,temporal reasoning,visible_reference_present,pending_source_scope_review,False
p9,train,p9_conv_9,3,conflict detection,visible_reference_present,pending_source_scope_review,False
p9,train,p9_conv_9,4,user modeling,visible_reference_present,pending_source_scope_review,False
p9,train,p9_conv_9,5,abstention,no_evidence,pending_source_scope_review,False
p9,train,p9_conv_10,1,information extraction,visible_reference_present,pending_source_scope_review,False
p9,train,p9_conv_10,2,temporal reasoning,visible_reference_present,pending_source_scope_review,False
p9,train,p9_conv_10,3,conflict detection,visible_reference_present,pending_source_scope_review,False
p9,train,p9_conv_10,4,abstention,no_evidence,pending_source_scope_review,False
p9,train,p9_conv_11,1,information extraction,visible_reference_present,pending_source_scope_review,False
p9,train,p9_conv_11,2,temporal reasoning,visible_reference_present,pending_source_scope_review,False
p9,train,p9_conv_11,3,conflict detection,visible_reference_present,pending_source_scope_review,False
p9,train,p9_conv_11,4,abstention,no_evidence,pending_source_scope_review,False
p9,train,p9_conv_11,5,user modeling,visible_reference_present,pending_source_scope_review,False
p9,train,p9_conv_12,1,information extraction,visible_reference_present,pending_source_scope_review,False
p9,train,p9_conv_12,2,temporal reasoning,visible_reference_present,pending_source_scope_review,False
p9,train,p9_conv_12,3,conflict detection,visible_reference_present,pending_source_scope_review,False
p9,train,p9_conv_12,4,abstention,no_evidence,pending_source_scope_review,False
p9,train,p9_conv_12,5,user modeling,visible_reference_present,pending_source_scope_review,False
p9,train,p9_conv_12,6,user modeling,visible_reference_present,pending_source_scope_review,False
p9,train,p9_conv_13,1,temporal reasoning,visible_reference_present,pending_source_scope_review,False
p9,train,p9_conv_13,2,user modeling,visible_reference_present,pending_source_scope_review,False
p9,train,p9_conv_13,3,information extraction,visible_reference_present,pending_source_scope_review,False
p9,train,p9_conv_13,4,abstention,no_evidence,pending_source_scope_review,False
p9,train,p9_conv_13,5,abstention,no_evidence,pending_source_scope_review,False
p9,train,p9_conv_14,1,information extraction,visible_reference_present,pending_source_scope_review,False
p9,train,p9_conv_14,2,temporal reasoning,visible_reference_present,pending_source_scope_review,False
p9,train,p9_conv_14,3,conflict detection,visible_reference_present,pending_source_scope_review,False
p9,train,p9_conv_14,4,abstention,no_evidence,pending_source_scope_review,False
p9,train,p9_conv_14,5,user modeling,visible_reference_present,pending_source_scope_review,False
p9,train,p9_conv_15,1,information extraction,visible_reference_present,pending_source_scope_review,False
p9,train,p9_conv_15,2,conflict detection,visible_reference_present,pending_source_scope_review,False
p9,train,p9_conv_15,3,user modeling,visible_reference_present,pending_source_scope_review,False
p9,train,p9_conv_16,1,information extraction,unresolved_reference,pending_source_scope_review,False
p9,train,p9_conv_16,2,temporal reasoning,visible_reference_present,pending_source_scope_review,False
p9,train,p9_conv_16,3,conflict detection,visible_reference_present,pending_source_scope_review,False
p9,train,p9_conv_16,4,abstention,no_evidence,pending_source_scope_review,False
p9,train,p9_conv_16,5,user modeling,visible_reference_present,pending_source_scope_review,False
p10,train,timeline,1,information extraction,visible_reference_present,pending_source_scope_review,False
p10,train,timeline,2,temporal reasoning,visible_reference_present,pending_source_scope_review,False
p10,train,timeline,3,temporal reasoning,visible_reference_present,pending_source_scope_review,False
p10,train,timeline,4,conflict detection,visible_reference_present,pending_source_scope_review,False
p10,train,timeline,5,abstention,no_evidence,pending_source_scope_review,False
p10,train,timeline,6,user modeling,visible_reference_present,pending_source_scope_review,False
p10,train,esc81,1,information extraction,visible_reference_present,pending_source_scope_review,False
p10,train,esc81,2,user modeling,visible_reference_present,pending_source_scope_review,False
p10,train,esc1290,1,user modeling,visible_reference_present,pending_source_scope_review,False
p10,train,esc1290,2,abstention,no_evidence,pending_source_scope_review,False
p10,train,esc1029,1,temporal reasoning,visible_reference_present,pending_source_scope_review,False
p10,train,esc1029,2,user modeling,visible_reference_present,pending_source_scope_review,False
p10,train,esc1000,1,information extraction,visible_reference_present,pending_source_scope_review,False
p10,train,esc1000,2,abstention,no_evidence,pending_source_scope_review,False
p10,train,p10_conv_2,1,temporal reasoning,visible_reference_present,pending_source_scope_review,False
p10,train,p10_conv_3,1,information extraction,visible_reference_present,pending_source_scope_review,False
p10,train,p10_conv_5,1,information extraction,visible_reference_present,pending_source_scope_review,False
p10,train,p10_conv_5,2,abstention,no_evidence,pending_source_scope_review,False
p10,train,p10_conv_5,3,user modeling,visible_reference_present,pending_source_scope_review,False
p10,train,p10_conv_6,1,conflict detection,visible_reference_present,pending_source_scope_review,False
p10,train,p10_conv_6,2,user modeling,visible_reference_present,pending_source_scope_review,False
p10,train,p10_conv_8,1,temporal reasoning,visible_reference_present,pending_source_scope_review,False
p10,train,p10_conv_8,2,conflict detection,visible_reference_present,pending_source_scope_review,False
p10,train,p10_conv_8,3,user modeling,visible_reference_present,pending_source_scope_review,False
p10,train,p10_conv_9,1,information extraction,visible_reference_present,pending_source_scope_review,False
p10,train,p10_conv_9,2,user modeling,visible_reference_present,pending_source_scope_review,False
p10,train,p10_conv_11,1,temporal reasoning,visible_reference_present,pending_source_scope_review,False
p10,train,p10_conv_11,2,conflict detection,visible_reference_present,pending_source_scope_review,False
p10,train,p10_conv_11,3,abstention,no_evidence,pending_source_scope_review,False
p10,train,p10_conv_12,1,information extraction,visible_reference_present,pending_source_scope_review,False
p10,train,p10_conv_13,1,conflict detection,visible_reference_present,pending_source_scope_review,False
p10,train,p10_conv_13,2,abstention,no_evidence,pending_source_scope_review,False
p10,train,p10_conv_14,1,conflict detection,visible_reference_present,pending_source_scope_review,False
p11,train,timeline,1,information extraction,private_only,pending_source_scope_review,False
p11,train,timeline,2,temporal reasoning,private_only,pending_source_scope_review,False
p11,train,timeline,3,conflict detection,private_only,pending_source_scope_review,False
p11,train,timeline,4,abstention,no_evidence,pending_source_scope_review,False
p11,train,timeline,5,user modeling,private_only,pending_source_scope_review,False
p11,train,timeline,6,temporal reasoning,private_only,pending_source_scope_review,False
p11,train,timeline,7,user modeling,private_only,pending_source_scope_review,False
p11,train,esc1216,1,information extraction,visible_reference_present,pending_source_scope_review,False
p11,train,esc1216,2,temporal reasoning,visible_reference_present,pending_source_scope_review,False
p11,train,esc1216,3,conflict detection,visible_reference_present,pending_source_scope_review,False
p11,train,esc1216,4,abstention,no_evidence,pending_source_scope_review,False
p11,train,esc1216,5,user modeling,visible_reference_present,pending_source_scope_review,False
p11,train,esc768,1,information extraction,visible_reference_present,pending_source_scope_review,False
p11,train,esc768,2,temporal reasoning,visible_reference_present,pending_source_scope_review,False
p11,train,esc768,3,conflict detection,visible_reference_present,pending_source_scope_review,False
p11,train,esc768,4,abstention,no_evidence,pending_source_scope_review,False
p11,train,esc860,1,information extraction,visible_reference_present,pending_source_scope_review,False
p11,train,esc860,2,temporal reasoning,visible_reference_present,pending_source_scope_review,False
p11,train,esc860,3,conflict detection,visible_reference_present,pending_source_scope_review,False
p11,train,esc860,4,user modeling,visible_reference_present,pending_source_scope_review,False
p11,train,esc1098,1,information extraction,visible_reference_present,pending_source_scope_review,False
p11,train,esc1098,2,information extraction,visible_reference_present,pending_source_scope_review,False
p11,train,esc1098,3,temporal reasoning,visible_reference_present,pending_source_scope_review,False
p11,train,esc1098,4,conflict detection,visible_reference_present,pending_source_scope_review,False
p11,train,esc1098,5,abstention,no_evidence,pending_source_scope_review,False
p11,train,esc1098,6,user modeling,visible_reference_present,pending_source_scope_review,False
p11,train,esc427,1,information extraction,visible_reference_present,pending_source_scope_review,False
p11,train,esc427,2,temporal reasoning,visible_reference_present,pending_source_scope_review,False
p11,train,esc427,3,conflict detection,visible_reference_present,pending_source_scope_review,False
p11,train,esc427,4,user modeling,visible_reference_present,pending_source_scope_review,False
p11,train,p11_conv_1,1,information extraction,visible_reference_present,pending_source_scope_review,False
p11,train,p11_conv_1,2,temporal reasoning,visible_reference_present,pending_source_scope_review,False
p11,train,p11_conv_1,3,temporal reasoning,visible_reference_present,pending_source_scope_review,False
p11,train,p11_conv_1,4,conflict detection,visible_reference_present,pending_source_scope_review,False
p11,train,p11_conv_1,5,abstention,no_evidence,pending_source_scope_review,False
p11,train,p11_conv_1,6,user modeling,visible_reference_present,pending_source_scope_review,False
p11,train,p11_conv_2,1,information extraction,visible_reference_present,pending_source_scope_review,False
p11,train,p11_conv_2,2,temporal reasoning,visible_reference_present,pending_source_scope_review,False
p11,train,p11_conv_2,3,conflict detection,visible_reference_present,pending_source_scope_review,False
p11,train,p11_conv_2,4,abstention,no_evidence,pending_source_scope_review,False
p11,train,p11_conv_2,5,user modeling,visible_reference_present,pending_source_scope_review,False
p11,train,p11_conv_3,1,information extraction,visible_reference_present,pending_source_scope_review,False
p11,train,p11_conv_3,2,temporal reasoning,visible_reference_present,pending_source_scope_review,False
p11,train,p11_conv_3,3,conflict detection,visible_reference_present,pending_source_scope_review,False
p11,train,p11_conv_3,4,user modeling,visible_reference_present,pending_source_scope_review,False
p11,train,p11_conv_3,5,abstention,no_evidence,pending_source_scope_review,False
p11,train,p11_conv_4,1,information extraction,visible_reference_present,pending_source_scope_review,False
p11,train,p11_conv_4,2,temporal reasoning,visible_reference_present,pending_source_scope_review,False
p11,train,p11_conv_4,3,temporal reasoning,visible_reference_present,pending_source_scope_review,False
p11,train,p11_conv_4,4,conflict detection,visible_reference_present,pending_source_scope_review,False
p11,train,p11_conv_4,5,user modeling,visible_reference_present,pending_source_scope_review,False
p11,train,p11_conv_4,6,user modeling,visible_reference_present,pending_source_scope_review,False
p11,train,p11_conv_4,7,abstention,no_evidence,pending_source_scope_review,False
p11,train,p11_conv_5,1,information extraction,visible_reference_present,pending_source_scope_review,False
p11,train,p11_conv_5,2,temporal reasoning,visible_reference_present,pending_source_scope_review,False
p11,train,p11_conv_5,3,user modeling,visible_reference_present,pending_source_scope_review,False
p11,train,p11_conv_5,4,abstention,no_evidence,pending_source_scope_review,False
p11,train,p11_conv_6,1,information extraction,visible_reference_present,pending_source_scope_review,False
p11,train,p11_conv_6,2,temporal reasoning,visible_reference_present,pending_source_scope_review,False
p11,train,p11_conv_6,3,conflict detection,visible_reference_present,pending_source_scope_review,False
p11,train,p11_conv_6,4,abstention,no_evidence,pending_source_scope_review,False
p11,train,p11_conv_6,5,user modeling,visible_reference_present,pending_source_scope_review,False
p11,train,p11_conv_7,1,information extraction,visible_reference_present,pending_source_scope_review,False
p11,train,p11_conv_7,2,temporal reasoning,visible_reference_present,pending_source_scope_review,False
p11,train,p11_conv_7,3,conflict detection,visible_reference_present,pending_source_scope_review,False
p11,train,p11_conv_7,4,abstention,no_evidence,pending_source_scope_review,False
p11,train,p11_conv_7,5,user modeling,visible_reference_present,pending_source_scope_review,False
p11,train,p11_conv_8,1,information extraction,visible_reference_present,pending_source_scope_review,False
p11,train,p11_conv_8,2,temporal reasoning,visible_reference_present,pending_source_scope_review,False
p11,train,p11_conv_8,3,conflict detection,visible_reference_present,pending_source_scope_review,False
p11,train,p11_conv_8,4,abstention,no_evidence,pending_source_scope_review,False
p11,train,p11_conv_8,5,user modeling,visible_reference_present,pending_source_scope_review,False
p11,train,p11_conv_9,1,information extraction,visible_reference_present,pending_source_scope_review,False
p11,train,p11_conv_9,2,temporal reasoning,visible_reference_present,pending_source_scope_review,False
p11,train,p11_conv_9,3,conflict detection,visible_reference_present,pending_source_scope_review,False
p11,train,p11_conv_9,4,abstention,no_evidence,pending_source_scope_review,False
p11,train,p11_conv_9,5,user modeling,visible_reference_present,pending_source_scope_review,False
p11,train,p11_conv_10,1,information extraction,visible_reference_present,pending_source_scope_review,False
p11,train,p11_conv_10,2,temporal reasoning,visible_reference_present,pending_source_scope_review,False
p11,train,p11_conv_10,3,temporal reasoning,visible_reference_present,pending_source_scope_review,False
p11,train,p11_conv_10,4,conflict detection,visible_reference_present,pending_source_scope_review,False
p11,train,p11_conv_10,5,abstention,no_evidence,pending_source_scope_review,False
p11,train,p11_conv_10,6,user modeling,visible_reference_present,pending_source_scope_review,False
p11,train,p11_conv_11,1,information extraction,visible_reference_present,pending_source_scope_review,False
p11,train,p11_conv_11,2,temporal reasoning,visible_reference_present,pending_source_scope_review,False
p11,train,p11_conv_11,3,conflict detection,visible_reference_present,pending_source_scope_review,False
p11,train,p11_conv_11,4,user modeling,visible_reference_present,pending_source_scope_review,False
p11,train,p11_conv_11,5,user modeling,visible_reference_present,pending_source_scope_review,False
p11,train,p11_conv_11,6,abstention,no_evidence,pending_source_scope_review,False
p11,train,p11_conv_12,1,information extraction,visible_reference_present,pending_source_scope_review,False
p11,train,p11_conv_12,2,temporal reasoning,visible_reference_present,pending_source_scope_review,False
p11,train,p11_conv_12,3,conflict detection,visible_reference_present,pending_source_scope_review,False
p11,train,p11_conv_12,4,abstention,no_evidence,pending_source_scope_review,False
p11,train,p11_conv_12,5,conflict detection,visible_reference_present,pending_source_scope_review,False
p11,train,p11_conv_12,6,user modeling,visible_reference_present,pending_source_scope_review,False
p11,train,p11_conv_13,1,information extraction,visible_reference_present,pending_source_scope_review,False
p11,train,p11_conv_13,2,temporal reasoning,visible_reference_present,pending_source_scope_review,False
p11,train,p11_conv_13,3,temporal reasoning,visible_reference_present,pending_source_scope_review,False
p11,train,p11_conv_13,4,conflict detection,visible_reference_present,pending_source_scope_review,False
p11,train,p11_conv_13,5,abstention,no_evidence,pending_source_scope_review,False
p11,train,p11_conv_13,6,user modeling,visible_reference_present,pending_source_scope_review,False
p11,train,p11_conv_14,1,information extraction,visible_reference_present,pending_source_scope_review,False
p11,train,p11_conv_14,2,temporal reasoning,visible_reference_present,pending_source_scope_review,False
p11,train,p11_conv_14,3,conflict detection,visible_reference_present,pending_source_scope_review,False
p11,train,p11_conv_14,4,abstention,no_evidence,pending_source_scope_review,False
p11,train,p11_conv_14,5,user modeling,visible_reference_present,pending_source_scope_review,False
p11,train,p11_conv_15,1,information extraction,visible_reference_present,pending_source_scope_review,False
p11,train,p11_conv_15,2,temporal reasoning,visible_reference_present,pending_source_scope_review,False
p11,train,p11_conv_15,3,conflict detection,visible_reference_present,pending_source_scope_review,False
p11,train,p11_conv_15,4,abstention,no_evidence,pending_source_scope_review,False
p11,train,p11_conv_15,5,user modeling,visible_reference_present,pending_source_scope_review,False
p11,train,p11_conv_16,1,information extraction,visible_reference_present,pending_source_scope_review,False
p11,train,p11_conv_16,2,temporal reasoning,visible_reference_present,pending_source_scope_review,False
p11,train,p11_conv_16,3,conflict detection,visible_reference_present,pending_source_scope_review,False
p11,train,p11_conv_16,4,abstention,no_evidence,pending_source_scope_review,False
p11,train,p11_conv_16,5,user modeling,visible_reference_present,pending_source_scope_review,False
p11,train,p11_conv_17,1,information extraction,visible_reference_present,pending_source_scope_review,False
p11,train,p11_conv_17,2,temporal reasoning,visible_reference_present,pending_source_scope_review,False
p11,train,p11_conv_17,3,conflict detection,visible_reference_present,pending_source_scope_review,False
p11,train,p11_conv_17,4,user modeling,visible_reference_present,pending_source_scope_review,False
p11,train,p11_conv_17,5,abstention,visible_reference_present,pending_source_scope_review,False
p11,train,p11_conv_18,1,information extraction,visible_reference_present,pending_source_scope_review,False
p11,train,p11_conv_18,2,temporal reasoning,visible_reference_present,pending_source_scope_review,False
p11,train,p11_conv_18,3,conflict detection,visible_reference_present,pending_source_scope_review,False
p11,train,p11_conv_18,4,user modeling,visible_reference_present,pending_source_scope_review,False
p12,train,timeline,1,information extraction,private_only,pending_source_scope_review,False
p12,train,timeline,2,temporal reasoning,private_only,pending_source_scope_review,False
p12,train,timeline,3,conflict detection,private_only,pending_source_scope_review,False
p12,train,timeline,4,abstention,no_evidence,pending_source_scope_review,False
p12,train,timeline,5,user modeling,private_only,pending_source_scope_review,False
p12,train,esc894,1,information extraction,visible_reference_present,pending_source_scope_review,False
p12,train,esc894,2,temporal reasoning,visible_reference_present,pending_source_scope_review,False
p12,train,esc894,3,conflict detection,visible_reference_present,pending_source_scope_review,False
p12,train,esc894,4,user modeling,visible_reference_present,pending_source_scope_review,False
p12,train,esc1212,1,information extraction,visible_reference_present,pending_source_scope_review,False
p12,train,esc1212,2,temporal reasoning,visible_reference_present,pending_source_scope_review,False
p12,train,esc1212,3,user modeling,visible_reference_present,pending_source_scope_review,False
p12,train,esc1212,4,abstention,no_evidence,pending_source_scope_review,False
p12,train,esc989,1,temporal reasoning,visible_reference_present,pending_source_scope_review,False
p12,train,esc989,2,temporal reasoning,visible_reference_present,pending_source_scope_review,False
p12,train,esc989,3,conflict detection,visible_reference_present,pending_source_scope_review,False
p12,train,esc989,4,information extraction,visible_reference_present,pending_source_scope_review,False
p12,train,esc989,5,user modeling,visible_reference_present,pending_source_scope_review,False
p12,train,esc989,6,abstention,no_evidence,pending_source_scope_review,False
p12,train,esc559,1,information extraction,visible_reference_present,pending_source_scope_review,False
p12,train,esc559,2,temporal reasoning,visible_reference_present,pending_source_scope_review,False
p12,train,esc559,3,conflict detection,visible_reference_present,pending_source_scope_review,False
p12,train,esc559,4,abstention,no_evidence,pending_source_scope_review,False
p12,train,esc559,5,user modeling,visible_reference_present,pending_source_scope_review,False
p12,train,esc1149,1,temporal reasoning,visible_reference_present,pending_source_scope_review,False
p12,train,esc1149,2,information extraction,visible_reference_present,pending_source_scope_review,False
p12,train,esc1149,3,conflict detection,visible_reference_present,pending_source_scope_review,False
p12,train,esc1149,4,user modeling,visible_reference_present,pending_source_scope_review,False
p12,train,esc1149,5,abstention,no_evidence,pending_source_scope_review,False
p12,train,p12_conv_1,1,information extraction,visible_reference_present,pending_source_scope_review,False
p12,train,p12_conv_1,2,temporal reasoning,visible_reference_present,pending_source_scope_review,False
p12,train,p12_conv_1,3,conflict detection,visible_reference_present,pending_source_scope_review,False
p12,train,p12_conv_1,4,abstention,no_evidence,pending_source_scope_review,False
p12,train,p12_conv_1,5,user modeling,visible_reference_present,pending_source_scope_review,False
p12,train,p12_conv_2,1,information extraction,visible_reference_present,pending_source_scope_review,False
p12,train,p12_conv_2,2,temporal reasoning,visible_reference_present,pending_source_scope_review,False
p12,train,p12_conv_2,3,conflict detection,visible_reference_present,pending_source_scope_review,False
p12,train,p12_conv_2,4,abstention,no_evidence,pending_source_scope_review,False
p12,train,p12_conv_2,5,user modeling,visible_reference_present,pending_source_scope_review,False
p12,train,p12_conv_3,1,information extraction,visible_reference_present,pending_source_scope_review,False
p12,train,p12_conv_3,2,temporal reasoning,visible_reference_present,pending_source_scope_review,False
p12,train,p12_conv_3,3,conflict detection,visible_reference_present,pending_source_scope_review,False
p12,train,p12_conv_3,4,abstention,no_evidence,pending_source_scope_review,False
p12,train,p12_conv_3,5,user modeling,visible_reference_present,pending_source_scope_review,False
p12,train,p12_conv_3,6,user modeling,visible_reference_present,pending_source_scope_review,False
p12,train,p12_conv_4,1,information extraction,visible_reference_present,pending_source_scope_review,False
p12,train,p12_conv_4,2,temporal reasoning,visible_reference_present,pending_source_scope_review,False
p12,train,p12_conv_4,3,conflict detection,visible_reference_present,pending_source_scope_review,False
p12,train,p12_conv_4,4,abstention,no_evidence,pending_source_scope_review,False
p12,train,p12_conv_4,5,user modeling,visible_reference_present,pending_source_scope_review,False
p12,train,p12_conv_5,1,information extraction,visible_reference_present,pending_source_scope_review,False
p12,train,p12_conv_5,2,temporal reasoning,visible_reference_present,pending_source_scope_review,False
p12,train,p12_conv_5,3,conflict detection,visible_reference_present,pending_source_scope_review,False
p12,train,p12_conv_5,4,abstention,no_evidence,pending_source_scope_review,False
p12,train,p12_conv_5,5,user modeling,visible_reference_present,pending_source_scope_review,False
p12,train,p12_conv_6,1,information extraction,visible_reference_present,pending_source_scope_review,False
p12,train,p12_conv_6,2,temporal reasoning,visible_reference_present,pending_source_scope_review,False
p12,train,p12_conv_6,3,conflict detection,visible_reference_present,pending_source_scope_review,False
p12,train,p12_conv_6,4,abstention,no_evidence,pending_source_scope_review,False
p12,train,p12_conv_6,5,user modeling,visible_reference_present,pending_source_scope_review,False
p12,train,p12_conv_7,1,information extraction,visible_reference_present,pending_source_scope_review,False
p12,train,p12_conv_7,2,temporal reasoning,visible_reference_present,pending_source_scope_review,False
p12,train,p12_conv_7,3,conflict detection,visible_reference_present,pending_source_scope_review,False
p12,train,p12_conv_7,4,conflict detection,visible_reference_present,pending_source_scope_review,False
p12,train,p12_conv_7,5,abstention,no_evidence,pending_source_scope_review,False
p12,train,p12_conv_7,6,user modeling,visible_reference_present,pending_source_scope_review,False
p12,train,p12_conv_8,1,information extraction,visible_reference_present,pending_source_scope_review,False
p12,train,p12_conv_8,2,temporal reasoning,visible_reference_present,pending_source_scope_review,False
p12,train,p12_conv_8,3,temporal reasoning,visible_reference_present,pending_source_scope_review,False
p12,train,p12_conv_8,4,conflict detection,visible_reference_present,pending_source_scope_review,False
p12,train,p12_conv_8,5,abstention,no_evidence,pending_source_scope_review,False
p12,train,p12_conv_8,6,user modeling,visible_reference_present,pending_source_scope_review,False
p12,train,p12_conv_9,1,information extraction,visible_reference_present,pending_source_scope_review,False
p12,train,p12_conv_9,2,temporal reasoning,visible_reference_present,pending_source_scope_review,False
p12,train,p12_conv_9,3,conflict detection,visible_reference_present,pending_source_scope_review,False
p12,train,p12_conv_9,4,abstention,no_evidence,pending_source_scope_review,False
p12,train,p12_conv_9,5,user modeling,visible_reference_present,pending_source_scope_review,False
p12,train,p12_conv_10,1,temporal reasoning,visible_reference_present,pending_source_scope_review,False
p12,train,p12_conv_10,2,user modeling,visible_reference_present,pending_source_scope_review,False
p12,train,p12_conv_10,3,information extraction,visible_reference_present,pending_source_scope_review,False
p12,train,p12_conv_10,4,conflict detection,visible_reference_present,pending_source_scope_review,False
p12,train,p12_conv_10,5,abstention,no_evidence,pending_source_scope_review,False
p12,train,p12_conv_11,1,information extraction,visible_reference_present,pending_source_scope_review,False
p12,train,p12_conv_11,2,temporal reasoning,visible_reference_present,pending_source_scope_review,False
p12,train,p12_conv_11,3,conflict detection,visible_reference_present,pending_source_scope_review,False
p12,train,p12_conv_11,4,abstention,no_evidence,pending_source_scope_review,False
p12,train,p12_conv_11,5,user modeling,visible_reference_present,pending_source_scope_review,False
p12,train,p12_conv_12,1,information extraction,visible_reference_present,pending_source_scope_review,False
p12,train,p12_conv_12,2,temporal reasoning,visible_reference_present,pending_source_scope_review,False
p12,train,p12_conv_12,3,conflict detection,visible_reference_present,pending_source_scope_review,False
p12,train,p12_conv_12,4,abstention,no_evidence,pending_source_scope_review,False
p12,train,p12_conv_12,5,user modeling,visible_reference_present,pending_source_scope_review,False
p12,train,p12_conv_13,1,information extraction,visible_reference_present,pending_source_scope_review,False
p12,train,p12_conv_13,2,conflict detection,visible_reference_present,pending_source_scope_review,False
p12,train,p12_conv_13,3,abstention,no_evidence,pending_source_scope_review,False
p12,train,p12_conv_13,4,user modeling,visible_reference_present,pending_source_scope_review,False
p12,train,p12_conv_14,1,information extraction,visible_reference_present,pending_source_scope_review,False
p12,train,p12_conv_14,2,temporal reasoning,visible_reference_present,pending_source_scope_review,False
p12,train,p12_conv_14,3,conflict detection,visible_reference_present,pending_source_scope_review,False
p12,train,p12_conv_14,4,abstention,no_evidence,pending_source_scope_review,False
p12,train,p12_conv_14,5,user modeling,visible_reference_present,pending_source_scope_review,False
p12,train,p12_conv_15,1,information extraction,visible_reference_present,pending_source_scope_review,False
p12,train,p12_conv_15,2,temporal reasoning,visible_reference_present,pending_source_scope_review,False
p12,train,p12_conv_15,3,user modeling,visible_reference_present,pending_source_scope_review,False
p12,train,p12_conv_15,4,abstention,no_evidence,pending_source_scope_review,False
p12,train,p12_conv_15,5,conflict detection,visible_reference_present,pending_source_scope_review,False
p13,train,timeline,1,information extraction,private_only,pending_source_scope_review,False
p13,train,timeline,2,temporal reasoning,private_only,pending_source_scope_review,False
p13,train,timeline,3,temporal reasoning,private_only,pending_source_scope_review,False
p13,train,timeline,4,conflict detection,private_only,pending_source_scope_review,False
p13,train,timeline,5,conflict detection,private_only,pending_source_scope_review,False
p13,train,timeline,6,abstention,no_evidence,pending_source_scope_review,False
p13,train,timeline,7,user modeling,private_only,pending_source_scope_review,False
p13,train,esc585,1,information extraction,visible_reference_present,pending_source_scope_review,False
p13,train,esc585,2,information extraction,visible_reference_present,pending_source_scope_review,False
p13,train,esc585,3,user modeling,visible_reference_present,pending_source_scope_review,False
p13,train,esc585,4,abstention,no_evidence,pending_source_scope_review,False
p13,train,esc410,1,information extraction,visible_reference_present,pending_source_scope_review,False
p13,train,esc410,2,information extraction,visible_reference_present,pending_source_scope_review,False
p13,train,esc410,3,user modeling,visible_reference_present,pending_source_scope_review,False
p13,train,esc410,4,user modeling,visible_reference_present,pending_source_scope_review,False
p13,train,esc410,5,abstention,no_evidence,pending_source_scope_review,False
p13,train,p13_conv_1,1,information extraction,visible_reference_present,pending_source_scope_review,False
p13,train,p13_conv_1,2,temporal reasoning,visible_reference_present,pending_source_scope_review,False
p13,train,p13_conv_1,3,conflict detection,visible_reference_present,pending_source_scope_review,False
p13,train,p13_conv_1,4,conflict detection,visible_reference_present,pending_source_scope_review,False
p13,train,p13_conv_1,5,user modeling,visible_reference_present,pending_source_scope_review,False
p13,train,p13_conv_2,1,information extraction,visible_reference_present,pending_source_scope_review,False
p13,train,p13_conv_2,2,temporal reasoning,visible_reference_present,pending_source_scope_review,False
p13,train,p13_conv_2,3,conflict detection,visible_reference_present,pending_source_scope_review,False
p13,train,p13_conv_2,4,abstention,no_evidence,pending_source_scope_review,False
p13,train,p13_conv_2,5,user modeling,visible_reference_present,pending_source_scope_review,False
p13,train,p13_conv_3,1,information extraction,visible_reference_present,pending_source_scope_review,False
p13,train,p13_conv_3,2,temporal reasoning,visible_reference_present,pending_source_scope_review,False
p13,train,p13_conv_3,3,temporal reasoning,visible_reference_present,pending_source_scope_review,False
p13,train,p13_conv_3,4,conflict detection,visible_reference_present,pending_source_scope_review,False
p13,train,p13_conv_3,5,abstention,no_evidence,pending_source_scope_review,False
p13,train,p13_conv_3,6,user modeling,visible_reference_present,pending_source_scope_review,False
p13,train,p13_conv_4,1,information extraction,visible_reference_present,pending_source_scope_review,False
p13,train,p13_conv_4,2,temporal reasoning,visible_reference_present,pending_source_scope_review,False
p13,train,p13_conv_4,3,conflict detection,visible_reference_present,pending_source_scope_review,False
p13,train,p13_conv_4,4,abstention,visible_reference_present,pending_source_scope_review,False
p13,train,p13_conv_4,5,user modeling,visible_reference_present,pending_source_scope_review,False
p13,train,p13_conv_5,1,information extraction,visible_reference_present,pending_source_scope_review,False
p13,train,p13_conv_5,2,temporal reasoning,visible_reference_present,pending_source_scope_review,False
p13,train,p13_conv_5,3,conflict detection,visible_reference_present,pending_source_scope_review,False
p13,train,p13_conv_5,4,abstention,no_evidence,pending_source_scope_review,False
p13,train,p13_conv_5,5,user modeling,visible_reference_present,pending_source_scope_review,False
p13,train,p13_conv_5,6,user modeling,visible_reference_present,pending_source_scope_review,False
p13,train,p13_conv_6,1,temporal reasoning,visible_reference_present,pending_source_scope_review,False
p13,train,p13_conv_6,2,conflict detection,visible_reference_present,pending_source_scope_review,False
p13,train,p13_conv_6,3,information extraction,visible_reference_present,pending_source_scope_review,False
p13,train,p13_conv_6,4,abstention,no_evidence,pending_source_scope_review,False
p13,train,p13_conv_6,5,user modeling,visible_reference_present,pending_source_scope_review,False
p13,train,p13_conv_7,1,information extraction,visible_reference_present,pending_source_scope_review,False
p13,train,p13_conv_7,2,temporal reasoning,visible_reference_present,pending_source_scope_review,False
p13,train,p13_conv_7,3,temporal reasoning,visible_reference_present,pending_source_scope_review,False
p13,train,p13_conv_7,4,conflict detection,visible_reference_present,pending_source_scope_review,False
p13,train,p13_conv_7,5,user modeling,visible_reference_present,pending_source_scope_review,False
p13,train,p13_conv_7,6,abstention,no_evidence,pending_source_scope_review,False
p13,train,p13_conv_8,1,information extraction,visible_reference_present,pending_source_scope_review,False
p13,train,p13_conv_8,2,temporal reasoning,visible_reference_present,pending_source_scope_review,False
p13,train,p13_conv_8,3,conflict detection,visible_reference_present,pending_source_scope_review,False
p13,train,p13_conv_8,4,abstention,no_evidence,pending_source_scope_review,False
p13,train,p13_conv_8,5,user modeling,visible_reference_present,pending_source_scope_review,False
p13,train,p13_conv_9,1,information extraction,visible_reference_present,pending_source_scope_review,False
p13,train,p13_conv_9,2,temporal reasoning,visible_reference_present,pending_source_scope_review,False
p13,train,p13_conv_9,3,conflict detection,visible_reference_present,pending_source_scope_review,False
p13,train,p13_conv_9,4,conflict detection,visible_reference_present,pending_source_scope_review,False
p13,train,p13_conv_9,5,abstention,no_evidence,pending_source_scope_review,False
p13,train,p13_conv_9,6,user modeling,visible_reference_present,pending_source_scope_review,False
p13,train,p13_conv_10,1,information extraction,visible_reference_present,pending_source_scope_review,False
p13,train,p13_conv_10,2,temporal reasoning,visible_reference_present,pending_source_scope_review,False
p13,train,p13_conv_10,3,conflict detection,visible_reference_present,pending_source_scope_review,False
p13,train,p13_conv_10,4,abstention,no_evidence,pending_source_scope_review,False
p13,train,p13_conv_10,5,user modeling,visible_reference_present,pending_source_scope_review,False
p13,train,esc785,1,information extraction,visible_reference_present,pending_source_scope_review,False
p13,train,esc785,2,temporal reasoning,visible_reference_present,pending_source_scope_review,False
p13,train,esc785,3,conflict detection,visible_reference_present,pending_source_scope_review,False
p13,train,esc785,4,abstention,no_evidence,pending_source_scope_review,False
p13,train,esc785,5,user modeling,visible_reference_present,pending_source_scope_review,False
p13,train,p13_conv_11,1,information extraction,visible_reference_present,pending_source_scope_review,False
p13,train,p13_conv_11,2,temporal reasoning,visible_reference_present,pending_source_scope_review,False
p13,train,p13_conv_11,3,temporal reasoning,visible_reference_present,pending_source_scope_review,False
p13,train,p13_conv_11,4,conflict detection,visible_reference_present,pending_source_scope_review,False
p13,train,p13_conv_11,5,user modeling,visible_reference_present,pending_source_scope_review,False
p13,train,esc1198,1,information extraction,visible_reference_present,pending_source_scope_review,False
p13,train,esc1198,2,temporal reasoning,visible_reference_present,pending_source_scope_review,False
p13,train,esc1198,3,conflict detection,visible_reference_present,pending_source_scope_review,False
p13,train,esc1198,4,abstention,no_evidence,pending_source_scope_review,False
p13,train,esc1198,5,user modeling,visible_reference_present,pending_source_scope_review,False
p13,train,p13_conv_12,1,information extraction,visible_reference_present,pending_source_scope_review,False
p13,train,p13_conv_12,2,temporal reasoning,visible_reference_present,pending_source_scope_review,False
p13,train,p13_conv_12,3,conflict detection,visible_reference_present,pending_source_scope_review,False
p13,train,p13_conv_12,4,user modeling,visible_reference_present,pending_source_scope_review,False
p13,train,p13_conv_12,5,user modeling,visible_reference_present,pending_source_scope_review,False
p13,train,p13_conv_13,1,information extraction,visible_reference_present,pending_source_scope_review,False
p13,train,p13_conv_13,2,information extraction,visible_reference_present,pending_source_scope_review,False
p13,train,p13_conv_13,3,conflict detection,visible_reference_present,pending_source_scope_review,False
p13,train,p13_conv_13,4,abstention,no_evidence,pending_source_scope_review,False
p13,train,p13_conv_13,5,user modeling,visible_reference_present,pending_source_scope_review,False
p13,train,p13_conv_14,1,information extraction,visible_reference_present,pending_source_scope_review,False
p13,train,p13_conv_14,2,user modeling,visible_reference_present,pending_source_scope_review,False
p13,train,p13_conv_14,3,temporal reasoning,visible_reference_present,pending_source_scope_review,False
p13,train,p13_conv_14,4,conflict detection,visible_reference_present,pending_source_scope_review,False
p13,train,p13_conv_14,5,abstention,no_evidence,pending_source_scope_review,False
p13,train,p13_conv_15,1,information extraction,visible_reference_present,pending_source_scope_review,False
p13,train,p13_conv_15,2,temporal reasoning,visible_reference_present,pending_source_scope_review,False
p13,train,p13_conv_15,3,conflict detection,visible_reference_present,pending_source_scope_review,False
p13,train,p13_conv_15,4,user modeling,visible_reference_present,pending_source_scope_review,False
p13,train,p13_conv_15,5,abstention,no_evidence,pending_source_scope_review,False
p13,train,esc27,1,information extraction,visible_reference_present,pending_source_scope_review,False
p13,train,esc27,2,temporal reasoning,visible_reference_present,pending_source_scope_review,False
p13,train,esc27,3,user modeling,visible_reference_present,pending_source_scope_review,False
p13,train,esc27,4,conflict detection,visible_reference_present,pending_source_scope_review,False
p13,train,esc27,5,abstention,no_evidence,pending_source_scope_review,False
p13,train,p13_conv_16,1,information extraction,visible_reference_present,pending_source_scope_review,False
p13,train,p13_conv_16,2,temporal reasoning,visible_reference_present,pending_source_scope_review,False
p13,train,p13_conv_16,3,conflict detection,visible_reference_present,pending_source_scope_review,False
p13,train,p13_conv_16,4,abstention,no_evidence,pending_source_scope_review,False
p13,train,p13_conv_16,5,user modeling,visible_reference_present,pending_source_scope_review,False
p13,train,p13_conv_17,1,information extraction,visible_reference_present,pending_source_scope_review,False
p13,train,p13_conv_17,2,temporal reasoning,visible_reference_present,pending_source_scope_review,False
p13,train,p13_conv_17,3,conflict detection,visible_reference_present,pending_source_scope_review,False
p13,train,p13_conv_17,4,abstention,visible_reference_present,pending_source_scope_review,False
p13,train,p13_conv_17,5,user modeling,visible_reference_present,pending_source_scope_review,False
p13,train,p13_conv_18,1,temporal reasoning,visible_reference_present,pending_source_scope_review,False
p13,train,p13_conv_18,2,information extraction,visible_reference_present,pending_source_scope_review,False
p13,train,p13_conv_18,3,user modeling,visible_reference_present,pending_source_scope_review,False
p13,train,p13_conv_18,4,user modeling,visible_reference_present,pending_source_scope_review,False
p13,train,p13_conv_18,5,abstention,no_evidence,pending_source_scope_review,False
p13,train,p13_conv_18,6,conflict detection,visible_reference_present,pending_source_scope_review,False
p15,dev,timeline,1,information extraction,visible_reference_present,pending_source_scope_review,False
p15,dev,timeline,2,conflict detection,visible_reference_present,pending_source_scope_review,False
p15,dev,p15_conv_1,1,temporal reasoning,visible_reference_present,pending_source_scope_review,False
p15,dev,p15_conv_1,2,abstention,no_evidence,pending_source_scope_review,False
p15,dev,esc1138,1,temporal reasoning,visible_reference_present,pending_source_scope_review,False
p15,dev,esc1138,2,user modeling,visible_reference_present,pending_source_scope_review,False
p15,dev,esc1006,1,user modeling,visible_reference_present,pending_source_scope_review,False
p15,dev,esc119,1,conflict detection,visible_reference_present,pending_source_scope_review,False
p15,dev,esc119,2,user modeling,visible_reference_present,pending_source_scope_review,False
p15,dev,p15_conv_2,1,information extraction,visible_reference_present,pending_source_scope_review,False
p15,dev,p15_conv_3,1,information extraction,visible_reference_present,pending_source_scope_review,False
p15,dev,p15_conv_3,2,information extraction,visible_reference_present,pending_source_scope_review,False
p15,dev,p15_conv_3,3,abstention,no_evidence,pending_source_scope_review,False
p15,dev,p15_conv_3,4,user modeling,visible_reference_present,pending_source_scope_review,False
p15,dev,p15_conv_5,1,temporal reasoning,visible_reference_present,pending_source_scope_review,False
p15,dev,p15_conv_6,1,information extraction,visible_reference_present,pending_source_scope_review,False
p15,dev,p15_conv_6,2,temporal reasoning,visible_reference_present,pending_source_scope_review,False
p15,dev,p15_conv_6,3,abstention,no_evidence,pending_source_scope_review,False
p15,dev,p15_conv_7,1,temporal reasoning,visible_reference_present,pending_source_scope_review,False
p15,dev,p15_conv_8,1,user modeling,visible_reference_present,pending_source_scope_review,False
p15,dev,p15_conv_9,1,conflict detection,visible_reference_present,pending_source_scope_review,False
p15,dev,p15_conv_10,1,conflict detection,visible_reference_present,pending_source_scope_review,False
p15,dev,p15_conv_10,2,abstention,no_evidence,pending_source_scope_review,False
p15,dev,p15_conv_10,3,user modeling,visible_reference_present,pending_source_scope_review,False
p15,dev,p15_conv_12,1,information extraction,visible_reference_present,pending_source_scope_review,False
p15,dev,p15_conv_12,2,user modeling,visible_reference_present,pending_source_scope_review,False
p15,dev,p15_conv_14,1,temporal reasoning,visible_reference_present,pending_source_scope_review,False
p15,dev,p15_conv_14,2,conflict detection,visible_reference_present,pending_source_scope_review,False
p15,dev,p15_conv_14,3,abstention,no_evidence,pending_source_scope_review,False
p15,dev,esc1263,1,temporal reasoning,visible_reference_present,pending_source_scope_review,False
p15,dev,esc1263,2,abstention,no_evidence,pending_source_scope_review,False
p15,dev,esc1263,3,user modeling,visible_reference_present,pending_source_scope_review,False
p15,dev,p15_conv_15,1,conflict detection,visible_reference_present,pending_source_scope_review,False
p15,dev,p15_conv_15,2,abstention,no_evidence,pending_source_scope_review,False
p15,dev,p15_conv_15,3,user modeling,visible_reference_present,pending_source_scope_review,False
p15,dev,esc86,1,conflict detection,visible_reference_present,pending_source_scope_review,False
p16,train,timeline,1,temporal reasoning,visible_reference_present,pending_source_scope_review,False
p16,train,timeline,2,user modeling,visible_reference_present,pending_source_scope_review,False
p16,train,timeline,3,temporal reasoning,visible_reference_present,pending_source_scope_review,False
p16,train,timeline,4,conflict detection,unresolved_reference,pending_source_scope_review,False
p16,train,timeline,5,conflict detection,unresolved_reference,pending_source_scope_review,False
p16,train,timeline,6,user modeling,unresolved_reference,pending_source_scope_review,False
p16,train,timeline,7,temporal reasoning,unresolved_reference,pending_source_scope_review,False
p16,train,timeline,8,temporal reasoning,unresolved_reference,pending_source_scope_review,False
p16,train,timeline,9,abstention,no_evidence,pending_source_scope_review,False
p16,train,p16_conv_8,1,information extraction,visible_reference_present,pending_source_scope_review,False
p16,train,p16_conv_8,2,abstention,no_evidence,pending_source_scope_review,False
p16,train,p16_conv_8,3,temporal reasoning,visible_reference_present,pending_source_scope_review,False
p16,train,p16_conv_8,4,abstention,no_evidence,pending_source_scope_review,False
p16,train,p16_conv_10,1,information extraction,visible_reference_present,pending_source_scope_review,False
p16,train,p16_conv_10,2,abstention,no_evidence,pending_source_scope_review,False
p16,train,p16_conv_11,1,user modeling,visible_reference_present,pending_source_scope_review,False
p16,train,p16_conv_11,2,abstention,no_evidence,pending_source_scope_review,False
p16,train,p16_conv_11,3,abstention,no_evidence,pending_source_scope_review,False
p16,train,p16_conv_11,4,user modeling,visible_reference_present,pending_source_scope_review,False
p16,train,p16_conv_14,1,information extraction,visible_reference_present,pending_source_scope_review,False
p16,train,p16_conv_14,2,abstention,no_evidence,pending_source_scope_review,False
p16,train,p16_conv_14,3,abstention,no_evidence,pending_source_scope_review,False
p16,train,p16_conv_16,1,information extraction,visible_reference_present,pending_source_scope_review,False
p16,train,p16_conv_16,2,conflict detection,visible_reference_present,pending_source_scope_review,False
p16,train,p16_conv_16,3,conflict detection,visible_reference_present,pending_source_scope_review,False
p16,train,p16_conv_16,4,abstention,no_evidence,pending_source_scope_review,False
p16,train,p16_conv_16,5,user modeling,unresolved_reference,pending_source_scope_review,False
p16,train,p16_conv_18,1,information extraction,visible_reference_present,pending_source_scope_review,False
p16,train,p16_conv_18,2,temporal reasoning,visible_reference_present,pending_source_scope_review,False
p16,train,p16_conv_18,3,conflict detection,visible_reference_present,pending_source_scope_review,False
p16,train,p16_conv_18,4,user modeling,visible_reference_present,pending_source_scope_review,False
p16,train,p16_conv_19,1,information extraction,unresolved_reference,pending_source_scope_review,False
p16,train,p16_conv_19,2,conflict detection,unresolved_reference,pending_source_scope_review,False
p16,train,p16_conv_19,3,abstention,no_evidence,pending_source_scope_review,False
p17,train,timeline,1,information extraction,visible_reference_present,pending_source_scope_review,False
p17,train,timeline,2,temporal reasoning,visible_reference_present,pending_source_scope_review,False
p17,train,timeline,3,conflict detection,visible_reference_present,pending_source_scope_review,False
p17,train,timeline,4,abstention,no_evidence,pending_source_scope_review,False
p17,train,timeline,5,user modeling,visible_reference_present,pending_source_scope_review,False
p17,train,esc85,1,information extraction,visible_reference_present,pending_source_scope_review,False
p17,train,esc85,2,temporal reasoning,visible_reference_present,pending_source_scope_review,False
p17,train,esc85,3,user modeling,visible_reference_present,pending_source_scope_review,False
p17,train,esc215,1,information extraction,visible_reference_present,pending_source_scope_review,False
p17,train,esc215,2,temporal reasoning,visible_reference_present,pending_source_scope_review,False
p17,train,esc215,3,conflict detection,visible_reference_present,pending_source_scope_review,False
p17,train,esc215,4,abstention,no_evidence,pending_source_scope_review,False
p17,train,esc215,5,user modeling,visible_reference_present,pending_source_scope_review,False
p17,train,esc67,1,information extraction,visible_reference_present,pending_source_scope_review,False
p17,train,esc67,2,temporal reasoning,visible_reference_present,pending_source_scope_review,False
p17,train,esc67,3,conflict detection,visible_reference_present,pending_source_scope_review,False
p17,train,esc67,4,abstention,no_evidence,pending_source_scope_review,False
p17,train,esc67,5,user modeling,visible_reference_present,pending_source_scope_review,False
p17,train,esc629,1,temporal reasoning,visible_reference_present,pending_source_scope_review,False
p17,train,esc629,2,conflict detection,visible_reference_present,pending_source_scope_review,False
p17,train,esc629,3,abstention,no_evidence,pending_source_scope_review,False
p17,train,esc629,4,user modeling,visible_reference_present,pending_source_scope_review,False
p17,train,p17_conv_1,1,user modeling,visible_reference_present,pending_source_scope_review,False
p17,train,p17_conv_1,2,conflict detection,visible_reference_present,pending_source_scope_review,False
p17,train,p17_conv_1,3,abstention,no_evidence,pending_source_scope_review,False
p17,train,p17_conv_1,4,user modeling,visible_reference_present,pending_source_scope_review,False
p17,train,esc904,1,temporal reasoning,visible_reference_present,pending_source_scope_review,False
p17,train,esc904,2,conflict detection,visible_reference_present,pending_source_scope_review,False
p17,train,esc904,3,abstention,no_evidence,pending_source_scope_review,False
p17,train,esc904,4,user modeling,visible_reference_present,pending_source_scope_review,False
p17,train,p17_conv_2,1,information extraction,visible_reference_present,pending_source_scope_review,False
p17,train,p17_conv_2,2,temporal reasoning,visible_reference_present,pending_source_scope_review,False
p17,train,p17_conv_2,3,abstention,no_evidence,pending_source_scope_review,False
p17,train,p17_conv_2,4,user modeling,visible_reference_present,pending_source_scope_review,False
p17,train,p17_conv_3,1,information extraction,visible_reference_present,pending_source_scope_review,False
p17,train,p17_conv_3,2,temporal reasoning,visible_reference_present,pending_source_scope_review,False
p17,train,p17_conv_3,3,conflict detection,visible_reference_present,pending_source_scope_review,False
p17,train,p17_conv_3,4,abstention,no_evidence,pending_source_scope_review,False
p17,train,p17_conv_3,5,user modeling,visible_reference_present,pending_source_scope_review,False
p17,train,p17_conv_4,1,information extraction,visible_reference_present,pending_source_scope_review,False
p17,train,p17_conv_4,2,temporal reasoning,visible_reference_present,pending_source_scope_review,False
p17,train,p17_conv_4,3,conflict detection,visible_reference_present,pending_source_scope_review,False
p17,train,p17_conv_4,4,abstention,no_evidence,pending_source_scope_review,False
p17,train,p17_conv_4,5,user modeling,visible_reference_present,pending_source_scope_review,False
p17,train,p17_conv_5,1,information extraction,visible_reference_present,pending_source_scope_review,False
p17,train,p17_conv_5,2,temporal reasoning,visible_reference_present,pending_source_scope_review,False
p17,train,p17_conv_5,3,user modeling,visible_reference_present,pending_source_scope_review,False
p17,train,p17_conv_5,4,user modeling,visible_reference_present,pending_source_scope_review,False
p17,train,p17_conv_5,5,user modeling,visible_reference_present,pending_source_scope_review,False
p17,train,p17_conv_5,6,conflict detection,visible_reference_present,pending_source_scope_review,False
p17,train,p17_conv_6,1,information extraction,visible_reference_present,pending_source_scope_review,False
p17,train,p17_conv_6,2,temporal reasoning,visible_reference_present,pending_source_scope_review,False
p17,train,p17_conv_6,3,user modeling,visible_reference_present,pending_source_scope_review,False
p17,train,p17_conv_6,4,conflict detection,visible_reference_present,pending_source_scope_review,False
p17,train,p17_conv_6,5,abstention,no_evidence,pending_source_scope_review,False
p17,train,p17_conv_6,6,user modeling,visible_reference_present,pending_source_scope_review,False
p17,train,p17_conv_7,1,information extraction,visible_reference_present,pending_source_scope_review,False
p17,train,p17_conv_7,2,conflict detection,visible_reference_present,pending_source_scope_review,False
p17,train,p17_conv_7,3,user modeling,visible_reference_present,pending_source_scope_review,False
p17,train,p17_conv_7,4,abstention,no_evidence,pending_source_scope_review,False
p17,train,p17_conv_8,1,information extraction,visible_reference_present,pending_source_scope_review,False
p17,train,p17_conv_8,2,temporal reasoning,visible_reference_present,pending_source_scope_review,False
p17,train,p17_conv_8,3,conflict detection,visible_reference_present,pending_source_scope_review,False
p17,train,p17_conv_8,4,conflict detection,visible_reference_present,pending_source_scope_review,False
p17,train,p17_conv_8,5,abstention,no_evidence,pending_source_scope_review,False
p17,train,p17_conv_8,6,user modeling,visible_reference_present,pending_source_scope_review,False
p17,train,p17_conv_8,7,user modeling,visible_reference_present,pending_source_scope_review,False
p18,dev,timeline,1,information extraction,visible_reference_present,pending_source_scope_review,False
p18,dev,timeline,2,temporal reasoning,visible_reference_present,pending_source_scope_review,False
p18,dev,timeline,3,temporal reasoning,private_only,pending_source_scope_review,False
p18,dev,timeline,4,conflict detection,visible_reference_present,pending_source_scope_review,False
p18,dev,timeline,5,user modeling,private_only,pending_source_scope_review,False
p18,dev,esc982,1,information extraction,visible_reference_present,pending_source_scope_review,False
p18,dev,esc982,2,temporal reasoning,visible_reference_present,pending_source_scope_review,False
p18,dev,esc982,3,abstention,no_evidence,pending_source_scope_review,False
p18,dev,esc982,4,user modeling,visible_reference_present,pending_source_scope_review,False
p18,dev,esc1252,1,information extraction,visible_reference_present,pending_source_scope_review,False
p18,dev,esc1252,2,temporal reasoning,visible_reference_present,pending_source_scope_review,False
p18,dev,esc1252,3,conflict detection,visible_reference_present,pending_source_scope_review,False
p18,dev,esc1252,4,user modeling,visible_reference_present,pending_source_scope_review,False
p18,dev,p18_conv_1,1,information extraction,visible_reference_present,pending_source_scope_review,False
p18,dev,p18_conv_1,2,information extraction,visible_reference_present,pending_source_scope_review,False
p18,dev,p18_conv_1,3,temporal reasoning,visible_reference_present,pending_source_scope_review,False
p18,dev,p18_conv_1,4,user modeling,visible_reference_present,pending_source_scope_review,False
p18,dev,p18_conv_1,5,abstention,no_evidence,pending_source_scope_review,False
p18,dev,p18_conv_1,6,conflict detection,no_evidence,pending_source_scope_review,False
p18,dev,p18_conv_2,1,information extraction,visible_reference_present,pending_source_scope_review,False
p18,dev,p18_conv_2,2,temporal reasoning,visible_reference_present,pending_source_scope_review,False
p18,dev,p18_conv_2,3,conflict detection,visible_reference_present,pending_source_scope_review,False
p18,dev,p18_conv_2,4,abstention,no_evidence,pending_source_scope_review,False
p18,dev,p18_conv_2,5,user modeling,visible_reference_present,pending_source_scope_review,False
p18,dev,esc552,1,information extraction,visible_reference_present,pending_source_scope_review,False
p18,dev,esc552,2,temporal reasoning,visible_reference_present,pending_source_scope_review,False
p18,dev,esc552,3,conflict detection,visible_reference_present,pending_source_scope_review,False
p18,dev,esc552,4,user modeling,visible_reference_present,pending_source_scope_review,False
p18,dev,esc1198,1,information extraction,visible_reference_present,pending_source_scope_review,False
p18,dev,esc1198,2,conflict detection,visible_reference_present,pending_source_scope_review,False
p18,dev,esc1198,3,abstention,no_evidence,pending_source_scope_review,False
p18,dev,esc1198,4,user modeling,visible_reference_present,pending_source_scope_review,False
p18,dev,p18_conv_3,1,information extraction,visible_reference_present,pending_source_scope_review,False
p18,dev,p18_conv_3,2,temporal reasoning,visible_reference_present,pending_source_scope_review,False
p18,dev,p18_conv_3,3,conflict detection,visible_reference_present,pending_source_scope_review,False
p18,dev,p18_conv_3,4,user modeling,visible_reference_present,pending_source_scope_review,False
p18,dev,p18_conv_4,1,information extraction,visible_reference_present,pending_source_scope_review,False
p18,dev,p18_conv_4,2,temporal reasoning,visible_reference_present,pending_source_scope_review,False
p18,dev,p18_conv_4,3,temporal reasoning,visible_reference_present,pending_source_scope_review,False
p18,dev,p18_conv_4,4,conflict detection,visible_reference_present,pending_source_scope_review,False
p18,dev,p18_conv_4,5,abstention,no_evidence,pending_source_scope_review,False
p18,dev,p18_conv_4,6,user modeling,visible_reference_present,pending_source_scope_review,False
p18,dev,p18_conv_5,1,information extraction,visible_reference_present,pending_source_scope_review,False
p18,dev,p18_conv_5,2,temporal reasoning,visible_reference_present,pending_source_scope_review,False
p18,dev,p18_conv_5,3,user modeling,visible_reference_present,pending_source_scope_review,False
p18,dev,p18_conv_5,4,abstention,no_evidence,pending_source_scope_review,False
p18,dev,esc326,1,information extraction,visible_reference_present,pending_source_scope_review,False
p18,dev,esc326,2,temporal reasoning,visible_reference_present,pending_source_scope_review,False
p18,dev,esc326,3,conflict detection,visible_reference_present,pending_source_scope_review,False
p18,dev,esc326,4,conflict detection,visible_reference_present,pending_source_scope_review,False
p18,dev,esc326,5,abstention,no_evidence,pending_source_scope_review,False
p18,dev,esc326,6,user modeling,visible_reference_present,pending_source_scope_review,False
p18,dev,p18_conv_6,1,information extraction,visible_reference_present,pending_source_scope_review,False
p18,dev,p18_conv_6,2,temporal reasoning,visible_reference_present,pending_source_scope_review,False
p18,dev,p18_conv_6,3,conflict detection,visible_reference_present,pending_source_scope_review,False
p18,dev,p18_conv_6,4,user modeling,visible_reference_present,pending_source_scope_review,False
p18,dev,p18_conv_7,1,information extraction,visible_reference_present,pending_source_scope_review,False
p18,dev,p18_conv_7,2,temporal reasoning,visible_reference_present,pending_source_scope_review,False
p18,dev,p18_conv_7,3,conflict detection,visible_reference_present,pending_source_scope_review,False
p18,dev,p18_conv_7,4,user modeling,visible_reference_present,pending_source_scope_review,False
p18,dev,p18_conv_8,1,information extraction,visible_reference_present,pending_source_scope_review,False
p18,dev,p18_conv_8,2,temporal reasoning,visible_reference_present,pending_source_scope_review,False
p18,dev,p18_conv_8,3,temporal reasoning,visible_reference_present,pending_source_scope_review,False
p18,dev,p18_conv_8,4,conflict detection,visible_reference_present,pending_source_scope_review,False
p18,dev,p18_conv_8,5,abstention,no_evidence,pending_source_scope_review,False
p18,dev,p18_conv_8,6,user modeling,visible_reference_present,pending_source_scope_review,False
p18,dev,p18_conv_9,1,information extraction,visible_reference_present,pending_source_scope_review,False
p18,dev,p18_conv_9,2,temporal reasoning,visible_reference_present,pending_source_scope_review,False
p18,dev,p18_conv_9,3,conflict detection,visible_reference_present,pending_source_scope_review,False
p18,dev,p18_conv_9,4,abstention,no_evidence,pending_source_scope_review,False
p18,dev,p18_conv_9,5,user modeling,visible_reference_present,pending_source_scope_review,False
